
                            < M A T L A B (R) >
                  Copyright 1984-2025 The MathWorks, Inc.
             R2025b Update 1 (25.2.0.3042426) 64-bit (glnxa64)
                              October 3, 2025

 
To get started, type doc.
For product information, visit www.mathworks.com.
 
>> >> >> 
Nt =

       10000


Grid_Size =

        2048        2048


Om =

    0.9460


g =

   100

>> >> [Warning: The value of local variables may have been changed to match the
globals.  Future versions of MATLAB will require that you declare a variable to
be global before you use that variable.] 
[> In gpe_imt_rk4 (line 2)] 

mu0 =

    3.9894


Rtf =

    4.9612


grid_spacing =

    0.0205    0.0205


Grid_Size =

        2048        2048           1


Norm =

    1.0000


mu =

   3.6407 + 0.0000i

Starting parallel pool (parpool) using the 'Processes' profile ...
Connected to parallel pool with 1 workers.

irt =

    -1

mu0 = 3.6405
Etot0 = 2.521
cput0 = 1.19
mu1 = 3.6403
Etot1 = 2.521
cput1 = 2.34
mu2 = 3.6401
Etot2 = 2.5209
cput2 = 3.5
mu3 = 3.6399
Etot3 = 2.5208
cput3 = 4.65
mu4 = 3.6397
Etot4 = 2.5207
cput4 = 5.82
mu5 = 3.6395
Etot5 = 2.5206
cput5 = 6.98
mu6 = 3.6393
Etot6 = 2.5205
cput6 = 8.14
mu7 = 3.6391
Etot7 = 2.5204
cput7 = 9.3
mu8 = 3.6389
Etot8 = 2.5204
cput8 = 10.45
mu9 = 3.6387
Etot9 = 2.5203
cput9 = 11.59
mu10 = 3.6385
Etot10 = 2.5202
cput10 = 12.75
mu11 = 3.6383
Etot11 = 2.5201
cput11 = 13.91
mu12 = 3.6381
Etot12 = 2.52
cput12 = 15.06
mu13 = 3.6379
Etot13 = 2.5199
cput13 = 16.22
mu14 = 3.6377
Etot14 = 2.5199
cput14 = 17.38
mu15 = 3.6375
Etot15 = 2.5198
cput15 = 18.54
mu16 = 3.6373
Etot16 = 2.5197
cput16 = 19.7
mu17 = 3.6371
Etot17 = 2.5196
cput17 = 20.86
mu18 = 3.6369
Etot18 = 2.5195
cput18 = 22.01
mu19 = 3.6367
Etot19 = 2.5194
cput19 = 23.16
mu20 = 3.6365
Etot20 = 2.5194
cput20 = 24.32
mu21 = 3.6363
Etot21 = 2.5193
cput21 = 25.49
mu22 = 3.6361
Etot22 = 2.5192
cput22 = 26.65
mu23 = 3.6359
Etot23 = 2.5191
cput23 = 27.81
mu24 = 3.6357
Etot24 = 2.519
cput24 = 28.97
mu25 = 3.6355
Etot25 = 2.519
cput25 = 30.13
mu26 = 3.6353
Etot26 = 2.5189
cput26 = 31.28
mu27 = 3.6351
Etot27 = 2.5188
cput27 = 32.43
mu28 = 3.6349
Etot28 = 2.5187
cput28 = 33.59
mu29 = 3.6348
Etot29 = 2.5186
cput29 = 34.73
mu30 = 3.6346
Etot30 = 2.5186
cput30 = 35.88
mu31 = 3.6344
Etot31 = 2.5185
cput31 = 37.04
mu32 = 3.6342
Etot32 = 2.5184
cput32 = 38.18
mu33 = 3.634
Etot33 = 2.5183
cput33 = 39.33
mu34 = 3.6338
Etot34 = 2.5182
cput34 = 40.49
mu35 = 3.6336
Etot35 = 2.5182
cput35 = 41.64
mu36 = 3.6334
Etot36 = 2.5181
cput36 = 42.79
mu37 = 3.6332
Etot37 = 2.518
cput37 = 43.95
mu38 = 3.633
Etot38 = 2.5179
cput38 = 45.1
mu39 = 3.6329
Etot39 = 2.5178
cput39 = 46.26
mu40 = 3.6327
Etot40 = 2.5178
cput40 = 47.42
mu41 = 3.6325
Etot41 = 2.5177
cput41 = 48.58
mu42 = 3.6323
Etot42 = 2.5176
cput42 = 49.75
mu43 = 3.6321
Etot43 = 2.5175
cput43 = 50.92
mu44 = 3.6319
Etot44 = 2.5175
cput44 = 52.09
mu45 = 3.6317
Etot45 = 2.5174
cput45 = 53.25
mu46 = 3.6315
Etot46 = 2.5173
cput46 = 54.41
mu47 = 3.6314
Etot47 = 2.5172
cput47 = 55.56
mu48 = 3.6312
Etot48 = 2.5172
cput48 = 56.71
mu49 = 3.631
Etot49 = 2.5171
cput49 = 57.86
mu50 = 3.6308
Etot50 = 2.517
cput50 = 59.02
mu51 = 3.6306
Etot51 = 2.5169
cput51 = 60.18
mu52 = 3.6304
Etot52 = 2.5168
cput52 = 61.34
mu53 = 3.6303
Etot53 = 2.5168
cput53 = 62.49
mu54 = 3.6301
Etot54 = 2.5167
cput54 = 63.65
mu55 = 3.6299
Etot55 = 2.5166
cput55 = 64.8
mu56 = 3.6297
Etot56 = 2.5165
cput56 = 65.96
mu57 = 3.6295
Etot57 = 2.5165
cput57 = 67.12
mu58 = 3.6294
Etot58 = 2.5164
cput58 = 68.27
mu59 = 3.6292
Etot59 = 2.5163
cput59 = 69.43
mu60 = 3.629
Etot60 = 2.5162
cput60 = 70.6
mu61 = 3.6288
Etot61 = 2.5162
cput61 = 71.76
mu62 = 3.6286
Etot62 = 2.5161
cput62 = 72.92
mu63 = 3.6285
Etot63 = 2.516
cput63 = 74.07
mu64 = 3.6283
Etot64 = 2.516
cput64 = 75.23
mu65 = 3.6281
Etot65 = 2.5159
cput65 = 76.38
mu66 = 3.6279
Etot66 = 2.5158
cput66 = 77.53
mu67 = 3.6277
Etot67 = 2.5157
cput67 = 78.68
mu68 = 3.6276
Etot68 = 2.5157
cput68 = 79.85
mu69 = 3.6274
Etot69 = 2.5156
cput69 = 81.02
mu70 = 3.6272
Etot70 = 2.5155
cput70 = 82.18
mu71 = 3.627
Etot71 = 2.5154
cput71 = 83.33
mu72 = 3.6269
Etot72 = 2.5154
cput72 = 84.49
mu73 = 3.6267
Etot73 = 2.5153
cput73 = 85.65
mu74 = 3.6265
Etot74 = 2.5152
cput74 = 86.8
mu75 = 3.6263
Etot75 = 2.5151
cput75 = 87.97
mu76 = 3.6262
Etot76 = 2.5151
cput76 = 89.13
mu77 = 3.626
Etot77 = 2.515
cput77 = 90.28
mu78 = 3.6258
Etot78 = 2.5149
cput78 = 91.44
mu79 = 3.6256
Etot79 = 2.5149
cput79 = 92.59
mu80 = 3.6255
Etot80 = 2.5148
cput80 = 93.75
mu81 = 3.6253
Etot81 = 2.5147
cput81 = 94.9
mu82 = 3.6251
Etot82 = 2.5146
cput82 = 96.04
mu83 = 3.6249
Etot83 = 2.5146
cput83 = 97.17
mu84 = 3.6248
Etot84 = 2.5145
cput84 = 98.32
mu85 = 3.6246
Etot85 = 2.5144
cput85 = 99.46
mu86 = 3.6244
Etot86 = 2.5144
cput86 = 100.62
mu87 = 3.6243
Etot87 = 2.5143
cput87 = 101.77
mu88 = 3.6241
Etot88 = 2.5142
cput88 = 102.93
mu89 = 3.6239
Etot89 = 2.5142
cput89 = 104.09
mu90 = 3.6237
Etot90 = 2.5141
cput90 = 105.24
mu91 = 3.6236
Etot91 = 2.514
cput91 = 106.39
mu92 = 3.6234
Etot92 = 2.5139
cput92 = 107.55
mu93 = 3.6232
Etot93 = 2.5139
cput93 = 108.7
mu94 = 3.6231
Etot94 = 2.5138
cput94 = 109.85
mu95 = 3.6229
Etot95 = 2.5137
cput95 = 111
mu96 = 3.6227
Etot96 = 2.5137
cput96 = 112.15
mu97 = 3.6226
Etot97 = 2.5136
cput97 = 113.3
mu98 = 3.6224
Etot98 = 2.5135
cput98 = 114.46
mu99 = 3.6222
Etot99 = 2.5135
cput99 = 115.6
mu100 = 3.6221
Etot100 = 2.5134
cput100 = 116.74
mu101 = 3.6219
Etot101 = 2.5133
cput101 = 117.88
mu102 = 3.6217
Etot102 = 2.5133
cput102 = 119.03
mu103 = 3.6216
Etot103 = 2.5132
cput103 = 120.18
mu104 = 3.6214
Etot104 = 2.5131
cput104 = 121.32
mu105 = 3.6212
Etot105 = 2.5131
cput105 = 122.48
mu106 = 3.6211
Etot106 = 2.513
cput106 = 123.63
mu107 = 3.6209
Etot107 = 2.5129
cput107 = 124.78
mu108 = 3.6207
Etot108 = 2.5129
cput108 = 125.93
mu109 = 3.6206
Etot109 = 2.5128
cput109 = 127.09
mu110 = 3.6204
Etot110 = 2.5127
cput110 = 128.24
mu111 = 3.6203
Etot111 = 2.5127
cput111 = 129.4
mu112 = 3.6201
Etot112 = 2.5126
cput112 = 130.56
mu113 = 3.6199
Etot113 = 2.5125
cput113 = 131.7
mu114 = 3.6198
Etot114 = 2.5125
cput114 = 132.86
mu115 = 3.6196
Etot115 = 2.5124
cput115 = 134.02
mu116 = 3.6194
Etot116 = 2.5123
cput116 = 135.18
mu117 = 3.6193
Etot117 = 2.5123
cput117 = 136.31
mu118 = 3.6191
Etot118 = 2.5122
cput118 = 137.45
mu119 = 3.619
Etot119 = 2.5121
cput119 = 138.59
mu120 = 3.6188
Etot120 = 2.5121
cput120 = 139.73
mu121 = 3.6186
Etot121 = 2.512
cput121 = 140.88
mu122 = 3.6185
Etot122 = 2.5119
cput122 = 142.02
mu123 = 3.6183
Etot123 = 2.5119
cput123 = 143.17
mu124 = 3.6182
Etot124 = 2.5118
cput124 = 144.32
mu125 = 3.618
Etot125 = 2.5117
cput125 = 145.47
mu126 = 3.6178
Etot126 = 2.5117
cput126 = 146.56
mu127 = 3.6177
Etot127 = 2.5116
cput127 = 147.65
mu128 = 3.6175
Etot128 = 2.5115
cput128 = 148.74
mu129 = 3.6174
Etot129 = 2.5115
cput129 = 149.83
mu130 = 3.6172
Etot130 = 2.5114
cput130 = 150.92
mu131 = 3.6171
Etot131 = 2.5114
cput131 = 152.01
mu132 = 3.6169
Etot132 = 2.5113
cput132 = 153.1
mu133 = 3.6167
Etot133 = 2.5112
cput133 = 154.18
mu134 = 3.6166
Etot134 = 2.5112
cput134 = 155.26
mu135 = 3.6164
Etot135 = 2.5111
cput135 = 156.34
mu136 = 3.6163
Etot136 = 2.511
cput136 = 157.41
mu137 = 3.6161
Etot137 = 2.511
cput137 = 158.48
mu138 = 3.616
Etot138 = 2.5109
cput138 = 159.56
mu139 = 3.6158
Etot139 = 2.5108
cput139 = 160.65
mu140 = 3.6156
Etot140 = 2.5108
cput140 = 161.74
mu141 = 3.6155
Etot141 = 2.5107
cput141 = 162.81
mu142 = 3.6153
Etot142 = 2.5107
cput142 = 163.9
mu143 = 3.6152
Etot143 = 2.5106
cput143 = 164.99
mu144 = 3.615
Etot144 = 2.5105
cput144 = 166.07
mu145 = 3.6149
Etot145 = 2.5105
cput145 = 167.16
mu146 = 3.6147
Etot146 = 2.5104
cput146 = 168.25
mu147 = 3.6146
Etot147 = 2.5103
cput147 = 169.34
mu148 = 3.6144
Etot148 = 2.5103
cput148 = 170.44
mu149 = 3.6143
Etot149 = 2.5102
cput149 = 171.54
mu150 = 3.6141
Etot150 = 2.5102
cput150 = 172.63
mu151 = 3.614
Etot151 = 2.5101
cput151 = 173.72
mu152 = 3.6138
Etot152 = 2.51
cput152 = 174.82
mu153 = 3.6137
Etot153 = 2.51
cput153 = 175.91
mu154 = 3.6135
Etot154 = 2.5099
cput154 = 177
mu155 = 3.6134
Etot155 = 2.5099
cput155 = 178.09
mu156 = 3.6132
Etot156 = 2.5098
cput156 = 179.19
mu157 = 3.6131
Etot157 = 2.5097
cput157 = 180.29
mu158 = 3.6129
Etot158 = 2.5097
cput158 = 181.4
mu159 = 3.6128
Etot159 = 2.5096
cput159 = 182.49
mu160 = 3.6126
Etot160 = 2.5095
cput160 = 183.6
mu161 = 3.6125
Etot161 = 2.5095
cput161 = 184.7
mu162 = 3.6123
Etot162 = 2.5094
cput162 = 185.79
mu163 = 3.6122
Etot163 = 2.5094
cput163 = 186.88
mu164 = 3.612
Etot164 = 2.5093
cput164 = 187.97
mu165 = 3.6119
Etot165 = 2.5092
cput165 = 189.06
mu166 = 3.6117
Etot166 = 2.5092
cput166 = 190.14
mu167 = 3.6116
Etot167 = 2.5091
cput167 = 191.23
mu168 = 3.6114
Etot168 = 2.5091
cput168 = 192.31
mu169 = 3.6113
Etot169 = 2.509
cput169 = 193.4
mu170 = 3.6111
Etot170 = 2.509
cput170 = 194.49
mu171 = 3.611
Etot171 = 2.5089
cput171 = 195.56
mu172 = 3.6108
Etot172 = 2.5088
cput172 = 196.64
mu173 = 3.6107
Etot173 = 2.5088
cput173 = 197.73
mu174 = 3.6106
Etot174 = 2.5087
cput174 = 198.81
mu175 = 3.6104
Etot175 = 2.5087
cput175 = 199.89
mu176 = 3.6103
Etot176 = 2.5086
cput176 = 201
mu177 = 3.6101
Etot177 = 2.5085
cput177 = 202.1
mu178 = 3.61
Etot178 = 2.5085
cput178 = 203.2
mu179 = 3.6098
Etot179 = 2.5084
cput179 = 204.29
mu180 = 3.6097
Etot180 = 2.5084
cput180 = 205.37
mu181 = 3.6095
Etot181 = 2.5083
cput181 = 206.45
mu182 = 3.6094
Etot182 = 2.5082
cput182 = 207.55
mu183 = 3.6093
Etot183 = 2.5082
cput183 = 208.65
mu184 = 3.6091
Etot184 = 2.5081
cput184 = 209.76
mu185 = 3.609
Etot185 = 2.5081
cput185 = 210.86
mu186 = 3.6088
Etot186 = 2.508
cput186 = 211.95
mu187 = 3.6087
Etot187 = 2.508
cput187 = 213.03
mu188 = 3.6086
Etot188 = 2.5079
cput188 = 214.13
mu189 = 3.6084
Etot189 = 2.5078
cput189 = 215.22
mu190 = 3.6083
Etot190 = 2.5078
cput190 = 216.32
mu191 = 3.6081
Etot191 = 2.5077
cput191 = 217.4
mu192 = 3.608
Etot192 = 2.5077
cput192 = 218.5
mu193 = 3.6078
Etot193 = 2.5076
cput193 = 219.58
mu194 = 3.6077
Etot194 = 2.5076
cput194 = 220.66
mu195 = 3.6076
Etot195 = 2.5075
cput195 = 221.73
mu196 = 3.6074
Etot196 = 2.5074
cput196 = 222.82
mu197 = 3.6073
Etot197 = 2.5074
cput197 = 223.9
mu198 = 3.6071
Etot198 = 2.5073
cput198 = 224.98
mu199 = 3.607
Etot199 = 2.5073
cput199 = 226.06
mu200 = 3.6069
Etot200 = 2.5072
cput200 = 227.13
mu201 = 3.6067
Etot201 = 2.5072
cput201 = 228.2
mu202 = 3.6066
Etot202 = 2.5071
cput202 = 229.28
mu203 = 3.6065
Etot203 = 2.5071
cput203 = 230.35
mu204 = 3.6063
Etot204 = 2.507
cput204 = 231.42
mu205 = 3.6062
Etot205 = 2.5069
cput205 = 232.5
mu206 = 3.606
Etot206 = 2.5069
cput206 = 233.58
mu207 = 3.6059
Etot207 = 2.5068
cput207 = 234.67
mu208 = 3.6058
Etot208 = 2.5068
cput208 = 235.74
mu209 = 3.6056
Etot209 = 2.5067
cput209 = 236.82
mu210 = 3.6055
Etot210 = 2.5067
cput210 = 237.91
mu211 = 3.6054
Etot211 = 2.5066
cput211 = 238.98
mu212 = 3.6052
Etot212 = 2.5066
cput212 = 240.05
mu213 = 3.6051
Etot213 = 2.5065
cput213 = 241.12
mu214 = 3.605
Etot214 = 2.5065
cput214 = 242.21
mu215 = 3.6048
Etot215 = 2.5064
cput215 = 243.29
mu216 = 3.6047
Etot216 = 2.5063
cput216 = 244.37
mu217 = 3.6046
Etot217 = 2.5063
cput217 = 245.44
mu218 = 3.6044
Etot218 = 2.5062
cput218 = 246.5
mu219 = 3.6043
Etot219 = 2.5062
cput219 = 247.57
mu220 = 3.6041
Etot220 = 2.5061
cput220 = 248.65
mu221 = 3.604
Etot221 = 2.5061
cput221 = 249.74
mu222 = 3.6039
Etot222 = 2.506
cput222 = 250.83
mu223 = 3.6037
Etot223 = 2.506
cput223 = 251.92
mu224 = 3.6036
Etot224 = 2.5059
cput224 = 253
mu225 = 3.6035
Etot225 = 2.5059
cput225 = 254.09
mu226 = 3.6034
Etot226 = 2.5058
cput226 = 255.16
mu227 = 3.6032
Etot227 = 2.5057
cput227 = 256.24
mu228 = 3.6031
Etot228 = 2.5057
cput228 = 257.32
mu229 = 3.603
Etot229 = 2.5056
cput229 = 258.41
mu230 = 3.6028
Etot230 = 2.5056
cput230 = 259.49
mu231 = 3.6027
Etot231 = 2.5055
cput231 = 260.57
mu232 = 3.6026
Etot232 = 2.5055
cput232 = 261.66
mu233 = 3.6024
Etot233 = 2.5054
cput233 = 262.76
mu234 = 3.6023
Etot234 = 2.5054
cput234 = 263.84
mu235 = 3.6022
Etot235 = 2.5053
cput235 = 264.92
mu236 = 3.602
Etot236 = 2.5053
cput236 = 266
mu237 = 3.6019
Etot237 = 2.5052
cput237 = 267.09
mu238 = 3.6018
Etot238 = 2.5052
cput238 = 268.18
mu239 = 3.6016
Etot239 = 2.5051
cput239 = 269.26
mu240 = 3.6015
Etot240 = 2.5051
cput240 = 270.36
mu241 = 3.6014
Etot241 = 2.505
cput241 = 271.45
mu242 = 3.6013
Etot242 = 2.505
cput242 = 272.53
mu243 = 3.6011
Etot243 = 2.5049
cput243 = 273.61
mu244 = 3.601
Etot244 = 2.5049
cput244 = 274.69
mu245 = 3.6009
Etot245 = 2.5048
cput245 = 275.77
mu246 = 3.6007
Etot246 = 2.5048
cput246 = 276.85
mu247 = 3.6006
Etot247 = 2.5047
cput247 = 277.93
mu248 = 3.6005
Etot248 = 2.5047
cput248 = 279.03
mu249 = 3.6004
Etot249 = 2.5046
cput249 = 280.1
mu250 = 3.6002
Etot250 = 2.5045
cput250 = 281.19
mu251 = 3.6001
Etot251 = 2.5045
cput251 = 282.28
mu252 = 3.6
Etot252 = 2.5044
cput252 = 283.37
mu253 = 3.5999
Etot253 = 2.5044
cput253 = 284.46
mu254 = 3.5997
Etot254 = 2.5043
cput254 = 285.54
mu255 = 3.5996
Etot255 = 2.5043
cput255 = 286.64
mu256 = 3.5995
Etot256 = 2.5042
cput256 = 287.72
mu257 = 3.5994
Etot257 = 2.5042
cput257 = 288.8
mu258 = 3.5992
Etot258 = 2.5041
cput258 = 289.88
mu259 = 3.5991
Etot259 = 2.5041
cput259 = 290.95
mu260 = 3.599
Etot260 = 2.504
cput260 = 292.03
mu261 = 3.5989
Etot261 = 2.504
cput261 = 293.12
mu262 = 3.5987
Etot262 = 2.5039
cput262 = 294.2
mu263 = 3.5986
Etot263 = 2.5039
cput263 = 295.29
mu264 = 3.5985
Etot264 = 2.5038
cput264 = 296.38
mu265 = 3.5984
Etot265 = 2.5038
cput265 = 297.46
mu266 = 3.5982
Etot266 = 2.5037
cput266 = 298.55
mu267 = 3.5981
Etot267 = 2.5037
cput267 = 299.64
mu268 = 3.598
Etot268 = 2.5036
cput268 = 300.74
mu269 = 3.5979
Etot269 = 2.5036
cput269 = 301.83
mu270 = 3.5977
Etot270 = 2.5035
cput270 = 302.89
mu271 = 3.5976
Etot271 = 2.5035
cput271 = 303.97
mu272 = 3.5975
Etot272 = 2.5034
cput272 = 305.04
mu273 = 3.5974
Etot273 = 2.5034
cput273 = 306.12
mu274 = 3.5973
Etot274 = 2.5033
cput274 = 307.2
mu275 = 3.5971
Etot275 = 2.5033
cput275 = 308.28
mu276 = 3.597
Etot276 = 2.5032
cput276 = 309.37
mu277 = 3.5969
Etot277 = 2.5032
cput277 = 310.45
mu278 = 3.5968
Etot278 = 2.5031
cput278 = 311.53
mu279 = 3.5966
Etot279 = 2.5031
cput279 = 312.63
mu280 = 3.5965
Etot280 = 2.5031
cput280 = 313.72
mu281 = 3.5964
Etot281 = 2.503
cput281 = 314.82
mu282 = 3.5963
Etot282 = 2.503
cput282 = 315.92
mu283 = 3.5962
Etot283 = 2.5029
cput283 = 316.99
mu284 = 3.596
Etot284 = 2.5029
cput284 = 318.06
mu285 = 3.5959
Etot285 = 2.5028
cput285 = 319.13
mu286 = 3.5958
Etot286 = 2.5028
cput286 = 320.2
mu287 = 3.5957
Etot287 = 2.5027
cput287 = 321.3
mu288 = 3.5956
Etot288 = 2.5027
cput288 = 322.39
mu289 = 3.5954
Etot289 = 2.5026
cput289 = 323.46
mu290 = 3.5953
Etot290 = 2.5026
cput290 = 324.54
mu291 = 3.5952
Etot291 = 2.5025
cput291 = 325.62
mu292 = 3.5951
Etot292 = 2.5025
cput292 = 326.7
mu293 = 3.595
Etot293 = 2.5024
cput293 = 327.79
mu294 = 3.5949
Etot294 = 2.5024
cput294 = 328.87
mu295 = 3.5947
Etot295 = 2.5023
cput295 = 329.95
mu296 = 3.5946
Etot296 = 2.5023
cput296 = 331.04
mu297 = 3.5945
Etot297 = 2.5022
cput297 = 332.12
mu298 = 3.5944
Etot298 = 2.5022
cput298 = 333.2
mu299 = 3.5943
Etot299 = 2.5021
cput299 = 334.27
mu300 = 3.5942
Etot300 = 2.5021
cput300 = 335.35
mu301 = 3.594
Etot301 = 2.502
cput301 = 336.43
mu302 = 3.5939
Etot302 = 2.502
cput302 = 337.5
mu303 = 3.5938
Etot303 = 2.502
cput303 = 338.57
mu304 = 3.5937
Etot304 = 2.5019
cput304 = 339.64
mu305 = 3.5936
Etot305 = 2.5019
cput305 = 340.71
mu306 = 3.5935
Etot306 = 2.5018
cput306 = 341.79
mu307 = 3.5933
Etot307 = 2.5018
cput307 = 342.87
mu308 = 3.5932
Etot308 = 2.5017
cput308 = 343.94
mu309 = 3.5931
Etot309 = 2.5017
cput309 = 345.02
mu310 = 3.593
Etot310 = 2.5016
cput310 = 346.09
mu311 = 3.5929
Etot311 = 2.5016
cput311 = 347.17
mu312 = 3.5928
Etot312 = 2.5015
cput312 = 348.25
mu313 = 3.5927
Etot313 = 2.5015
cput313 = 349.33
mu314 = 3.5925
Etot314 = 2.5014
cput314 = 350.4
mu315 = 3.5924
Etot315 = 2.5014
cput315 = 351.5
mu316 = 3.5923
Etot316 = 2.5014
cput316 = 352.59
mu317 = 3.5922
Etot317 = 2.5013
cput317 = 353.68
mu318 = 3.5921
Etot318 = 2.5013
cput318 = 354.77
mu319 = 3.592
Etot319 = 2.5012
cput319 = 355.85
mu320 = 3.5919
Etot320 = 2.5012
cput320 = 356.91
mu321 = 3.5917
Etot321 = 2.5011
cput321 = 357.99
mu322 = 3.5916
Etot322 = 2.5011
cput322 = 359.08
mu323 = 3.5915
Etot323 = 2.501
cput323 = 360.16
mu324 = 3.5914
Etot324 = 2.501
cput324 = 361.24
mu325 = 3.5913
Etot325 = 2.5009
cput325 = 362.32
mu326 = 3.5912
Etot326 = 2.5009
cput326 = 363.41
mu327 = 3.5911
Etot327 = 2.5009
cput327 = 364.49
mu328 = 3.591
Etot328 = 2.5008
cput328 = 365.58
mu329 = 3.5908
Etot329 = 2.5008
cput329 = 366.66
mu330 = 3.5907
Etot330 = 2.5007
cput330 = 367.73
mu331 = 3.5906
Etot331 = 2.5007
cput331 = 368.82
mu332 = 3.5905
Etot332 = 2.5006
cput332 = 369.9
mu333 = 3.5904
Etot333 = 2.5006
cput333 = 370.99
mu334 = 3.5903
Etot334 = 2.5005
cput334 = 372.1
mu335 = 3.5902
Etot335 = 2.5005
cput335 = 373.23
mu336 = 3.5901
Etot336 = 2.5005
cput336 = 374.31
mu337 = 3.59
Etot337 = 2.5004
cput337 = 375.39
mu338 = 3.5899
Etot338 = 2.5004
cput338 = 376.47
mu339 = 3.5897
Etot339 = 2.5003
cput339 = 377.55
mu340 = 3.5896
Etot340 = 2.5003
cput340 = 378.64
mu341 = 3.5895
Etot341 = 2.5002
cput341 = 379.72
mu342 = 3.5894
Etot342 = 2.5002
cput342 = 380.81
mu343 = 3.5893
Etot343 = 2.5001
cput343 = 381.89
mu344 = 3.5892
Etot344 = 2.5001
cput344 = 382.98
mu345 = 3.5891
Etot345 = 2.5001
cput345 = 384.08
mu346 = 3.589
Etot346 = 2.5
cput346 = 385.17
mu347 = 3.5889
Etot347 = 2.5
cput347 = 386.26
mu348 = 3.5888
Etot348 = 2.4999
cput348 = 387.34
mu349 = 3.5887
Etot349 = 2.4999
cput349 = 388.42
mu350 = 3.5886
Etot350 = 2.4998
cput350 = 389.5
mu351 = 3.5884
Etot351 = 2.4998
cput351 = 390.59
mu352 = 3.5883
Etot352 = 2.4998
cput352 = 391.66
mu353 = 3.5882
Etot353 = 2.4997
cput353 = 392.73
mu354 = 3.5881
Etot354 = 2.4997
cput354 = 393.81
mu355 = 3.588
Etot355 = 2.4996
cput355 = 394.89
mu356 = 3.5879
Etot356 = 2.4996
cput356 = 395.96
mu357 = 3.5878
Etot357 = 2.4995
cput357 = 397.04
mu358 = 3.5877
Etot358 = 2.4995
cput358 = 398.12
mu359 = 3.5876
Etot359 = 2.4995
cput359 = 399.21
mu360 = 3.5875
Etot360 = 2.4994
cput360 = 400.28
mu361 = 3.5874
Etot361 = 2.4994
cput361 = 401.38
mu362 = 3.5873
Etot362 = 2.4993
cput362 = 402.48
mu363 = 3.5872
Etot363 = 2.4993
cput363 = 403.55
mu364 = 3.5871
Etot364 = 2.4992
cput364 = 404.63
mu365 = 3.587
Etot365 = 2.4992
cput365 = 405.71
mu366 = 3.5869
Etot366 = 2.4992
cput366 = 406.78
mu367 = 3.5867
Etot367 = 2.4991
cput367 = 407.85
mu368 = 3.5866
Etot368 = 2.4991
cput368 = 408.93
mu369 = 3.5865
Etot369 = 2.499
cput369 = 410
mu370 = 3.5864
Etot370 = 2.499
cput370 = 411.07
mu371 = 3.5863
Etot371 = 2.4989
cput371 = 412.14
mu372 = 3.5862
Etot372 = 2.4989
cput372 = 413.21
mu373 = 3.5861
Etot373 = 2.4989
cput373 = 414.27
mu374 = 3.586
Etot374 = 2.4988
cput374 = 415.34
mu375 = 3.5859
Etot375 = 2.4988
cput375 = 416.42
mu376 = 3.5858
Etot376 = 2.4987
cput376 = 417.5
mu377 = 3.5857
Etot377 = 2.4987
cput377 = 418.58
mu378 = 3.5856
Etot378 = 2.4987
cput378 = 419.65
mu379 = 3.5855
Etot379 = 2.4986
cput379 = 420.73
mu380 = 3.5854
Etot380 = 2.4986
cput380 = 421.81
mu381 = 3.5853
Etot381 = 2.4985
cput381 = 422.87
mu382 = 3.5852
Etot382 = 2.4985
cput382 = 423.95
mu383 = 3.5851
Etot383 = 2.4984
cput383 = 425.04
mu384 = 3.585
Etot384 = 2.4984
cput384 = 426.11
mu385 = 3.5849
Etot385 = 2.4984
cput385 = 427.18
mu386 = 3.5848
Etot386 = 2.4983
cput386 = 428.26
mu387 = 3.5847
Etot387 = 2.4983
cput387 = 429.34
mu388 = 3.5846
Etot388 = 2.4982
cput388 = 430.43
mu389 = 3.5845
Etot389 = 2.4982
cput389 = 431.51
mu390 = 3.5844
Etot390 = 2.4982
cput390 = 432.59
mu391 = 3.5843
Etot391 = 2.4981
cput391 = 433.66
mu392 = 3.5842
Etot392 = 2.4981
cput392 = 434.74
mu393 = 3.5841
Etot393 = 2.498
cput393 = 435.82
mu394 = 3.584
Etot394 = 2.498
cput394 = 436.9
mu395 = 3.5839
Etot395 = 2.498
cput395 = 437.98
mu396 = 3.5838
Etot396 = 2.4979
cput396 = 439.07
mu397 = 3.5837
Etot397 = 2.4979
cput397 = 440.16
mu398 = 3.5836
Etot398 = 2.4978
cput398 = 441.23
mu399 = 3.5835
Etot399 = 2.4978
cput399 = 442.33
mu400 = 3.5834
Etot400 = 2.4978
cput400 = 443.42
mu401 = 3.5833
Etot401 = 2.4977
cput401 = 444.51
mu402 = 3.5832
Etot402 = 2.4977
cput402 = 445.6
mu403 = 3.5831
Etot403 = 2.4976
cput403 = 446.69
mu404 = 3.583
Etot404 = 2.4976
cput404 = 447.78
mu405 = 3.5829
Etot405 = 2.4976
cput405 = 448.86
mu406 = 3.5828
Etot406 = 2.4975
cput406 = 449.94
mu407 = 3.5827
Etot407 = 2.4975
cput407 = 451.03
mu408 = 3.5826
Etot408 = 2.4974
cput408 = 452.12
mu409 = 3.5825
Etot409 = 2.4974
cput409 = 453.21
mu410 = 3.5824
Etot410 = 2.4974
cput410 = 454.28
mu411 = 3.5823
Etot411 = 2.4973
cput411 = 455.35
mu412 = 3.5822
Etot412 = 2.4973
cput412 = 456.43
mu413 = 3.5821
Etot413 = 2.4972
cput413 = 457.5
mu414 = 3.582
Etot414 = 2.4972
cput414 = 458.59
mu415 = 3.5819
Etot415 = 2.4972
cput415 = 459.67
mu416 = 3.5818
Etot416 = 2.4971
cput416 = 460.75
mu417 = 3.5817
Etot417 = 2.4971
cput417 = 461.84
mu418 = 3.5816
Etot418 = 2.497
cput418 = 462.92
mu419 = 3.5815
Etot419 = 2.497
cput419 = 463.99
mu420 = 3.5814
Etot420 = 2.497
cput420 = 465.06
mu421 = 3.5813
Etot421 = 2.4969
cput421 = 466.14
mu422 = 3.5812
Etot422 = 2.4969
cput422 = 467.21
mu423 = 3.5811
Etot423 = 2.4968
cput423 = 468.28
mu424 = 3.581
Etot424 = 2.4968
cput424 = 469.37
mu425 = 3.5809
Etot425 = 2.4968
cput425 = 470.43
mu426 = 3.5809
Etot426 = 2.4967
cput426 = 471.5
mu427 = 3.5808
Etot427 = 2.4967
cput427 = 472.57
mu428 = 3.5807
Etot428 = 2.4967
cput428 = 473.64
mu429 = 3.5806
Etot429 = 2.4966
cput429 = 474.71
mu430 = 3.5805
Etot430 = 2.4966
cput430 = 475.77
mu431 = 3.5804
Etot431 = 2.4965
cput431 = 476.84
mu432 = 3.5803
Etot432 = 2.4965
cput432 = 477.92
mu433 = 3.5802
Etot433 = 2.4965
cput433 = 478.99
mu434 = 3.5801
Etot434 = 2.4964
cput434 = 480.06
mu435 = 3.58
Etot435 = 2.4964
cput435 = 481.12
mu436 = 3.5799
Etot436 = 2.4963
cput436 = 482.18
mu437 = 3.5798
Etot437 = 2.4963
cput437 = 483.26
mu438 = 3.5797
Etot438 = 2.4963
cput438 = 484.33
mu439 = 3.5796
Etot439 = 2.4962
cput439 = 485.41
mu440 = 3.5795
Etot440 = 2.4962
cput440 = 486.49
mu441 = 3.5794
Etot441 = 2.4962
cput441 = 487.58
mu442 = 3.5793
Etot442 = 2.4961
cput442 = 488.66
mu443 = 3.5793
Etot443 = 2.4961
cput443 = 489.75
mu444 = 3.5792
Etot444 = 2.496
cput444 = 490.83
mu445 = 3.5791
Etot445 = 2.496
cput445 = 491.92
mu446 = 3.579
Etot446 = 2.496
cput446 = 493
mu447 = 3.5789
Etot447 = 2.4959
cput447 = 494.09
mu448 = 3.5788
Etot448 = 2.4959
cput448 = 495.17
mu449 = 3.5787
Etot449 = 2.4959
cput449 = 496.25
mu450 = 3.5786
Etot450 = 2.4958
cput450 = 497.34
mu451 = 3.5785
Etot451 = 2.4958
cput451 = 498.41
mu452 = 3.5784
Etot452 = 2.4957
cput452 = 499.49
mu453 = 3.5783
Etot453 = 2.4957
cput453 = 500.57
mu454 = 3.5782
Etot454 = 2.4957
cput454 = 501.65
mu455 = 3.5781
Etot455 = 2.4956
cput455 = 502.73
mu456 = 3.5781
Etot456 = 2.4956
cput456 = 503.81
mu457 = 3.578
Etot457 = 2.4956
cput457 = 504.91
mu458 = 3.5779
Etot458 = 2.4955
cput458 = 505.98
mu459 = 3.5778
Etot459 = 2.4955
cput459 = 507.06
mu460 = 3.5777
Etot460 = 2.4955
cput460 = 508.14
mu461 = 3.5776
Etot461 = 2.4954
cput461 = 509.22
mu462 = 3.5775
Etot462 = 2.4954
cput462 = 510.31
mu463 = 3.5774
Etot463 = 2.4953
cput463 = 511.4
mu464 = 3.5773
Etot464 = 2.4953
cput464 = 512.48
mu465 = 3.5772
Etot465 = 2.4953
cput465 = 513.55
mu466 = 3.5771
Etot466 = 2.4952
cput466 = 514.64
mu467 = 3.5771
Etot467 = 2.4952
cput467 = 515.72
mu468 = 3.577
Etot468 = 2.4952
cput468 = 516.79
mu469 = 3.5769
Etot469 = 2.4951
cput469 = 517.86
mu470 = 3.5768
Etot470 = 2.4951
cput470 = 518.95
mu471 = 3.5767
Etot471 = 2.495
cput471 = 520.03
mu472 = 3.5766
Etot472 = 2.495
cput472 = 521.11
mu473 = 3.5765
Etot473 = 2.495
cput473 = 522.18
mu474 = 3.5764
Etot474 = 2.4949
cput474 = 523.25
mu475 = 3.5763
Etot475 = 2.4949
cput475 = 524.33
mu476 = 3.5763
Etot476 = 2.4949
cput476 = 525.41
mu477 = 3.5762
Etot477 = 2.4948
cput477 = 526.5
mu478 = 3.5761
Etot478 = 2.4948
cput478 = 527.58
mu479 = 3.576
Etot479 = 2.4948
cput479 = 528.66
mu480 = 3.5759
Etot480 = 2.4947
cput480 = 529.75
mu481 = 3.5758
Etot481 = 2.4947
cput481 = 530.83
mu482 = 3.5757
Etot482 = 2.4947
cput482 = 531.92
mu483 = 3.5756
Etot483 = 2.4946
cput483 = 533
mu484 = 3.5756
Etot484 = 2.4946
cput484 = 534.08
mu485 = 3.5755
Etot485 = 2.4945
cput485 = 535.15
mu486 = 3.5754
Etot486 = 2.4945
cput486 = 536.21
mu487 = 3.5753
Etot487 = 2.4945
cput487 = 537.3
mu488 = 3.5752
Etot488 = 2.4944
cput488 = 538.39
mu489 = 3.5751
Etot489 = 2.4944
cput489 = 539.47
mu490 = 3.575
Etot490 = 2.4944
cput490 = 540.53
mu491 = 3.5749
Etot491 = 2.4943
cput491 = 541.6
mu492 = 3.5749
Etot492 = 2.4943
cput492 = 542.68
mu493 = 3.5748
Etot493 = 2.4943
cput493 = 543.75
mu494 = 3.5747
Etot494 = 2.4942
cput494 = 544.82
mu495 = 3.5746
Etot495 = 2.4942
cput495 = 545.91
mu496 = 3.5745
Etot496 = 2.4942
cput496 = 546.99
mu497 = 3.5744
Etot497 = 2.4941
cput497 = 548.07
mu498 = 3.5743
Etot498 = 2.4941
cput498 = 549.15
mu499 = 3.5743
Etot499 = 2.4941
cput499 = 550.22
mu500 = 3.5742
Etot500 = 2.494
cput500 = 551.31
mu501 = 3.5741
Etot501 = 2.494
cput501 = 552.47
mu502 = 3.574
Etot502 = 2.494
cput502 = 553.52
mu503 = 3.5739
Etot503 = 2.4939
cput503 = 554.55
mu504 = 3.5738
Etot504 = 2.4939
cput504 = 555.59
mu505 = 3.5737
Etot505 = 2.4938
cput505 = 556.62
mu506 = 3.5737
Etot506 = 2.4938
cput506 = 557.65
mu507 = 3.5736
Etot507 = 2.4938
cput507 = 558.69
mu508 = 3.5735
Etot508 = 2.4937
cput508 = 559.73
mu509 = 3.5734
Etot509 = 2.4937
cput509 = 560.75
mu510 = 3.5733
Etot510 = 2.4937
cput510 = 561.81
mu511 = 3.5732
Etot511 = 2.4936
cput511 = 562.85
mu512 = 3.5732
Etot512 = 2.4936
cput512 = 563.88
mu513 = 3.5731
Etot513 = 2.4936
cput513 = 564.92
mu514 = 3.573
Etot514 = 2.4935
cput514 = 565.94
mu515 = 3.5729
Etot515 = 2.4935
cput515 = 566.95
mu516 = 3.5728
Etot516 = 2.4935
cput516 = 567.97
mu517 = 3.5727
Etot517 = 2.4934
cput517 = 569
mu518 = 3.5727
Etot518 = 2.4934
cput518 = 570.01
mu519 = 3.5726
Etot519 = 2.4934
cput519 = 571.03
mu520 = 3.5725
Etot520 = 2.4933
cput520 = 572.04
mu521 = 3.5724
Etot521 = 2.4933
cput521 = 573.05
mu522 = 3.5723
Etot522 = 2.4933
cput522 = 574.07
mu523 = 3.5722
Etot523 = 2.4932
cput523 = 575.09
mu524 = 3.5722
Etot524 = 2.4932
cput524 = 576.14
mu525 = 3.5721
Etot525 = 2.4932
cput525 = 577.18
mu526 = 3.572
Etot526 = 2.4931
cput526 = 578.22
mu527 = 3.5719
Etot527 = 2.4931
cput527 = 579.26
mu528 = 3.5718
Etot528 = 2.4931
cput528 = 580.32
mu529 = 3.5718
Etot529 = 2.493
cput529 = 581.37
mu530 = 3.5717
Etot530 = 2.493
cput530 = 582.41
mu531 = 3.5716
Etot531 = 2.493
cput531 = 583.46
mu532 = 3.5715
Etot532 = 2.4929
cput532 = 584.5
mu533 = 3.5714
Etot533 = 2.4929
cput533 = 585.54
mu534 = 3.5713
Etot534 = 2.4929
cput534 = 586.57
mu535 = 3.5713
Etot535 = 2.4928
cput535 = 587.62
mu536 = 3.5712
Etot536 = 2.4928
cput536 = 588.68
mu537 = 3.5711
Etot537 = 2.4928
cput537 = 589.72
mu538 = 3.571
Etot538 = 2.4927
cput538 = 590.76
mu539 = 3.5709
Etot539 = 2.4927
cput539 = 591.8
mu540 = 3.5709
Etot540 = 2.4927
cput540 = 592.85
mu541 = 3.5708
Etot541 = 2.4926
cput541 = 593.89
mu542 = 3.5707
Etot542 = 2.4926
cput542 = 594.92
mu543 = 3.5706
Etot543 = 2.4926
cput543 = 595.96
mu544 = 3.5705
Etot544 = 2.4925
cput544 = 597.01
mu545 = 3.5705
Etot545 = 2.4925
cput545 = 598.05
mu546 = 3.5704
Etot546 = 2.4925
cput546 = 599.08
mu547 = 3.5703
Etot547 = 2.4924
cput547 = 600.12
mu548 = 3.5702
Etot548 = 2.4924
cput548 = 601.17
mu549 = 3.5701
Etot549 = 2.4924
cput549 = 602.21
mu550 = 3.5701
Etot550 = 2.4923
cput550 = 603.24
mu551 = 3.57
Etot551 = 2.4923
cput551 = 604.27
mu552 = 3.5699
Etot552 = 2.4923
cput552 = 605.32
mu553 = 3.5698
Etot553 = 2.4922
cput553 = 606.36
mu554 = 3.5697
Etot554 = 2.4922
cput554 = 607.39
mu555 = 3.5697
Etot555 = 2.4922
cput555 = 608.43
mu556 = 3.5696
Etot556 = 2.4921
cput556 = 609.46
mu557 = 3.5695
Etot557 = 2.4921
cput557 = 610.5
mu558 = 3.5694
Etot558 = 2.4921
cput558 = 611.54
mu559 = 3.5693
Etot559 = 2.4921
cput559 = 612.58
mu560 = 3.5693
Etot560 = 2.492
cput560 = 613.63
mu561 = 3.5692
Etot561 = 2.492
cput561 = 614.67
mu562 = 3.5691
Etot562 = 2.492
cput562 = 615.71
mu563 = 3.569
Etot563 = 2.4919
cput563 = 616.73
mu564 = 3.569
Etot564 = 2.4919
cput564 = 617.76
mu565 = 3.5689
Etot565 = 2.4919
cput565 = 618.8
mu566 = 3.5688
Etot566 = 2.4918
cput566 = 619.83
mu567 = 3.5687
Etot567 = 2.4918
cput567 = 620.86
mu568 = 3.5686
Etot568 = 2.4918
cput568 = 621.9
mu569 = 3.5686
Etot569 = 2.4917
cput569 = 622.93
mu570 = 3.5685
Etot570 = 2.4917
cput570 = 623.95
mu571 = 3.5684
Etot571 = 2.4917
cput571 = 624.99
mu572 = 3.5683
Etot572 = 2.4916
cput572 = 626.04
mu573 = 3.5683
Etot573 = 2.4916
cput573 = 627.07
mu574 = 3.5682
Etot574 = 2.4916
cput574 = 628.09
mu575 = 3.5681
Etot575 = 2.4915
cput575 = 629.13
mu576 = 3.568
Etot576 = 2.4915
cput576 = 630.16
mu577 = 3.568
Etot577 = 2.4915
cput577 = 631.19
mu578 = 3.5679
Etot578 = 2.4915
cput578 = 632.22
mu579 = 3.5678
Etot579 = 2.4914
cput579 = 633.25
mu580 = 3.5677
Etot580 = 2.4914
cput580 = 634.3
mu581 = 3.5677
Etot581 = 2.4914
cput581 = 635.33
mu582 = 3.5676
Etot582 = 2.4913
cput582 = 636.37
mu583 = 3.5675
Etot583 = 2.4913
cput583 = 637.4
mu584 = 3.5674
Etot584 = 2.4913
cput584 = 638.44
mu585 = 3.5674
Etot585 = 2.4912
cput585 = 639.48
mu586 = 3.5673
Etot586 = 2.4912
cput586 = 640.5
mu587 = 3.5672
Etot587 = 2.4912
cput587 = 641.53
mu588 = 3.5671
Etot588 = 2.4911
cput588 = 642.54
mu589 = 3.5671
Etot589 = 2.4911
cput589 = 643.54
mu590 = 3.567
Etot590 = 2.4911
cput590 = 644.55
mu591 = 3.5669
Etot591 = 2.491
cput591 = 645.56
mu592 = 3.5668
Etot592 = 2.491
cput592 = 646.58
mu593 = 3.5668
Etot593 = 2.491
cput593 = 647.59
mu594 = 3.5667
Etot594 = 2.491
cput594 = 648.62
mu595 = 3.5666
Etot595 = 2.4909
cput595 = 649.66
mu596 = 3.5665
Etot596 = 2.4909
cput596 = 650.68
mu597 = 3.5665
Etot597 = 2.4909
cput597 = 651.74
mu598 = 3.5664
Etot598 = 2.4908
cput598 = 652.79
mu599 = 3.5663
Etot599 = 2.4908
cput599 = 653.83
mu600 = 3.5662
Etot600 = 2.4908
cput600 = 654.87
mu601 = 3.5662
Etot601 = 2.4907
cput601 = 655.91
mu602 = 3.5661
Etot602 = 2.4907
cput602 = 656.94
mu603 = 3.566
Etot603 = 2.4907
cput603 = 657.98
mu604 = 3.5659
Etot604 = 2.4907
cput604 = 659.01
mu605 = 3.5659
Etot605 = 2.4906
cput605 = 660.04
mu606 = 3.5658
Etot606 = 2.4906
cput606 = 661.07
mu607 = 3.5657
Etot607 = 2.4906
cput607 = 662.11
mu608 = 3.5656
Etot608 = 2.4905
cput608 = 663.13
mu609 = 3.5656
Etot609 = 2.4905
cput609 = 664.17
mu610 = 3.5655
Etot610 = 2.4905
cput610 = 665.21
mu611 = 3.5654
Etot611 = 2.4904
cput611 = 666.25
mu612 = 3.5654
Etot612 = 2.4904
cput612 = 667.29
mu613 = 3.5653
Etot613 = 2.4904
cput613 = 668.33
mu614 = 3.5652
Etot614 = 2.4904
cput614 = 669.35
mu615 = 3.5651
Etot615 = 2.4903
cput615 = 670.36
mu616 = 3.5651
Etot616 = 2.4903
cput616 = 671.37
mu617 = 3.565
Etot617 = 2.4903
cput617 = 672.38
mu618 = 3.5649
Etot618 = 2.4902
cput618 = 673.41
mu619 = 3.5648
Etot619 = 2.4902
cput619 = 674.44
mu620 = 3.5648
Etot620 = 2.4902
cput620 = 675.47
mu621 = 3.5647
Etot621 = 2.4901
cput621 = 676.49
mu622 = 3.5646
Etot622 = 2.4901
cput622 = 677.53
mu623 = 3.5646
Etot623 = 2.4901
cput623 = 678.55
mu624 = 3.5645
Etot624 = 2.4901
cput624 = 679.57
mu625 = 3.5644
Etot625 = 2.49
cput625 = 680.59
mu626 = 3.5643
Etot626 = 2.49
cput626 = 681.62
mu627 = 3.5643
Etot627 = 2.49
cput627 = 682.63
mu628 = 3.5642
Etot628 = 2.4899
cput628 = 683.66
mu629 = 3.5641
Etot629 = 2.4899
cput629 = 684.68
mu630 = 3.5641
Etot630 = 2.4899
cput630 = 685.7
mu631 = 3.564
Etot631 = 2.4899
cput631 = 686.71
mu632 = 3.5639
Etot632 = 2.4898
cput632 = 687.74
mu633 = 3.5638
Etot633 = 2.4898
cput633 = 688.77
mu634 = 3.5638
Etot634 = 2.4898
cput634 = 689.79
mu635 = 3.5637
Etot635 = 2.4897
cput635 = 690.82
mu636 = 3.5636
Etot636 = 2.4897
cput636 = 691.86
mu637 = 3.5636
Etot637 = 2.4897
cput637 = 692.9
mu638 = 3.5635
Etot638 = 2.4896
cput638 = 693.91
mu639 = 3.5634
Etot639 = 2.4896
cput639 = 694.94
mu640 = 3.5634
Etot640 = 2.4896
cput640 = 695.99
mu641 = 3.5633
Etot641 = 2.4896
cput641 = 697.03
mu642 = 3.5632
Etot642 = 2.4895
cput642 = 698.06
mu643 = 3.5631
Etot643 = 2.4895
cput643 = 699.1
mu644 = 3.5631
Etot644 = 2.4895
cput644 = 700.13
mu645 = 3.563
Etot645 = 2.4894
cput645 = 701.18
mu646 = 3.5629
Etot646 = 2.4894
cput646 = 702.22
mu647 = 3.5629
Etot647 = 2.4894
cput647 = 703.26
mu648 = 3.5628
Etot648 = 2.4894
cput648 = 704.3
mu649 = 3.5627
Etot649 = 2.4893
cput649 = 705.34
mu650 = 3.5627
Etot650 = 2.4893
cput650 = 706.37
mu651 = 3.5626
Etot651 = 2.4893
cput651 = 707.39
mu652 = 3.5625
Etot652 = 2.4892
cput652 = 708.43
mu653 = 3.5625
Etot653 = 2.4892
cput653 = 709.45
mu654 = 3.5624
Etot654 = 2.4892
cput654 = 710.48
mu655 = 3.5623
Etot655 = 2.4892
cput655 = 711.52
mu656 = 3.5623
Etot656 = 2.4891
cput656 = 712.55
mu657 = 3.5622
Etot657 = 2.4891
cput657 = 713.6
mu658 = 3.5621
Etot658 = 2.4891
cput658 = 714.65
mu659 = 3.562
Etot659 = 2.489
cput659 = 715.68
mu660 = 3.562
Etot660 = 2.489
cput660 = 716.71
mu661 = 3.5619
Etot661 = 2.489
cput661 = 717.75
mu662 = 3.5618
Etot662 = 2.489
cput662 = 718.8
mu663 = 3.5618
Etot663 = 2.4889
cput663 = 719.83
mu664 = 3.5617
Etot664 = 2.4889
cput664 = 720.86
mu665 = 3.5616
Etot665 = 2.4889
cput665 = 721.89
mu666 = 3.5616
Etot666 = 2.4889
cput666 = 722.94
mu667 = 3.5615
Etot667 = 2.4888
cput667 = 723.97
mu668 = 3.5614
Etot668 = 2.4888
cput668 = 725
mu669 = 3.5614
Etot669 = 2.4888
cput669 = 726.05
mu670 = 3.5613
Etot670 = 2.4887
cput670 = 727.08
mu671 = 3.5612
Etot671 = 2.4887
cput671 = 728.1
mu672 = 3.5612
Etot672 = 2.4887
cput672 = 729.14
mu673 = 3.5611
Etot673 = 2.4887
cput673 = 730.17
mu674 = 3.561
Etot674 = 2.4886
cput674 = 731.2
mu675 = 3.561
Etot675 = 2.4886
cput675 = 732.23
mu676 = 3.5609
Etot676 = 2.4886
cput676 = 733.27
mu677 = 3.5608
Etot677 = 2.4885
cput677 = 734.3
mu678 = 3.5608
Etot678 = 2.4885
cput678 = 735.33
mu679 = 3.5607
Etot679 = 2.4885
cput679 = 736.37
mu680 = 3.5606
Etot680 = 2.4885
cput680 = 737.4
mu681 = 3.5606
Etot681 = 2.4884
cput681 = 738.42
mu682 = 3.5605
Etot682 = 2.4884
cput682 = 739.43
mu683 = 3.5604
Etot683 = 2.4884
cput683 = 740.44
mu684 = 3.5604
Etot684 = 2.4884
cput684 = 741.46
mu685 = 3.5603
Etot685 = 2.4883
cput685 = 742.47
mu686 = 3.5602
Etot686 = 2.4883
cput686 = 743.49
mu687 = 3.5602
Etot687 = 2.4883
cput687 = 744.51
mu688 = 3.5601
Etot688 = 2.4882
cput688 = 745.53
mu689 = 3.56
Etot689 = 2.4882
cput689 = 746.56
mu690 = 3.56
Etot690 = 2.4882
cput690 = 747.59
mu691 = 3.5599
Etot691 = 2.4882
cput691 = 748.62
mu692 = 3.5598
Etot692 = 2.4881
cput692 = 749.64
mu693 = 3.5598
Etot693 = 2.4881
cput693 = 750.67
mu694 = 3.5597
Etot694 = 2.4881
cput694 = 751.7
mu695 = 3.5597
Etot695 = 2.4881
cput695 = 752.73
mu696 = 3.5596
Etot696 = 2.488
cput696 = 753.75
mu697 = 3.5595
Etot697 = 2.488
cput697 = 754.78
mu698 = 3.5595
Etot698 = 2.488
cput698 = 755.81
mu699 = 3.5594
Etot699 = 2.4879
cput699 = 756.84
mu700 = 3.5593
Etot700 = 2.4879
cput700 = 757.87
mu701 = 3.5593
Etot701 = 2.4879
cput701 = 758.9
mu702 = 3.5592
Etot702 = 2.4879
cput702 = 759.93
mu703 = 3.5591
Etot703 = 2.4878
cput703 = 760.96
mu704 = 3.5591
Etot704 = 2.4878
cput704 = 761.98
mu705 = 3.559
Etot705 = 2.4878
cput705 = 763.02
mu706 = 3.5589
Etot706 = 2.4878
cput706 = 764.04
mu707 = 3.5589
Etot707 = 2.4877
cput707 = 765.06
mu708 = 3.5588
Etot708 = 2.4877
cput708 = 766.09
mu709 = 3.5588
Etot709 = 2.4877
cput709 = 767.12
mu710 = 3.5587
Etot710 = 2.4877
cput710 = 768.15
mu711 = 3.5586
Etot711 = 2.4876
cput711 = 769.17
mu712 = 3.5586
Etot712 = 2.4876
cput712 = 770.18
mu713 = 3.5585
Etot713 = 2.4876
cput713 = 771.2
mu714 = 3.5584
Etot714 = 2.4875
cput714 = 772.22
mu715 = 3.5584
Etot715 = 2.4875
cput715 = 773.24
mu716 = 3.5583
Etot716 = 2.4875
cput716 = 774.27
mu717 = 3.5582
Etot717 = 2.4875
cput717 = 775.29
mu718 = 3.5582
Etot718 = 2.4874
cput718 = 776.3
mu719 = 3.5581
Etot719 = 2.4874
cput719 = 777.32
mu720 = 3.5581
Etot720 = 2.4874
cput720 = 778.35
mu721 = 3.558
Etot721 = 2.4874
cput721 = 779.37
mu722 = 3.5579
Etot722 = 2.4873
cput722 = 780.39
mu723 = 3.5579
Etot723 = 2.4873
cput723 = 781.41
mu724 = 3.5578
Etot724 = 2.4873
cput724 = 782.44
mu725 = 3.5577
Etot725 = 2.4873
cput725 = 783.47
mu726 = 3.5577
Etot726 = 2.4872
cput726 = 784.48
mu727 = 3.5576
Etot727 = 2.4872
cput727 = 785.52
mu728 = 3.5576
Etot728 = 2.4872
cput728 = 786.55
mu729 = 3.5575
Etot729 = 2.4872
cput729 = 787.59
mu730 = 3.5574
Etot730 = 2.4871
cput730 = 788.61
mu731 = 3.5574
Etot731 = 2.4871
cput731 = 789.66
mu732 = 3.5573
Etot732 = 2.4871
cput732 = 790.7
mu733 = 3.5573
Etot733 = 2.4871
cput733 = 791.74
mu734 = 3.5572
Etot734 = 2.487
cput734 = 792.77
mu735 = 3.5571
Etot735 = 2.487
cput735 = 793.8
mu736 = 3.5571
Etot736 = 2.487
cput736 = 794.84
mu737 = 3.557
Etot737 = 2.487
cput737 = 795.87
mu738 = 3.5569
Etot738 = 2.4869
cput738 = 796.9
mu739 = 3.5569
Etot739 = 2.4869
cput739 = 797.94
mu740 = 3.5568
Etot740 = 2.4869
cput740 = 798.97
mu741 = 3.5568
Etot741 = 2.4869
cput741 = 800.02
mu742 = 3.5567
Etot742 = 2.4868
cput742 = 801.06
mu743 = 3.5566
Etot743 = 2.4868
cput743 = 802.09
mu744 = 3.5566
Etot744 = 2.4868
cput744 = 803.12
mu745 = 3.5565
Etot745 = 2.4867
cput745 = 804.13
mu746 = 3.5565
Etot746 = 2.4867
cput746 = 805.14
mu747 = 3.5564
Etot747 = 2.4867
cput747 = 806.17
mu748 = 3.5563
Etot748 = 2.4867
cput748 = 807.19
mu749 = 3.5563
Etot749 = 2.4866
cput749 = 808.2
mu750 = 3.5562
Etot750 = 2.4866
cput750 = 809.21
mu751 = 3.5562
Etot751 = 2.4866
cput751 = 810.25
mu752 = 3.5561
Etot752 = 2.4866
cput752 = 811.3
mu753 = 3.556
Etot753 = 2.4865
cput753 = 812.33
mu754 = 3.556
Etot754 = 2.4865
cput754 = 813.36
mu755 = 3.5559
Etot755 = 2.4865
cput755 = 814.39
mu756 = 3.5559
Etot756 = 2.4865
cput756 = 815.43
mu757 = 3.5558
Etot757 = 2.4864
cput757 = 816.47
mu758 = 3.5557
Etot758 = 2.4864
cput758 = 817.52
mu759 = 3.5557
Etot759 = 2.4864
cput759 = 818.56
mu760 = 3.5556
Etot760 = 2.4864
cput760 = 819.58
mu761 = 3.5556
Etot761 = 2.4863
cput761 = 820.6
mu762 = 3.5555
Etot762 = 2.4863
cput762 = 821.63
mu763 = 3.5554
Etot763 = 2.4863
cput763 = 822.66
mu764 = 3.5554
Etot764 = 2.4863
cput764 = 823.68
mu765 = 3.5553
Etot765 = 2.4862
cput765 = 824.7
mu766 = 3.5553
Etot766 = 2.4862
cput766 = 825.72
mu767 = 3.5552
Etot767 = 2.4862
cput767 = 826.74
mu768 = 3.5551
Etot768 = 2.4862
cput768 = 827.77
mu769 = 3.5551
Etot769 = 2.4861
cput769 = 828.78
mu770 = 3.555
Etot770 = 2.4861
cput770 = 829.82
mu771 = 3.555
Etot771 = 2.4861
cput771 = 830.86
mu772 = 3.5549
Etot772 = 2.4861
cput772 = 831.89
mu773 = 3.5549
Etot773 = 2.486
cput773 = 832.91
mu774 = 3.5548
Etot774 = 2.486
cput774 = 833.94
mu775 = 3.5547
Etot775 = 2.486
cput775 = 834.98
mu776 = 3.5547
Etot776 = 2.486
cput776 = 836
mu777 = 3.5546
Etot777 = 2.486
cput777 = 837.03
mu778 = 3.5546
Etot778 = 2.4859
cput778 = 838.07
mu779 = 3.5545
Etot779 = 2.4859
cput779 = 839.09
mu780 = 3.5544
Etot780 = 2.4859
cput780 = 840.11
mu781 = 3.5544
Etot781 = 2.4859
cput781 = 841.14
mu782 = 3.5543
Etot782 = 2.4858
cput782 = 842.17
mu783 = 3.5543
Etot783 = 2.4858
cput783 = 843.2
mu784 = 3.5542
Etot784 = 2.4858
cput784 = 844.23
mu785 = 3.5542
Etot785 = 2.4858
cput785 = 845.26
mu786 = 3.5541
Etot786 = 2.4857
cput786 = 846.27
mu787 = 3.554
Etot787 = 2.4857
cput787 = 847.3
mu788 = 3.554
Etot788 = 2.4857
cput788 = 848.34
mu789 = 3.5539
Etot789 = 2.4857
cput789 = 849.37
mu790 = 3.5539
Etot790 = 2.4856
cput790 = 850.4
mu791 = 3.5538
Etot791 = 2.4856
cput791 = 851.43
mu792 = 3.5538
Etot792 = 2.4856
cput792 = 852.47
mu793 = 3.5537
Etot793 = 2.4856
cput793 = 853.51
mu794 = 3.5536
Etot794 = 2.4855
cput794 = 854.56
mu795 = 3.5536
Etot795 = 2.4855
cput795 = 855.59
mu796 = 3.5535
Etot796 = 2.4855
cput796 = 856.63
mu797 = 3.5535
Etot797 = 2.4855
cput797 = 857.67
mu798 = 3.5534
Etot798 = 2.4854
cput798 = 858.7
mu799 = 3.5534
Etot799 = 2.4854
cput799 = 859.73
mu800 = 3.5533
Etot800 = 2.4854
cput800 = 860.77
mu801 = 3.5532
Etot801 = 2.4854
cput801 = 861.8
mu802 = 3.5532
Etot802 = 2.4853
cput802 = 862.83
mu803 = 3.5531
Etot803 = 2.4853
cput803 = 863.86
mu804 = 3.5531
Etot804 = 2.4853
cput804 = 864.89
mu805 = 3.553
Etot805 = 2.4853
cput805 = 865.92
mu806 = 3.553
Etot806 = 2.4853
cput806 = 866.95
mu807 = 3.5529
Etot807 = 2.4852
cput807 = 867.98
mu808 = 3.5528
Etot808 = 2.4852
cput808 = 869.03
mu809 = 3.5528
Etot809 = 2.4852
cput809 = 870.07
mu810 = 3.5527
Etot810 = 2.4852
cput810 = 871.11
mu811 = 3.5527
Etot811 = 2.4851
cput811 = 872.13
mu812 = 3.5526
Etot812 = 2.4851
cput812 = 873.14
mu813 = 3.5526
Etot813 = 2.4851
cput813 = 874.17
mu814 = 3.5525
Etot814 = 2.4851
cput814 = 875.19
mu815 = 3.5525
Etot815 = 2.485
cput815 = 876.2
mu816 = 3.5524
Etot816 = 2.485
cput816 = 877.22
mu817 = 3.5523
Etot817 = 2.485
cput817 = 878.25
mu818 = 3.5523
Etot818 = 2.485
cput818 = 879.28
mu819 = 3.5522
Etot819 = 2.4849
cput819 = 880.3
mu820 = 3.5522
Etot820 = 2.4849
cput820 = 881.33
mu821 = 3.5521
Etot821 = 2.4849
cput821 = 882.38
mu822 = 3.5521
Etot822 = 2.4849
cput822 = 883.42
mu823 = 3.552
Etot823 = 2.4849
cput823 = 884.45
mu824 = 3.552
Etot824 = 2.4848
cput824 = 885.49
mu825 = 3.5519
Etot825 = 2.4848
cput825 = 886.54
mu826 = 3.5519
Etot826 = 2.4848
cput826 = 887.58
mu827 = 3.5518
Etot827 = 2.4848
cput827 = 888.63
mu828 = 3.5517
Etot828 = 2.4847
cput828 = 889.68
mu829 = 3.5517
Etot829 = 2.4847
cput829 = 890.72
mu830 = 3.5516
Etot830 = 2.4847
cput830 = 891.76
mu831 = 3.5516
Etot831 = 2.4847
cput831 = 892.8
mu832 = 3.5515
Etot832 = 2.4846
cput832 = 893.84
mu833 = 3.5515
Etot833 = 2.4846
cput833 = 894.88
mu834 = 3.5514
Etot834 = 2.4846
cput834 = 895.92
mu835 = 3.5514
Etot835 = 2.4846
cput835 = 896.96
mu836 = 3.5513
Etot836 = 2.4846
cput836 = 898
mu837 = 3.5513
Etot837 = 2.4845
cput837 = 899.02
mu838 = 3.5512
Etot838 = 2.4845
cput838 = 900.05
mu839 = 3.5511
Etot839 = 2.4845
cput839 = 901.08
mu840 = 3.5511
Etot840 = 2.4845
cput840 = 902.11
mu841 = 3.551
Etot841 = 2.4844
cput841 = 903.14
mu842 = 3.551
Etot842 = 2.4844
cput842 = 904.17
mu843 = 3.5509
Etot843 = 2.4844
cput843 = 905.21
mu844 = 3.5509
Etot844 = 2.4844
cput844 = 906.25
mu845 = 3.5508
Etot845 = 2.4844
cput845 = 907.28
mu846 = 3.5508
Etot846 = 2.4843
cput846 = 908.32
mu847 = 3.5507
Etot847 = 2.4843
cput847 = 909.36
mu848 = 3.5507
Etot848 = 2.4843
cput848 = 910.41
mu849 = 3.5506
Etot849 = 2.4843
cput849 = 911.45
mu850 = 3.5506
Etot850 = 2.4842
cput850 = 912.48
mu851 = 3.5505
Etot851 = 2.4842
cput851 = 913.51
mu852 = 3.5505
Etot852 = 2.4842
cput852 = 914.56
mu853 = 3.5504
Etot853 = 2.4842
cput853 = 915.6
mu854 = 3.5503
Etot854 = 2.4842
cput854 = 916.63
mu855 = 3.5503
Etot855 = 2.4841
cput855 = 917.67
mu856 = 3.5502
Etot856 = 2.4841
cput856 = 918.69
mu857 = 3.5502
Etot857 = 2.4841
cput857 = 919.71
mu858 = 3.5501
Etot858 = 2.4841
cput858 = 920.75
mu859 = 3.5501
Etot859 = 2.484
cput859 = 921.78
mu860 = 3.55
Etot860 = 2.484
cput860 = 922.8
mu861 = 3.55
Etot861 = 2.484
cput861 = 923.83
mu862 = 3.5499
Etot862 = 2.484
cput862 = 924.86
mu863 = 3.5499
Etot863 = 2.484
cput863 = 925.89
mu864 = 3.5498
Etot864 = 2.4839
cput864 = 926.92
mu865 = 3.5498
Etot865 = 2.4839
cput865 = 927.95
mu866 = 3.5497
Etot866 = 2.4839
cput866 = 928.98
mu867 = 3.5497
Etot867 = 2.4839
cput867 = 930.01
mu868 = 3.5496
Etot868 = 2.4838
cput868 = 931.05
mu869 = 3.5496
Etot869 = 2.4838
cput869 = 932.08
mu870 = 3.5495
Etot870 = 2.4838
cput870 = 933.11
mu871 = 3.5495
Etot871 = 2.4838
cput871 = 934.14
mu872 = 3.5494
Etot872 = 2.4838
cput872 = 935.18
mu873 = 3.5494
Etot873 = 2.4837
cput873 = 936.22
mu874 = 3.5493
Etot874 = 2.4837
cput874 = 937.25
mu875 = 3.5493
Etot875 = 2.4837
cput875 = 938.28
mu876 = 3.5492
Etot876 = 2.4837
cput876 = 939.32
mu877 = 3.5492
Etot877 = 2.4836
cput877 = 940.36
mu878 = 3.5491
Etot878 = 2.4836
cput878 = 941.39
mu879 = 3.549
Etot879 = 2.4836
cput879 = 942.43
mu880 = 3.549
Etot880 = 2.4836
cput880 = 943.47
mu881 = 3.5489
Etot881 = 2.4836
cput881 = 944.51
mu882 = 3.5489
Etot882 = 2.4835
cput882 = 945.54
mu883 = 3.5488
Etot883 = 2.4835
cput883 = 946.58
mu884 = 3.5488
Etot884 = 2.4835
cput884 = 947.62
mu885 = 3.5487
Etot885 = 2.4835
cput885 = 948.66
mu886 = 3.5487
Etot886 = 2.4834
cput886 = 949.68
mu887 = 3.5486
Etot887 = 2.4834
cput887 = 950.72
mu888 = 3.5486
Etot888 = 2.4834
cput888 = 951.75
mu889 = 3.5485
Etot889 = 2.4834
cput889 = 952.78
mu890 = 3.5485
Etot890 = 2.4834
cput890 = 953.81
mu891 = 3.5484
Etot891 = 2.4833
cput891 = 954.84
mu892 = 3.5484
Etot892 = 2.4833
cput892 = 955.87
mu893 = 3.5483
Etot893 = 2.4833
cput893 = 956.91
mu894 = 3.5483
Etot894 = 2.4833
cput894 = 957.95
mu895 = 3.5482
Etot895 = 2.4833
cput895 = 958.97
mu896 = 3.5482
Etot896 = 2.4832
cput896 = 960
mu897 = 3.5481
Etot897 = 2.4832
cput897 = 961.04
mu898 = 3.5481
Etot898 = 2.4832
cput898 = 962.06
mu899 = 3.548
Etot899 = 2.4832
cput899 = 963.09
mu900 = 3.548
Etot900 = 2.4831
cput900 = 964.14
mu901 = 3.5479
Etot901 = 2.4831
cput901 = 965.18
mu902 = 3.5479
Etot902 = 2.4831
cput902 = 966.21
mu903 = 3.5478
Etot903 = 2.4831
cput903 = 967.24
mu904 = 3.5478
Etot904 = 2.4831
cput904 = 968.27
mu905 = 3.5477
Etot905 = 2.483
cput905 = 969.3
mu906 = 3.5477
Etot906 = 2.483
cput906 = 970.33
mu907 = 3.5476
Etot907 = 2.483
cput907 = 971.35
mu908 = 3.5476
Etot908 = 2.483
cput908 = 972.37
mu909 = 3.5475
Etot909 = 2.483
cput909 = 973.38
mu910 = 3.5475
Etot910 = 2.4829
cput910 = 974.4
mu911 = 3.5474
Etot911 = 2.4829
cput911 = 975.41
mu912 = 3.5474
Etot912 = 2.4829
cput912 = 976.42
mu913 = 3.5473
Etot913 = 2.4829
cput913 = 977.44
mu914 = 3.5473
Etot914 = 2.4829
cput914 = 978.47
mu915 = 3.5472
Etot915 = 2.4828
cput915 = 979.5
mu916 = 3.5472
Etot916 = 2.4828
cput916 = 980.52
mu917 = 3.5471
Etot917 = 2.4828
cput917 = 981.56
mu918 = 3.5471
Etot918 = 2.4828
cput918 = 982.59
mu919 = 3.5471
Etot919 = 2.4827
cput919 = 983.61
mu920 = 3.547
Etot920 = 2.4827
cput920 = 984.64
mu921 = 3.547
Etot921 = 2.4827
cput921 = 985.66
mu922 = 3.5469
Etot922 = 2.4827
cput922 = 986.69
mu923 = 3.5469
Etot923 = 2.4827
cput923 = 987.72
mu924 = 3.5468
Etot924 = 2.4826
cput924 = 988.74
mu925 = 3.5468
Etot925 = 2.4826
cput925 = 989.77
mu926 = 3.5467
Etot926 = 2.4826
cput926 = 990.8
mu927 = 3.5467
Etot927 = 2.4826
cput927 = 991.84
mu928 = 3.5466
Etot928 = 2.4826
cput928 = 992.87
mu929 = 3.5466
Etot929 = 2.4825
cput929 = 993.9
mu930 = 3.5465
Etot930 = 2.4825
cput930 = 994.94
mu931 = 3.5465
Etot931 = 2.4825
cput931 = 995.98
mu932 = 3.5464
Etot932 = 2.4825
cput932 = 997.01
mu933 = 3.5464
Etot933 = 2.4825
cput933 = 998.04
mu934 = 3.5463
Etot934 = 2.4824
cput934 = 999.08
mu935 = 3.5463
Etot935 = 2.4824
cput935 = 1000.12
mu936 = 3.5462
Etot936 = 2.4824
cput936 = 1001.15
mu937 = 3.5462
Etot937 = 2.4824
cput937 = 1002.18
mu938 = 3.5461
Etot938 = 2.4824
cput938 = 1003.22
mu939 = 3.5461
Etot939 = 2.4823
cput939 = 1004.26
mu940 = 3.546
Etot940 = 2.4823
cput940 = 1005.29
mu941 = 3.546
Etot941 = 2.4823
cput941 = 1006.32
mu942 = 3.5459
Etot942 = 2.4823
cput942 = 1007.37
mu943 = 3.5459
Etot943 = 2.4823
cput943 = 1008.39
mu944 = 3.5459
Etot944 = 2.4822
cput944 = 1009.42
mu945 = 3.5458
Etot945 = 2.4822
cput945 = 1010.45
mu946 = 3.5458
Etot946 = 2.4822
cput946 = 1011.5
mu947 = 3.5457
Etot947 = 2.4822
cput947 = 1012.54
mu948 = 3.5457
Etot948 = 2.4822
cput948 = 1013.56
mu949 = 3.5456
Etot949 = 2.4821
cput949 = 1014.58
mu950 = 3.5456
Etot950 = 2.4821
cput950 = 1015.6
mu951 = 3.5455
Etot951 = 2.4821
cput951 = 1016.62
mu952 = 3.5455
Etot952 = 2.4821
cput952 = 1017.64
mu953 = 3.5454
Etot953 = 2.4821
cput953 = 1018.66
mu954 = 3.5454
Etot954 = 2.482
cput954 = 1019.69
mu955 = 3.5453
Etot955 = 2.482
cput955 = 1020.71
mu956 = 3.5453
Etot956 = 2.482
cput956 = 1021.73
mu957 = 3.5452
Etot957 = 2.482
cput957 = 1022.77
mu958 = 3.5452
Etot958 = 2.482
cput958 = 1023.79
mu959 = 3.5451
Etot959 = 2.4819
cput959 = 1024.8
mu960 = 3.5451
Etot960 = 2.4819
cput960 = 1025.81
mu961 = 3.5451
Etot961 = 2.4819
cput961 = 1026.84
mu962 = 3.545
Etot962 = 2.4819
cput962 = 1027.87
mu963 = 3.545
Etot963 = 2.4819
cput963 = 1028.9
mu964 = 3.5449
Etot964 = 2.4818
cput964 = 1029.92
mu965 = 3.5449
Etot965 = 2.4818
cput965 = 1030.95
mu966 = 3.5448
Etot966 = 2.4818
cput966 = 1031.99
mu967 = 3.5448
Etot967 = 2.4818
cput967 = 1033.02
mu968 = 3.5447
Etot968 = 2.4818
cput968 = 1034.05
mu969 = 3.5447
Etot969 = 2.4817
cput969 = 1035.08
mu970 = 3.5446
Etot970 = 2.4817
cput970 = 1036.12
mu971 = 3.5446
Etot971 = 2.4817
cput971 = 1037.15
mu972 = 3.5445
Etot972 = 2.4817
cput972 = 1038.19
mu973 = 3.5445
Etot973 = 2.4817
cput973 = 1039.23
mu974 = 3.5445
Etot974 = 2.4816
cput974 = 1040.27
mu975 = 3.5444
Etot975 = 2.4816
cput975 = 1041.31
mu976 = 3.5444
Etot976 = 2.4816
cput976 = 1042.34
mu977 = 3.5443
Etot977 = 2.4816
cput977 = 1043.39
mu978 = 3.5443
Etot978 = 2.4816
cput978 = 1044.43
mu979 = 3.5442
Etot979 = 2.4815
cput979 = 1045.46
mu980 = 3.5442
Etot980 = 2.4815
cput980 = 1046.49
mu981 = 3.5441
Etot981 = 2.4815
cput981 = 1047.54
mu982 = 3.5441
Etot982 = 2.4815
cput982 = 1048.57
mu983 = 3.544
Etot983 = 2.4815
cput983 = 1049.61
mu984 = 3.544
Etot984 = 2.4814
cput984 = 1050.64
mu985 = 3.544
Etot985 = 2.4814
cput985 = 1051.67
mu986 = 3.5439
Etot986 = 2.4814
cput986 = 1052.71
mu987 = 3.5439
Etot987 = 2.4814
cput987 = 1053.74
mu988 = 3.5438
Etot988 = 2.4814
cput988 = 1054.77
mu989 = 3.5438
Etot989 = 2.4813
cput989 = 1055.8
mu990 = 3.5437
Etot990 = 2.4813
cput990 = 1056.85
mu991 = 3.5437
Etot991 = 2.4813
cput991 = 1057.89
mu992 = 3.5436
Etot992 = 2.4813
cput992 = 1058.9
mu993 = 3.5436
Etot993 = 2.4813
cput993 = 1059.92
mu994 = 3.5436
Etot994 = 2.4812
cput994 = 1060.92
mu995 = 3.5435
Etot995 = 2.4812
cput995 = 1061.94
mu996 = 3.5435
Etot996 = 2.4812
cput996 = 1062.97
mu997 = 3.5434
Etot997 = 2.4812
cput997 = 1064
mu998 = 3.5434
Etot998 = 2.4812
cput998 = 1065.02
mu999 = 3.5433
Etot999 = 2.4812
cput999 = 1066.05
mu1000 = 3.5433
Etot1000 = 2.4811
cput1000 = 1067.08
mu1001 = 3.5432
Etot1001 = 2.4811
cput1001 = 1068.12
mu1002 = 3.5432
Etot1002 = 2.4811
cput1002 = 1069.14
mu1003 = 3.5432
Etot1003 = 2.4811
cput1003 = 1070.23
mu1004 = 3.5431
Etot1004 = 2.4811
cput1004 = 1071.25
mu1005 = 3.5431
Etot1005 = 2.481
cput1005 = 1072.26
mu1006 = 3.543
Etot1006 = 2.481
cput1006 = 1073.27
mu1007 = 3.543
Etot1007 = 2.481
cput1007 = 1074.28
mu1008 = 3.5429
Etot1008 = 2.481
cput1008 = 1075.3
mu1009 = 3.5429
Etot1009 = 2.481
cput1009 = 1076.34
mu1010 = 3.5428
Etot1010 = 2.4809
cput1010 = 1077.38
mu1011 = 3.5428
Etot1011 = 2.4809
cput1011 = 1078.41
mu1012 = 3.5428
Etot1012 = 2.4809
cput1012 = 1079.43
mu1013 = 3.5427
Etot1013 = 2.4809
cput1013 = 1080.46
mu1014 = 3.5427
Etot1014 = 2.4809
cput1014 = 1081.49
mu1015 = 3.5426
Etot1015 = 2.4808
cput1015 = 1082.52
mu1016 = 3.5426
Etot1016 = 2.4808
cput1016 = 1083.55
mu1017 = 3.5425
Etot1017 = 2.4808
cput1017 = 1084.57
mu1018 = 3.5425
Etot1018 = 2.4808
cput1018 = 1085.58
mu1019 = 3.5425
Etot1019 = 2.4808
cput1019 = 1086.61
mu1020 = 3.5424
Etot1020 = 2.4808
cput1020 = 1087.65
mu1021 = 3.5424
Etot1021 = 2.4807
cput1021 = 1088.68
mu1022 = 3.5423
Etot1022 = 2.4807
cput1022 = 1089.7
mu1023 = 3.5423
Etot1023 = 2.4807
cput1023 = 1090.73
mu1024 = 3.5422
Etot1024 = 2.4807
cput1024 = 1091.75
mu1025 = 3.5422
Etot1025 = 2.4807
cput1025 = 1092.76
mu1026 = 3.5422
Etot1026 = 2.4806
cput1026 = 1093.77
mu1027 = 3.5421
Etot1027 = 2.4806
cput1027 = 1094.79
mu1028 = 3.5421
Etot1028 = 2.4806
cput1028 = 1095.83
mu1029 = 3.542
Etot1029 = 2.4806
cput1029 = 1096.83
mu1030 = 3.542
Etot1030 = 2.4806
cput1030 = 1097.85
mu1031 = 3.5419
Etot1031 = 2.4805
cput1031 = 1098.87
mu1032 = 3.5419
Etot1032 = 2.4805
cput1032 = 1099.88
mu1033 = 3.5419
Etot1033 = 2.4805
cput1033 = 1100.9
mu1034 = 3.5418
Etot1034 = 2.4805
cput1034 = 1101.93
mu1035 = 3.5418
Etot1035 = 2.4805
cput1035 = 1102.95
mu1036 = 3.5417
Etot1036 = 2.4805
cput1036 = 1103.97
mu1037 = 3.5417
Etot1037 = 2.4804
cput1037 = 1104.98
mu1038 = 3.5416
Etot1038 = 2.4804
cput1038 = 1106
mu1039 = 3.5416
Etot1039 = 2.4804
cput1039 = 1107.03
mu1040 = 3.5416
Etot1040 = 2.4804
cput1040 = 1108.04
mu1041 = 3.5415
Etot1041 = 2.4804
cput1041 = 1109.05
mu1042 = 3.5415
Etot1042 = 2.4803
cput1042 = 1110.07
mu1043 = 3.5414
Etot1043 = 2.4803
cput1043 = 1111.09
mu1044 = 3.5414
Etot1044 = 2.4803
cput1044 = 1112.12
mu1045 = 3.5413
Etot1045 = 2.4803
cput1045 = 1113.14
mu1046 = 3.5413
Etot1046 = 2.4803
cput1046 = 1114.16
mu1047 = 3.5413
Etot1047 = 2.4803
cput1047 = 1115.17
mu1048 = 3.5412
Etot1048 = 2.4802
cput1048 = 1116.19
mu1049 = 3.5412
Etot1049 = 2.4802
cput1049 = 1117.22
mu1050 = 3.5411
Etot1050 = 2.4802
cput1050 = 1118.24
mu1051 = 3.5411
Etot1051 = 2.4802
cput1051 = 1119.27
mu1052 = 3.5411
Etot1052 = 2.4802
cput1052 = 1120.3
mu1053 = 3.541
Etot1053 = 2.4801
cput1053 = 1121.32
mu1054 = 3.541
Etot1054 = 2.4801
cput1054 = 1122.34
mu1055 = 3.5409
Etot1055 = 2.4801
cput1055 = 1123.35
mu1056 = 3.5409
Etot1056 = 2.4801
cput1056 = 1124.36
mu1057 = 3.5408
Etot1057 = 2.4801
cput1057 = 1125.39
mu1058 = 3.5408
Etot1058 = 2.4801
cput1058 = 1126.4
mu1059 = 3.5408
Etot1059 = 2.48
cput1059 = 1127.42
mu1060 = 3.5407
Etot1060 = 2.48
cput1060 = 1128.45
mu1061 = 3.5407
Etot1061 = 2.48
cput1061 = 1129.47
mu1062 = 3.5406
Etot1062 = 2.48
cput1062 = 1130.49
mu1063 = 3.5406
Etot1063 = 2.48
cput1063 = 1131.51
mu1064 = 3.5406
Etot1064 = 2.4799
cput1064 = 1132.52
mu1065 = 3.5405
Etot1065 = 2.4799
cput1065 = 1133.52
mu1066 = 3.5405
Etot1066 = 2.4799
cput1066 = 1134.53
mu1067 = 3.5404
Etot1067 = 2.4799
cput1067 = 1135.54
mu1068 = 3.5404
Etot1068 = 2.4799
cput1068 = 1136.55
mu1069 = 3.5404
Etot1069 = 2.4799
cput1069 = 1137.57
mu1070 = 3.5403
Etot1070 = 2.4798
cput1070 = 1138.59
mu1071 = 3.5403
Etot1071 = 2.4798
cput1071 = 1139.6
mu1072 = 3.5402
Etot1072 = 2.4798
cput1072 = 1140.6
mu1073 = 3.5402
Etot1073 = 2.4798
cput1073 = 1141.6
mu1074 = 3.5401
Etot1074 = 2.4798
cput1074 = 1142.61
mu1075 = 3.5401
Etot1075 = 2.4798
cput1075 = 1143.61
mu1076 = 3.5401
Etot1076 = 2.4797
cput1076 = 1144.62
mu1077 = 3.54
Etot1077 = 2.4797
cput1077 = 1145.62
mu1078 = 3.54
Etot1078 = 2.4797
cput1078 = 1146.64
mu1079 = 3.5399
Etot1079 = 2.4797
cput1079 = 1147.68
mu1080 = 3.5399
Etot1080 = 2.4797
cput1080 = 1148.7
mu1081 = 3.5399
Etot1081 = 2.4796
cput1081 = 1149.72
mu1082 = 3.5398
Etot1082 = 2.4796
cput1082 = 1150.74
mu1083 = 3.5398
Etot1083 = 2.4796
cput1083 = 1151.76
mu1084 = 3.5397
Etot1084 = 2.4796
cput1084 = 1152.78
mu1085 = 3.5397
Etot1085 = 2.4796
cput1085 = 1153.8
mu1086 = 3.5397
Etot1086 = 2.4796
cput1086 = 1154.82
mu1087 = 3.5396
Etot1087 = 2.4795
cput1087 = 1155.84
mu1088 = 3.5396
Etot1088 = 2.4795
cput1088 = 1156.86
mu1089 = 3.5395
Etot1089 = 2.4795
cput1089 = 1157.89
mu1090 = 3.5395
Etot1090 = 2.4795
cput1090 = 1158.93
mu1091 = 3.5395
Etot1091 = 2.4795
cput1091 = 1159.97
mu1092 = 3.5394
Etot1092 = 2.4795
cput1092 = 1160.99
mu1093 = 3.5394
Etot1093 = 2.4794
cput1093 = 1162.03
mu1094 = 3.5393
Etot1094 = 2.4794
cput1094 = 1163.07
mu1095 = 3.5393
Etot1095 = 2.4794
cput1095 = 1164.11
mu1096 = 3.5393
Etot1096 = 2.4794
cput1096 = 1165.15
mu1097 = 3.5392
Etot1097 = 2.4794
cput1097 = 1166.21
mu1098 = 3.5392
Etot1098 = 2.4793
cput1098 = 1167.24
mu1099 = 3.5391
Etot1099 = 2.4793
cput1099 = 1168.28
mu1100 = 3.5391
Etot1100 = 2.4793
cput1100 = 1169.32
mu1101 = 3.5391
Etot1101 = 2.4793
cput1101 = 1170.35
mu1102 = 3.539
Etot1102 = 2.4793
cput1102 = 1171.39
mu1103 = 3.539
Etot1103 = 2.4793
cput1103 = 1172.43
mu1104 = 3.5389
Etot1104 = 2.4792
cput1104 = 1173.46
mu1105 = 3.5389
Etot1105 = 2.4792
cput1105 = 1174.5
mu1106 = 3.5389
Etot1106 = 2.4792
cput1106 = 1175.53
mu1107 = 3.5388
Etot1107 = 2.4792
cput1107 = 1176.56
mu1108 = 3.5388
Etot1108 = 2.4792
cput1108 = 1177.58
mu1109 = 3.5388
Etot1109 = 2.4792
cput1109 = 1178.59
mu1110 = 3.5387
Etot1110 = 2.4791
cput1110 = 1179.61
mu1111 = 3.5387
Etot1111 = 2.4791
cput1111 = 1180.63
mu1112 = 3.5386
Etot1112 = 2.4791
cput1112 = 1181.64
mu1113 = 3.5386
Etot1113 = 2.4791
cput1113 = 1182.66
mu1114 = 3.5386
Etot1114 = 2.4791
cput1114 = 1183.67
mu1115 = 3.5385
Etot1115 = 2.4791
cput1115 = 1184.69
mu1116 = 3.5385
Etot1116 = 2.479
cput1116 = 1185.71
mu1117 = 3.5384
Etot1117 = 2.479
cput1117 = 1186.73
mu1118 = 3.5384
Etot1118 = 2.479
cput1118 = 1187.76
mu1119 = 3.5384
Etot1119 = 2.479
cput1119 = 1188.79
mu1120 = 3.5383
Etot1120 = 2.479
cput1120 = 1189.82
mu1121 = 3.5383
Etot1121 = 2.479
cput1121 = 1190.85
mu1122 = 3.5382
Etot1122 = 2.4789
cput1122 = 1191.88
mu1123 = 3.5382
Etot1123 = 2.4789
cput1123 = 1192.89
mu1124 = 3.5382
Etot1124 = 2.4789
cput1124 = 1193.92
mu1125 = 3.5381
Etot1125 = 2.4789
cput1125 = 1194.94
mu1126 = 3.5381
Etot1126 = 2.4789
cput1126 = 1195.97
mu1127 = 3.5381
Etot1127 = 2.4789
cput1127 = 1197
mu1128 = 3.538
Etot1128 = 2.4788
cput1128 = 1198.04
mu1129 = 3.538
Etot1129 = 2.4788
cput1129 = 1199.07
mu1130 = 3.5379
Etot1130 = 2.4788
cput1130 = 1200.1
mu1131 = 3.5379
Etot1131 = 2.4788
cput1131 = 1201.12
mu1132 = 3.5379
Etot1132 = 2.4788
cput1132 = 1202.14
mu1133 = 3.5378
Etot1133 = 2.4788
cput1133 = 1203.16
mu1134 = 3.5378
Etot1134 = 2.4787
cput1134 = 1204.16
mu1135 = 3.5377
Etot1135 = 2.4787
cput1135 = 1205.17
mu1136 = 3.5377
Etot1136 = 2.4787
cput1136 = 1206.19
mu1137 = 3.5377
Etot1137 = 2.4787
cput1137 = 1207.21
mu1138 = 3.5376
Etot1138 = 2.4787
cput1138 = 1208.24
mu1139 = 3.5376
Etot1139 = 2.4787
cput1139 = 1209.25
mu1140 = 3.5376
Etot1140 = 2.4786
cput1140 = 1210.27
mu1141 = 3.5375
Etot1141 = 2.4786
cput1141 = 1211.29
mu1142 = 3.5375
Etot1142 = 2.4786
cput1142 = 1212.31
mu1143 = 3.5374
Etot1143 = 2.4786
cput1143 = 1213.32
mu1144 = 3.5374
Etot1144 = 2.4786
cput1144 = 1214.33
mu1145 = 3.5374
Etot1145 = 2.4786
cput1145 = 1215.34
mu1146 = 3.5373
Etot1146 = 2.4785
cput1146 = 1216.34
mu1147 = 3.5373
Etot1147 = 2.4785
cput1147 = 1217.35
mu1148 = 3.5373
Etot1148 = 2.4785
cput1148 = 1218.36
mu1149 = 3.5372
Etot1149 = 2.4785
cput1149 = 1219.37
mu1150 = 3.5372
Etot1150 = 2.4785
cput1150 = 1220.4
mu1151 = 3.5371
Etot1151 = 2.4785
cput1151 = 1221.43
mu1152 = 3.5371
Etot1152 = 2.4784
cput1152 = 1222.44
mu1153 = 3.5371
Etot1153 = 2.4784
cput1153 = 1223.46
mu1154 = 3.537
Etot1154 = 2.4784
cput1154 = 1224.48
mu1155 = 3.537
Etot1155 = 2.4784
cput1155 = 1225.5
mu1156 = 3.537
Etot1156 = 2.4784
cput1156 = 1226.52
mu1157 = 3.5369
Etot1157 = 2.4784
cput1157 = 1227.53
mu1158 = 3.5369
Etot1158 = 2.4783
cput1158 = 1228.56
mu1159 = 3.5368
Etot1159 = 2.4783
cput1159 = 1229.58
mu1160 = 3.5368
Etot1160 = 2.4783
cput1160 = 1230.6
mu1161 = 3.5368
Etot1161 = 2.4783
cput1161 = 1231.63
mu1162 = 3.5367
Etot1162 = 2.4783
cput1162 = 1232.68
mu1163 = 3.5367
Etot1163 = 2.4783
cput1163 = 1233.72
mu1164 = 3.5367
Etot1164 = 2.4782
cput1164 = 1234.74
mu1165 = 3.5366
Etot1165 = 2.4782
cput1165 = 1235.76
mu1166 = 3.5366
Etot1166 = 2.4782
cput1166 = 1236.81
mu1167 = 3.5366
Etot1167 = 2.4782
cput1167 = 1237.84
mu1168 = 3.5365
Etot1168 = 2.4782
cput1168 = 1238.87
mu1169 = 3.5365
Etot1169 = 2.4782
cput1169 = 1239.89
mu1170 = 3.5364
Etot1170 = 2.4781
cput1170 = 1240.94
mu1171 = 3.5364
Etot1171 = 2.4781
cput1171 = 1241.97
mu1172 = 3.5364
Etot1172 = 2.4781
cput1172 = 1243
mu1173 = 3.5363
Etot1173 = 2.4781
cput1173 = 1244.02
mu1174 = 3.5363
Etot1174 = 2.4781
cput1174 = 1245.05
mu1175 = 3.5363
Etot1175 = 2.4781
cput1175 = 1246.08
mu1176 = 3.5362
Etot1176 = 2.4781
cput1176 = 1247.11
mu1177 = 3.5362
Etot1177 = 2.478
cput1177 = 1248.14
mu1178 = 3.5361
Etot1178 = 2.478
cput1178 = 1249.17
mu1179 = 3.5361
Etot1179 = 2.478
cput1179 = 1250.21
mu1180 = 3.5361
Etot1180 = 2.478
cput1180 = 1251.24
mu1181 = 3.536
Etot1181 = 2.478
cput1181 = 1252.28
mu1182 = 3.536
Etot1182 = 2.478
cput1182 = 1253.3
mu1183 = 3.536
Etot1183 = 2.4779
cput1183 = 1254.32
mu1184 = 3.5359
Etot1184 = 2.4779
cput1184 = 1255.35
mu1185 = 3.5359
Etot1185 = 2.4779
cput1185 = 1256.37
mu1186 = 3.5359
Etot1186 = 2.4779
cput1186 = 1257.39
mu1187 = 3.5358
Etot1187 = 2.4779
cput1187 = 1258.42
mu1188 = 3.5358
Etot1188 = 2.4779
cput1188 = 1259.45
mu1189 = 3.5358
Etot1189 = 2.4778
cput1189 = 1260.47
mu1190 = 3.5357
Etot1190 = 2.4778
cput1190 = 1261.5
mu1191 = 3.5357
Etot1191 = 2.4778
cput1191 = 1262.52
mu1192 = 3.5356
Etot1192 = 2.4778
cput1192 = 1263.55
mu1193 = 3.5356
Etot1193 = 2.4778
cput1193 = 1264.59
mu1194 = 3.5356
Etot1194 = 2.4778
cput1194 = 1265.62
mu1195 = 3.5355
Etot1195 = 2.4777
cput1195 = 1266.65
mu1196 = 3.5355
Etot1196 = 2.4777
cput1196 = 1267.66
mu1197 = 3.5355
Etot1197 = 2.4777
cput1197 = 1268.67
mu1198 = 3.5354
Etot1198 = 2.4777
cput1198 = 1269.68
mu1199 = 3.5354
Etot1199 = 2.4777
cput1199 = 1270.68
mu1200 = 3.5354
Etot1200 = 2.4777
cput1200 = 1271.7
mu1201 = 3.5353
Etot1201 = 2.4777
cput1201 = 1272.71
mu1202 = 3.5353
Etot1202 = 2.4776
cput1202 = 1273.74
mu1203 = 3.5353
Etot1203 = 2.4776
cput1203 = 1274.76
mu1204 = 3.5352
Etot1204 = 2.4776
cput1204 = 1275.78
mu1205 = 3.5352
Etot1205 = 2.4776
cput1205 = 1276.79
mu1206 = 3.5351
Etot1206 = 2.4776
cput1206 = 1277.82
mu1207 = 3.5351
Etot1207 = 2.4776
cput1207 = 1278.84
mu1208 = 3.5351
Etot1208 = 2.4775
cput1208 = 1279.86
mu1209 = 3.535
Etot1209 = 2.4775
cput1209 = 1280.89
mu1210 = 3.535
Etot1210 = 2.4775
cput1210 = 1281.91
mu1211 = 3.535
Etot1211 = 2.4775
cput1211 = 1282.94
mu1212 = 3.5349
Etot1212 = 2.4775
cput1212 = 1283.97
mu1213 = 3.5349
Etot1213 = 2.4775
cput1213 = 1285
mu1214 = 3.5349
Etot1214 = 2.4775
cput1214 = 1286.02
mu1215 = 3.5348
Etot1215 = 2.4774
cput1215 = 1287.05
mu1216 = 3.5348
Etot1216 = 2.4774
cput1216 = 1288.08
mu1217 = 3.5348
Etot1217 = 2.4774
cput1217 = 1289.12
mu1218 = 3.5347
Etot1218 = 2.4774
cput1218 = 1290.14
mu1219 = 3.5347
Etot1219 = 2.4774
cput1219 = 1291.18
mu1220 = 3.5347
Etot1220 = 2.4774
cput1220 = 1292.22
mu1221 = 3.5346
Etot1221 = 2.4773
cput1221 = 1293.25
mu1222 = 3.5346
Etot1222 = 2.4773
cput1222 = 1294.29
mu1223 = 3.5346
Etot1223 = 2.4773
cput1223 = 1295.33
mu1224 = 3.5345
Etot1224 = 2.4773
cput1224 = 1296.35
mu1225 = 3.5345
Etot1225 = 2.4773
cput1225 = 1297.37
mu1226 = 3.5344
Etot1226 = 2.4773
cput1226 = 1298.39
mu1227 = 3.5344
Etot1227 = 2.4773
cput1227 = 1299.41
mu1228 = 3.5344
Etot1228 = 2.4772
cput1228 = 1300.42
mu1229 = 3.5343
Etot1229 = 2.4772
cput1229 = 1301.43
mu1230 = 3.5343
Etot1230 = 2.4772
cput1230 = 1302.46
mu1231 = 3.5343
Etot1231 = 2.4772
cput1231 = 1303.48
mu1232 = 3.5342
Etot1232 = 2.4772
cput1232 = 1304.5
mu1233 = 3.5342
Etot1233 = 2.4772
cput1233 = 1305.53
mu1234 = 3.5342
Etot1234 = 2.4771
cput1234 = 1306.55
mu1235 = 3.5341
Etot1235 = 2.4771
cput1235 = 1307.55
mu1236 = 3.5341
Etot1236 = 2.4771
cput1236 = 1308.56
mu1237 = 3.5341
Etot1237 = 2.4771
cput1237 = 1309.58
mu1238 = 3.534
Etot1238 = 2.4771
cput1238 = 1310.6
mu1239 = 3.534
Etot1239 = 2.4771
cput1239 = 1311.62
mu1240 = 3.534
Etot1240 = 2.4771
cput1240 = 1312.66
mu1241 = 3.5339
Etot1241 = 2.477
cput1241 = 1313.7
mu1242 = 3.5339
Etot1242 = 2.477
cput1242 = 1314.72
mu1243 = 3.5339
Etot1243 = 2.477
cput1243 = 1315.74
mu1244 = 3.5338
Etot1244 = 2.477
cput1244 = 1316.77
mu1245 = 3.5338
Etot1245 = 2.477
cput1245 = 1317.8
mu1246 = 3.5338
Etot1246 = 2.477
cput1246 = 1318.83
mu1247 = 3.5337
Etot1247 = 2.477
cput1247 = 1319.85
mu1248 = 3.5337
Etot1248 = 2.4769
cput1248 = 1320.89
mu1249 = 3.5337
Etot1249 = 2.4769
cput1249 = 1321.93
mu1250 = 3.5336
Etot1250 = 2.4769
cput1250 = 1322.93
mu1251 = 3.5336
Etot1251 = 2.4769
cput1251 = 1323.95
mu1252 = 3.5336
Etot1252 = 2.4769
cput1252 = 1324.97
mu1253 = 3.5335
Etot1253 = 2.4769
cput1253 = 1325.98
mu1254 = 3.5335
Etot1254 = 2.4768
cput1254 = 1326.99
mu1255 = 3.5335
Etot1255 = 2.4768
cput1255 = 1328
mu1256 = 3.5334
Etot1256 = 2.4768
cput1256 = 1329.03
mu1257 = 3.5334
Etot1257 = 2.4768
cput1257 = 1330.05
mu1258 = 3.5334
Etot1258 = 2.4768
cput1258 = 1331.07
mu1259 = 3.5333
Etot1259 = 2.4768
cput1259 = 1332.08
mu1260 = 3.5333
Etot1260 = 2.4768
cput1260 = 1333.11
mu1261 = 3.5333
Etot1261 = 2.4767
cput1261 = 1334.13
mu1262 = 3.5332
Etot1262 = 2.4767
cput1262 = 1335.15
mu1263 = 3.5332
Etot1263 = 2.4767
cput1263 = 1336.19
mu1264 = 3.5332
Etot1264 = 2.4767
cput1264 = 1337.21
mu1265 = 3.5331
Etot1265 = 2.4767
cput1265 = 1338.23
mu1266 = 3.5331
Etot1266 = 2.4767
cput1266 = 1339.25
mu1267 = 3.5331
Etot1267 = 2.4767
cput1267 = 1340.27
mu1268 = 3.533
Etot1268 = 2.4766
cput1268 = 1341.29
mu1269 = 3.533
Etot1269 = 2.4766
cput1269 = 1342.3
mu1270 = 3.533
Etot1270 = 2.4766
cput1270 = 1343.34
mu1271 = 3.5329
Etot1271 = 2.4766
cput1271 = 1344.35
mu1272 = 3.5329
Etot1272 = 2.4766
cput1272 = 1345.35
mu1273 = 3.5329
Etot1273 = 2.4766
cput1273 = 1346.37
mu1274 = 3.5328
Etot1274 = 2.4766
cput1274 = 1347.4
mu1275 = 3.5328
Etot1275 = 2.4765
cput1275 = 1348.41
mu1276 = 3.5328
Etot1276 = 2.4765
cput1276 = 1349.41
mu1277 = 3.5327
Etot1277 = 2.4765
cput1277 = 1350.44
mu1278 = 3.5327
Etot1278 = 2.4765
cput1278 = 1351.46
mu1279 = 3.5327
Etot1279 = 2.4765
cput1279 = 1352.49
mu1280 = 3.5326
Etot1280 = 2.4765
cput1280 = 1353.51
mu1281 = 3.5326
Etot1281 = 2.4764
cput1281 = 1354.54
mu1282 = 3.5326
Etot1282 = 2.4764
cput1282 = 1355.57
mu1283 = 3.5325
Etot1283 = 2.4764
cput1283 = 1356.59
mu1284 = 3.5325
Etot1284 = 2.4764
cput1284 = 1357.61
mu1285 = 3.5325
Etot1285 = 2.4764
cput1285 = 1358.64
mu1286 = 3.5324
Etot1286 = 2.4764
cput1286 = 1359.66
mu1287 = 3.5324
Etot1287 = 2.4764
cput1287 = 1360.68
mu1288 = 3.5324
Etot1288 = 2.4763
cput1288 = 1361.72
mu1289 = 3.5323
Etot1289 = 2.4763
cput1289 = 1362.75
mu1290 = 3.5323
Etot1290 = 2.4763
cput1290 = 1363.77
mu1291 = 3.5323
Etot1291 = 2.4763
cput1291 = 1364.8
mu1292 = 3.5322
Etot1292 = 2.4763
cput1292 = 1365.84
mu1293 = 3.5322
Etot1293 = 2.4763
cput1293 = 1366.85
mu1294 = 3.5322
Etot1294 = 2.4763
cput1294 = 1367.87
mu1295 = 3.5321
Etot1295 = 2.4762
cput1295 = 1368.89
mu1296 = 3.5321
Etot1296 = 2.4762
cput1296 = 1369.92
mu1297 = 3.5321
Etot1297 = 2.4762
cput1297 = 1370.93
mu1298 = 3.5321
Etot1298 = 2.4762
cput1298 = 1371.95
mu1299 = 3.532
Etot1299 = 2.4762
cput1299 = 1372.98
mu1300 = 3.532
Etot1300 = 2.4762
cput1300 = 1374
mu1301 = 3.532
Etot1301 = 2.4762
cput1301 = 1375.02
mu1302 = 3.5319
Etot1302 = 2.4761
cput1302 = 1376.04
mu1303 = 3.5319
Etot1303 = 2.4761
cput1303 = 1377.07
mu1304 = 3.5319
Etot1304 = 2.4761
cput1304 = 1378.11
mu1305 = 3.5318
Etot1305 = 2.4761
cput1305 = 1379.13
mu1306 = 3.5318
Etot1306 = 2.4761
cput1306 = 1380.16
mu1307 = 3.5318
Etot1307 = 2.4761
cput1307 = 1381.17
mu1308 = 3.5317
Etot1308 = 2.4761
cput1308 = 1382.19
mu1309 = 3.5317
Etot1309 = 2.476
cput1309 = 1383.22
mu1310 = 3.5317
Etot1310 = 2.476
cput1310 = 1384.25
mu1311 = 3.5316
Etot1311 = 2.476
cput1311 = 1385.28
mu1312 = 3.5316
Etot1312 = 2.476
cput1312 = 1386.32
mu1313 = 3.5316
Etot1313 = 2.476
cput1313 = 1387.34
mu1314 = 3.5315
Etot1314 = 2.476
cput1314 = 1388.37
mu1315 = 3.5315
Etot1315 = 2.476
cput1315 = 1389.39
mu1316 = 3.5315
Etot1316 = 2.4759
cput1316 = 1390.42
mu1317 = 3.5314
Etot1317 = 2.4759
cput1317 = 1391.46
mu1318 = 3.5314
Etot1318 = 2.4759
cput1318 = 1392.49
mu1319 = 3.5314
Etot1319 = 2.4759
cput1319 = 1393.53
mu1320 = 3.5314
Etot1320 = 2.4759
cput1320 = 1394.56
mu1321 = 3.5313
Etot1321 = 2.4759
cput1321 = 1395.6
mu1322 = 3.5313
Etot1322 = 2.4759
cput1322 = 1396.63
mu1323 = 3.5313
Etot1323 = 2.4759
cput1323 = 1397.65
mu1324 = 3.5312
Etot1324 = 2.4758
cput1324 = 1398.67
mu1325 = 3.5312
Etot1325 = 2.4758
cput1325 = 1399.69
mu1326 = 3.5312
Etot1326 = 2.4758
cput1326 = 1400.71
mu1327 = 3.5311
Etot1327 = 2.4758
cput1327 = 1401.74
mu1328 = 3.5311
Etot1328 = 2.4758
cput1328 = 1402.76
mu1329 = 3.5311
Etot1329 = 2.4758
cput1329 = 1403.78
mu1330 = 3.531
Etot1330 = 2.4758
cput1330 = 1404.79
mu1331 = 3.531
Etot1331 = 2.4757
cput1331 = 1405.82
mu1332 = 3.531
Etot1332 = 2.4757
cput1332 = 1406.85
mu1333 = 3.5309
Etot1333 = 2.4757
cput1333 = 1407.88
mu1334 = 3.5309
Etot1334 = 2.4757
cput1334 = 1408.91
mu1335 = 3.5309
Etot1335 = 2.4757
cput1335 = 1409.94
mu1336 = 3.5309
Etot1336 = 2.4757
cput1336 = 1410.98
mu1337 = 3.5308
Etot1337 = 2.4757
cput1337 = 1412
mu1338 = 3.5308
Etot1338 = 2.4756
cput1338 = 1413.02
mu1339 = 3.5308
Etot1339 = 2.4756
cput1339 = 1414.05
mu1340 = 3.5307
Etot1340 = 2.4756
cput1340 = 1415.07
mu1341 = 3.5307
Etot1341 = 2.4756
cput1341 = 1416.1
mu1342 = 3.5307
Etot1342 = 2.4756
cput1342 = 1417.11
mu1343 = 3.5306
Etot1343 = 2.4756
cput1343 = 1418.13
mu1344 = 3.5306
Etot1344 = 2.4756
cput1344 = 1419.15
mu1345 = 3.5306
Etot1345 = 2.4755
cput1345 = 1420.18
mu1346 = 3.5305
Etot1346 = 2.4755
cput1346 = 1421.22
mu1347 = 3.5305
Etot1347 = 2.4755
cput1347 = 1422.25
mu1348 = 3.5305
Etot1348 = 2.4755
cput1348 = 1423.28
mu1349 = 3.5305
Etot1349 = 2.4755
cput1349 = 1424.32
mu1350 = 3.5304
Etot1350 = 2.4755
cput1350 = 1425.34
mu1351 = 3.5304
Etot1351 = 2.4755
cput1351 = 1426.37
mu1352 = 3.5304
Etot1352 = 2.4755
cput1352 = 1427.39
mu1353 = 3.5303
Etot1353 = 2.4754
cput1353 = 1428.39
mu1354 = 3.5303
Etot1354 = 2.4754
cput1354 = 1429.41
mu1355 = 3.5303
Etot1355 = 2.4754
cput1355 = 1430.44
mu1356 = 3.5302
Etot1356 = 2.4754
cput1356 = 1431.46
mu1357 = 3.5302
Etot1357 = 2.4754
cput1357 = 1432.48
mu1358 = 3.5302
Etot1358 = 2.4754
cput1358 = 1433.5
mu1359 = 3.5302
Etot1359 = 2.4754
cput1359 = 1434.53
mu1360 = 3.5301
Etot1360 = 2.4753
cput1360 = 1435.54
mu1361 = 3.5301
Etot1361 = 2.4753
cput1361 = 1436.56
mu1362 = 3.5301
Etot1362 = 2.4753
cput1362 = 1437.58
mu1363 = 3.53
Etot1363 = 2.4753
cput1363 = 1438.61
mu1364 = 3.53
Etot1364 = 2.4753
cput1364 = 1439.64
mu1365 = 3.53
Etot1365 = 2.4753
cput1365 = 1440.67
mu1366 = 3.5299
Etot1366 = 2.4753
cput1366 = 1441.7
mu1367 = 3.5299
Etot1367 = 2.4752
cput1367 = 1442.73
mu1368 = 3.5299
Etot1368 = 2.4752
cput1368 = 1443.75
mu1369 = 3.5299
Etot1369 = 2.4752
cput1369 = 1444.76
mu1370 = 3.5298
Etot1370 = 2.4752
cput1370 = 1445.78
mu1371 = 3.5298
Etot1371 = 2.4752
cput1371 = 1446.8
mu1372 = 3.5298
Etot1372 = 2.4752
cput1372 = 1447.82
mu1373 = 3.5297
Etot1373 = 2.4752
cput1373 = 1448.84
mu1374 = 3.5297
Etot1374 = 2.4752
cput1374 = 1449.87
mu1375 = 3.5297
Etot1375 = 2.4751
cput1375 = 1450.89
mu1376 = 3.5296
Etot1376 = 2.4751
cput1376 = 1451.91
mu1377 = 3.5296
Etot1377 = 2.4751
cput1377 = 1452.93
mu1378 = 3.5296
Etot1378 = 2.4751
cput1378 = 1453.95
mu1379 = 3.5296
Etot1379 = 2.4751
cput1379 = 1454.98
mu1380 = 3.5295
Etot1380 = 2.4751
cput1380 = 1456
mu1381 = 3.5295
Etot1381 = 2.4751
cput1381 = 1457.02
mu1382 = 3.5295
Etot1382 = 2.475
cput1382 = 1458.04
mu1383 = 3.5294
Etot1383 = 2.475
cput1383 = 1459.06
mu1384 = 3.5294
Etot1384 = 2.475
cput1384 = 1460.09
mu1385 = 3.5294
Etot1385 = 2.475
cput1385 = 1461.13
mu1386 = 3.5293
Etot1386 = 2.475
cput1386 = 1462.16
mu1387 = 3.5293
Etot1387 = 2.475
cput1387 = 1463.18
mu1388 = 3.5293
Etot1388 = 2.475
cput1388 = 1464.2
mu1389 = 3.5293
Etot1389 = 2.475
cput1389 = 1465.23
mu1390 = 3.5292
Etot1390 = 2.4749
cput1390 = 1466.27
mu1391 = 3.5292
Etot1391 = 2.4749
cput1391 = 1467.3
mu1392 = 3.5292
Etot1392 = 2.4749
cput1392 = 1468.33
mu1393 = 3.5291
Etot1393 = 2.4749
cput1393 = 1469.34
mu1394 = 3.5291
Etot1394 = 2.4749
cput1394 = 1470.36
mu1395 = 3.5291
Etot1395 = 2.4749
cput1395 = 1471.39
mu1396 = 3.5291
Etot1396 = 2.4749
cput1396 = 1472.4
mu1397 = 3.529
Etot1397 = 2.4749
cput1397 = 1473.41
mu1398 = 3.529
Etot1398 = 2.4748
cput1398 = 1474.43
mu1399 = 3.529
Etot1399 = 2.4748
cput1399 = 1475.44
mu1400 = 3.5289
Etot1400 = 2.4748
cput1400 = 1476.45
mu1401 = 3.5289
Etot1401 = 2.4748
cput1401 = 1477.45
mu1402 = 3.5289
Etot1402 = 2.4748
cput1402 = 1478.46
mu1403 = 3.5289
Etot1403 = 2.4748
cput1403 = 1479.5
mu1404 = 3.5288
Etot1404 = 2.4748
cput1404 = 1480.53
mu1405 = 3.5288
Etot1405 = 2.4747
cput1405 = 1481.56
mu1406 = 3.5288
Etot1406 = 2.4747
cput1406 = 1482.59
mu1407 = 3.5287
Etot1407 = 2.4747
cput1407 = 1483.6
mu1408 = 3.5287
Etot1408 = 2.4747
cput1408 = 1484.61
mu1409 = 3.5287
Etot1409 = 2.4747
cput1409 = 1485.63
mu1410 = 3.5286
Etot1410 = 2.4747
cput1410 = 1486.65
mu1411 = 3.5286
Etot1411 = 2.4747
cput1411 = 1487.67
mu1412 = 3.5286
Etot1412 = 2.4747
cput1412 = 1488.69
mu1413 = 3.5286
Etot1413 = 2.4746
cput1413 = 1489.72
mu1414 = 3.5285
Etot1414 = 2.4746
cput1414 = 1490.74
mu1415 = 3.5285
Etot1415 = 2.4746
cput1415 = 1491.77
mu1416 = 3.5285
Etot1416 = 2.4746
cput1416 = 1492.79
mu1417 = 3.5284
Etot1417 = 2.4746
cput1417 = 1493.8
mu1418 = 3.5284
Etot1418 = 2.4746
cput1418 = 1494.83
mu1419 = 3.5284
Etot1419 = 2.4746
cput1419 = 1495.85
mu1420 = 3.5284
Etot1420 = 2.4746
cput1420 = 1496.86
mu1421 = 3.5283
Etot1421 = 2.4745
cput1421 = 1497.88
mu1422 = 3.5283
Etot1422 = 2.4745
cput1422 = 1498.91
mu1423 = 3.5283
Etot1423 = 2.4745
cput1423 = 1499.94
mu1424 = 3.5282
Etot1424 = 2.4745
cput1424 = 1500.96
mu1425 = 3.5282
Etot1425 = 2.4745
cput1425 = 1501.98
mu1426 = 3.5282
Etot1426 = 2.4745
cput1426 = 1503
mu1427 = 3.5282
Etot1427 = 2.4745
cput1427 = 1504.03
mu1428 = 3.5281
Etot1428 = 2.4744
cput1428 = 1505.04
mu1429 = 3.5281
Etot1429 = 2.4744
cput1429 = 1506.06
mu1430 = 3.5281
Etot1430 = 2.4744
cput1430 = 1507.08
mu1431 = 3.528
Etot1431 = 2.4744
cput1431 = 1508.11
mu1432 = 3.528
Etot1432 = 2.4744
cput1432 = 1509.12
mu1433 = 3.528
Etot1433 = 2.4744
cput1433 = 1510.23
mu1434 = 3.528
Etot1434 = 2.4744
cput1434 = 1511.27
mu1435 = 3.5279
Etot1435 = 2.4744
cput1435 = 1512.29
mu1436 = 3.5279
Etot1436 = 2.4743
cput1436 = 1513.33
mu1437 = 3.5279
Etot1437 = 2.4743
cput1437 = 1514.34
mu1438 = 3.5279
Etot1438 = 2.4743
cput1438 = 1515.37
mu1439 = 3.5278
Etot1439 = 2.4743
cput1439 = 1516.4
mu1440 = 3.5278
Etot1440 = 2.4743
cput1440 = 1517.42
mu1441 = 3.5278
Etot1441 = 2.4743
cput1441 = 1518.44
mu1442 = 3.5277
Etot1442 = 2.4743
cput1442 = 1519.48
mu1443 = 3.5277
Etot1443 = 2.4743
cput1443 = 1520.52
mu1444 = 3.5277
Etot1444 = 2.4742
cput1444 = 1521.55
mu1445 = 3.5277
Etot1445 = 2.4742
cput1445 = 1522.57
mu1446 = 3.5276
Etot1446 = 2.4742
cput1446 = 1523.61
mu1447 = 3.5276
Etot1447 = 2.4742
cput1447 = 1524.65
mu1448 = 3.5276
Etot1448 = 2.4742
cput1448 = 1525.69
mu1449 = 3.5275
Etot1449 = 2.4742
cput1449 = 1526.73
mu1450 = 3.5275
Etot1450 = 2.4742
cput1450 = 1527.75
mu1451 = 3.5275
Etot1451 = 2.4742
cput1451 = 1528.78
mu1452 = 3.5275
Etot1452 = 2.4741
cput1452 = 1529.82
mu1453 = 3.5274
Etot1453 = 2.4741
cput1453 = 1530.85
mu1454 = 3.5274
Etot1454 = 2.4741
cput1454 = 1531.89
mu1455 = 3.5274
Etot1455 = 2.4741
cput1455 = 1532.92
mu1456 = 3.5274
Etot1456 = 2.4741
cput1456 = 1533.95
mu1457 = 3.5273
Etot1457 = 2.4741
cput1457 = 1534.97
mu1458 = 3.5273
Etot1458 = 2.4741
cput1458 = 1536
mu1459 = 3.5273
Etot1459 = 2.4741
cput1459 = 1537.03
mu1460 = 3.5272
Etot1460 = 2.474
cput1460 = 1538.06
mu1461 = 3.5272
Etot1461 = 2.474
cput1461 = 1539.1
mu1462 = 3.5272
Etot1462 = 2.474
cput1462 = 1540.14
mu1463 = 3.5272
Etot1463 = 2.474
cput1463 = 1541.18
mu1464 = 3.5271
Etot1464 = 2.474
cput1464 = 1542.21
mu1465 = 3.5271
Etot1465 = 2.474
cput1465 = 1543.25
mu1466 = 3.5271
Etot1466 = 2.474
cput1466 = 1544.3
mu1467 = 3.527
Etot1467 = 2.474
cput1467 = 1545.32
mu1468 = 3.527
Etot1468 = 2.4739
cput1468 = 1546.35
mu1469 = 3.527
Etot1469 = 2.4739
cput1469 = 1547.39
mu1470 = 3.527
Etot1470 = 2.4739
cput1470 = 1548.42
mu1471 = 3.5269
Etot1471 = 2.4739
cput1471 = 1549.45
mu1472 = 3.5269
Etot1472 = 2.4739
cput1472 = 1550.49
mu1473 = 3.5269
Etot1473 = 2.4739
cput1473 = 1551.51
mu1474 = 3.5269
Etot1474 = 2.4739
cput1474 = 1552.54
mu1475 = 3.5268
Etot1475 = 2.4739
cput1475 = 1553.57
mu1476 = 3.5268
Etot1476 = 2.4739
cput1476 = 1554.59
mu1477 = 3.5268
Etot1477 = 2.4738
cput1477 = 1555.6
mu1478 = 3.5268
Etot1478 = 2.4738
cput1478 = 1556.63
mu1479 = 3.5267
Etot1479 = 2.4738
cput1479 = 1557.65
mu1480 = 3.5267
Etot1480 = 2.4738
cput1480 = 1558.68
mu1481 = 3.5267
Etot1481 = 2.4738
cput1481 = 1559.71
mu1482 = 3.5266
Etot1482 = 2.4738
cput1482 = 1560.73
mu1483 = 3.5266
Etot1483 = 2.4738
cput1483 = 1561.76
mu1484 = 3.5266
Etot1484 = 2.4738
cput1484 = 1562.79
mu1485 = 3.5266
Etot1485 = 2.4737
cput1485 = 1563.82
mu1486 = 3.5265
Etot1486 = 2.4737
cput1486 = 1564.83
mu1487 = 3.5265
Etot1487 = 2.4737
cput1487 = 1565.85
mu1488 = 3.5265
Etot1488 = 2.4737
cput1488 = 1566.87
mu1489 = 3.5265
Etot1489 = 2.4737
cput1489 = 1567.9
mu1490 = 3.5264
Etot1490 = 2.4737
cput1490 = 1568.92
mu1491 = 3.5264
Etot1491 = 2.4737
cput1491 = 1569.94
mu1492 = 3.5264
Etot1492 = 2.4737
cput1492 = 1570.97
mu1493 = 3.5263
Etot1493 = 2.4736
cput1493 = 1571.99
mu1494 = 3.5263
Etot1494 = 2.4736
cput1494 = 1573.02
mu1495 = 3.5263
Etot1495 = 2.4736
cput1495 = 1574.05
mu1496 = 3.5263
Etot1496 = 2.4736
cput1496 = 1575.08
mu1497 = 3.5262
Etot1497 = 2.4736
cput1497 = 1576.13
mu1498 = 3.5262
Etot1498 = 2.4736
cput1498 = 1577.16
mu1499 = 3.5262
Etot1499 = 2.4736
cput1499 = 1578.19
mu1500 = 3.5262
Etot1500 = 2.4736
cput1500 = 1579.24
mu1501 = 3.5261
Etot1501 = 2.4735
cput1501 = 1580.28
mu1502 = 3.5261
Etot1502 = 2.4735
cput1502 = 1581.32
mu1503 = 3.5261
Etot1503 = 2.4735
cput1503 = 1582.36
mu1504 = 3.5261
Etot1504 = 2.4735
cput1504 = 1583.39
mu1505 = 3.526
Etot1505 = 2.4735
cput1505 = 1584.41
mu1506 = 3.526
Etot1506 = 2.4735
cput1506 = 1585.44
mu1507 = 3.526
Etot1507 = 2.4735
cput1507 = 1586.47
mu1508 = 3.5259
Etot1508 = 2.4735
cput1508 = 1587.5
mu1509 = 3.5259
Etot1509 = 2.4735
cput1509 = 1588.53
mu1510 = 3.5259
Etot1510 = 2.4734
cput1510 = 1589.57
mu1511 = 3.5259
Etot1511 = 2.4734
cput1511 = 1590.6
mu1512 = 3.5258
Etot1512 = 2.4734
cput1512 = 1591.62
mu1513 = 3.5258
Etot1513 = 2.4734
cput1513 = 1592.66
mu1514 = 3.5258
Etot1514 = 2.4734
cput1514 = 1593.68
mu1515 = 3.5258
Etot1515 = 2.4734
cput1515 = 1594.72
mu1516 = 3.5257
Etot1516 = 2.4734
cput1516 = 1595.76
mu1517 = 3.5257
Etot1517 = 2.4734
cput1517 = 1596.81
mu1518 = 3.5257
Etot1518 = 2.4733
cput1518 = 1597.84
mu1519 = 3.5257
Etot1519 = 2.4733
cput1519 = 1598.87
mu1520 = 3.5256
Etot1520 = 2.4733
cput1520 = 1599.9
mu1521 = 3.5256
Etot1521 = 2.4733
cput1521 = 1600.94
mu1522 = 3.5256
Etot1522 = 2.4733
cput1522 = 1601.97
mu1523 = 3.5256
Etot1523 = 2.4733
cput1523 = 1603.01
mu1524 = 3.5255
Etot1524 = 2.4733
cput1524 = 1604.04
mu1525 = 3.5255
Etot1525 = 2.4733
cput1525 = 1605.07
mu1526 = 3.5255
Etot1526 = 2.4733
cput1526 = 1606.1
mu1527 = 3.5255
Etot1527 = 2.4732
cput1527 = 1607.15
mu1528 = 3.5254
Etot1528 = 2.4732
cput1528 = 1608.18
mu1529 = 3.5254
Etot1529 = 2.4732
cput1529 = 1609.2
mu1530 = 3.5254
Etot1530 = 2.4732
cput1530 = 1610.23
mu1531 = 3.5253
Etot1531 = 2.4732
cput1531 = 1611.25
mu1532 = 3.5253
Etot1532 = 2.4732
cput1532 = 1612.27
mu1533 = 3.5253
Etot1533 = 2.4732
cput1533 = 1613.3
mu1534 = 3.5253
Etot1534 = 2.4732
cput1534 = 1614.33
mu1535 = 3.5252
Etot1535 = 2.4731
cput1535 = 1615.35
mu1536 = 3.5252
Etot1536 = 2.4731
cput1536 = 1616.37
mu1537 = 3.5252
Etot1537 = 2.4731
cput1537 = 1617.38
mu1538 = 3.5252
Etot1538 = 2.4731
cput1538 = 1618.4
mu1539 = 3.5251
Etot1539 = 2.4731
cput1539 = 1619.42
mu1540 = 3.5251
Etot1540 = 2.4731
cput1540 = 1620.44
mu1541 = 3.5251
Etot1541 = 2.4731
cput1541 = 1621.47
mu1542 = 3.5251
Etot1542 = 2.4731
cput1542 = 1622.5
mu1543 = 3.525
Etot1543 = 2.4731
cput1543 = 1623.53
mu1544 = 3.525
Etot1544 = 2.473
cput1544 = 1624.54
mu1545 = 3.525
Etot1545 = 2.473
cput1545 = 1625.56
mu1546 = 3.525
Etot1546 = 2.473
cput1546 = 1626.58
mu1547 = 3.5249
Etot1547 = 2.473
cput1547 = 1627.61
mu1548 = 3.5249
Etot1548 = 2.473
cput1548 = 1628.64
mu1549 = 3.5249
Etot1549 = 2.473
cput1549 = 1629.66
mu1550 = 3.5249
Etot1550 = 2.473
cput1550 = 1630.69
mu1551 = 3.5248
Etot1551 = 2.473
cput1551 = 1631.69
mu1552 = 3.5248
Etot1552 = 2.4729
cput1552 = 1632.69
mu1553 = 3.5248
Etot1553 = 2.4729
cput1553 = 1633.7
mu1554 = 3.5248
Etot1554 = 2.4729
cput1554 = 1634.72
mu1555 = 3.5247
Etot1555 = 2.4729
cput1555 = 1635.74
mu1556 = 3.5247
Etot1556 = 2.4729
cput1556 = 1636.76
mu1557 = 3.5247
Etot1557 = 2.4729
cput1557 = 1637.81
mu1558 = 3.5247
Etot1558 = 2.4729
cput1558 = 1638.85
mu1559 = 3.5246
Etot1559 = 2.4729
cput1559 = 1639.88
mu1560 = 3.5246
Etot1560 = 2.4729
cput1560 = 1640.91
mu1561 = 3.5246
Etot1561 = 2.4728
cput1561 = 1641.95
mu1562 = 3.5246
Etot1562 = 2.4728
cput1562 = 1642.98
mu1563 = 3.5245
Etot1563 = 2.4728
cput1563 = 1644.01
mu1564 = 3.5245
Etot1564 = 2.4728
cput1564 = 1645.04
mu1565 = 3.5245
Etot1565 = 2.4728
cput1565 = 1646.07
mu1566 = 3.5245
Etot1566 = 2.4728
cput1566 = 1647.1
mu1567 = 3.5244
Etot1567 = 2.4728
cput1567 = 1648.12
mu1568 = 3.5244
Etot1568 = 2.4728
cput1568 = 1649.14
mu1569 = 3.5244
Etot1569 = 2.4728
cput1569 = 1650.16
mu1570 = 3.5244
Etot1570 = 2.4727
cput1570 = 1651.18
mu1571 = 3.5243
Etot1571 = 2.4727
cput1571 = 1652.19
mu1572 = 3.5243
Etot1572 = 2.4727
cput1572 = 1653.21
mu1573 = 3.5243
Etot1573 = 2.4727
cput1573 = 1654.23
mu1574 = 3.5243
Etot1574 = 2.4727
cput1574 = 1655.25
mu1575 = 3.5242
Etot1575 = 2.4727
cput1575 = 1656.27
mu1576 = 3.5242
Etot1576 = 2.4727
cput1576 = 1657.29
mu1577 = 3.5242
Etot1577 = 2.4727
cput1577 = 1658.31
mu1578 = 3.5242
Etot1578 = 2.4727
cput1578 = 1659.33
mu1579 = 3.5241
Etot1579 = 2.4726
cput1579 = 1660.36
mu1580 = 3.5241
Etot1580 = 2.4726
cput1580 = 1661.39
mu1581 = 3.5241
Etot1581 = 2.4726
cput1581 = 1662.41
mu1582 = 3.5241
Etot1582 = 2.4726
cput1582 = 1663.43
mu1583 = 3.524
Etot1583 = 2.4726
cput1583 = 1664.46
mu1584 = 3.524
Etot1584 = 2.4726
cput1584 = 1665.49
mu1585 = 3.524
Etot1585 = 2.4726
cput1585 = 1666.52
mu1586 = 3.524
Etot1586 = 2.4726
cput1586 = 1667.55
mu1587 = 3.5239
Etot1587 = 2.4726
cput1587 = 1668.57
mu1588 = 3.5239
Etot1588 = 2.4725
cput1588 = 1669.59
mu1589 = 3.5239
Etot1589 = 2.4725
cput1589 = 1670.63
mu1590 = 3.5239
Etot1590 = 2.4725
cput1590 = 1671.67
mu1591 = 3.5238
Etot1591 = 2.4725
cput1591 = 1672.71
mu1592 = 3.5238
Etot1592 = 2.4725
cput1592 = 1673.74
mu1593 = 3.5238
Etot1593 = 2.4725
cput1593 = 1674.78
mu1594 = 3.5238
Etot1594 = 2.4725
cput1594 = 1675.81
mu1595 = 3.5237
Etot1595 = 2.4725
cput1595 = 1676.84
mu1596 = 3.5237
Etot1596 = 2.4724
cput1596 = 1677.86
mu1597 = 3.5237
Etot1597 = 2.4724
cput1597 = 1678.9
mu1598 = 3.5237
Etot1598 = 2.4724
cput1598 = 1679.93
mu1599 = 3.5236
Etot1599 = 2.4724
cput1599 = 1680.96
mu1600 = 3.5236
Etot1600 = 2.4724
cput1600 = 1682
mu1601 = 3.5236
Etot1601 = 2.4724
cput1601 = 1683.04
mu1602 = 3.5236
Etot1602 = 2.4724
cput1602 = 1684.07
mu1603 = 3.5235
Etot1603 = 2.4724
cput1603 = 1685.1
mu1604 = 3.5235
Etot1604 = 2.4724
cput1604 = 1686.13
mu1605 = 3.5235
Etot1605 = 2.4724
cput1605 = 1687.16
mu1606 = 3.5235
Etot1606 = 2.4723
cput1606 = 1688.19
mu1607 = 3.5234
Etot1607 = 2.4723
cput1607 = 1689.22
mu1608 = 3.5234
Etot1608 = 2.4723
cput1608 = 1690.25
mu1609 = 3.5234
Etot1609 = 2.4723
cput1609 = 1691.28
mu1610 = 3.5234
Etot1610 = 2.4723
cput1610 = 1692.3
mu1611 = 3.5234
Etot1611 = 2.4723
cput1611 = 1693.34
mu1612 = 3.5233
Etot1612 = 2.4723
cput1612 = 1694.37
mu1613 = 3.5233
Etot1613 = 2.4723
cput1613 = 1695.39
mu1614 = 3.5233
Etot1614 = 2.4723
cput1614 = 1696.42
mu1615 = 3.5233
Etot1615 = 2.4722
cput1615 = 1697.44
mu1616 = 3.5232
Etot1616 = 2.4722
cput1616 = 1698.46
mu1617 = 3.5232
Etot1617 = 2.4722
cput1617 = 1699.49
mu1618 = 3.5232
Etot1618 = 2.4722
cput1618 = 1700.52
mu1619 = 3.5232
Etot1619 = 2.4722
cput1619 = 1701.54
mu1620 = 3.5231
Etot1620 = 2.4722
cput1620 = 1702.58
mu1621 = 3.5231
Etot1621 = 2.4722
cput1621 = 1703.61
mu1622 = 3.5231
Etot1622 = 2.4722
cput1622 = 1704.65
mu1623 = 3.5231
Etot1623 = 2.4722
cput1623 = 1705.69
mu1624 = 3.523
Etot1624 = 2.4721
cput1624 = 1706.73
mu1625 = 3.523
Etot1625 = 2.4721
cput1625 = 1707.77
mu1626 = 3.523
Etot1626 = 2.4721
cput1626 = 1708.8
mu1627 = 3.523
Etot1627 = 2.4721
cput1627 = 1709.83
mu1628 = 3.5229
Etot1628 = 2.4721
cput1628 = 1710.87
mu1629 = 3.5229
Etot1629 = 2.4721
cput1629 = 1711.9
mu1630 = 3.5229
Etot1630 = 2.4721
cput1630 = 1712.93
mu1631 = 3.5229
Etot1631 = 2.4721
cput1631 = 1713.97
mu1632 = 3.5228
Etot1632 = 2.4721
cput1632 = 1715
mu1633 = 3.5228
Etot1633 = 2.472
cput1633 = 1716.03
mu1634 = 3.5228
Etot1634 = 2.472
cput1634 = 1717.07
mu1635 = 3.5228
Etot1635 = 2.472
cput1635 = 1718.1
mu1636 = 3.5228
Etot1636 = 2.472
cput1636 = 1719.13
mu1637 = 3.5227
Etot1637 = 2.472
cput1637 = 1720.16
mu1638 = 3.5227
Etot1638 = 2.472
cput1638 = 1721.22
mu1639 = 3.5227
Etot1639 = 2.472
cput1639 = 1722.26
mu1640 = 3.5227
Etot1640 = 2.472
cput1640 = 1723.29
mu1641 = 3.5226
Etot1641 = 2.472
cput1641 = 1724.31
mu1642 = 3.5226
Etot1642 = 2.4719
cput1642 = 1725.32
mu1643 = 3.5226
Etot1643 = 2.4719
cput1643 = 1726.35
mu1644 = 3.5226
Etot1644 = 2.4719
cput1644 = 1727.37
mu1645 = 3.5225
Etot1645 = 2.4719
cput1645 = 1728.39
mu1646 = 3.5225
Etot1646 = 2.4719
cput1646 = 1729.42
mu1647 = 3.5225
Etot1647 = 2.4719
cput1647 = 1730.44
mu1648 = 3.5225
Etot1648 = 2.4719
cput1648 = 1731.47
mu1649 = 3.5224
Etot1649 = 2.4719
cput1649 = 1732.49
mu1650 = 3.5224
Etot1650 = 2.4719
cput1650 = 1733.52
mu1651 = 3.5224
Etot1651 = 2.4719
cput1651 = 1734.54
mu1652 = 3.5224
Etot1652 = 2.4718
cput1652 = 1735.57
mu1653 = 3.5224
Etot1653 = 2.4718
cput1653 = 1736.6
mu1654 = 3.5223
Etot1654 = 2.4718
cput1654 = 1737.62
mu1655 = 3.5223
Etot1655 = 2.4718
cput1655 = 1738.64
mu1656 = 3.5223
Etot1656 = 2.4718
cput1656 = 1739.66
mu1657 = 3.5223
Etot1657 = 2.4718
cput1657 = 1740.7
mu1658 = 3.5222
Etot1658 = 2.4718
cput1658 = 1741.73
mu1659 = 3.5222
Etot1659 = 2.4718
cput1659 = 1742.76
mu1660 = 3.5222
Etot1660 = 2.4718
cput1660 = 1743.78
mu1661 = 3.5222
Etot1661 = 2.4717
cput1661 = 1744.81
mu1662 = 3.5221
Etot1662 = 2.4717
cput1662 = 1745.84
mu1663 = 3.5221
Etot1663 = 2.4717
cput1663 = 1746.87
mu1664 = 3.5221
Etot1664 = 2.4717
cput1664 = 1747.89
mu1665 = 3.5221
Etot1665 = 2.4717
cput1665 = 1748.93
mu1666 = 3.522
Etot1666 = 2.4717
cput1666 = 1749.97
mu1667 = 3.522
Etot1667 = 2.4717
cput1667 = 1751.01
mu1668 = 3.522
Etot1668 = 2.4717
cput1668 = 1752.05
mu1669 = 3.522
Etot1669 = 2.4717
cput1669 = 1753.08
mu1670 = 3.522
Etot1670 = 2.4716
cput1670 = 1754.11
mu1671 = 3.5219
Etot1671 = 2.4716
cput1671 = 1755.15
mu1672 = 3.5219
Etot1672 = 2.4716
cput1672 = 1756.17
mu1673 = 3.5219
Etot1673 = 2.4716
cput1673 = 1757.2
mu1674 = 3.5219
Etot1674 = 2.4716
cput1674 = 1758.24
mu1675 = 3.5218
Etot1675 = 2.4716
cput1675 = 1759.28
mu1676 = 3.5218
Etot1676 = 2.4716
cput1676 = 1760.31
mu1677 = 3.5218
Etot1677 = 2.4716
cput1677 = 1761.34
mu1678 = 3.5218
Etot1678 = 2.4716
cput1678 = 1762.36
mu1679 = 3.5218
Etot1679 = 2.4716
cput1679 = 1763.38
mu1680 = 3.5217
Etot1680 = 2.4715
cput1680 = 1764.4
mu1681 = 3.5217
Etot1681 = 2.4715
cput1681 = 1765.43
mu1682 = 3.5217
Etot1682 = 2.4715
cput1682 = 1766.47
mu1683 = 3.5217
Etot1683 = 2.4715
cput1683 = 1767.51
mu1684 = 3.5216
Etot1684 = 2.4715
cput1684 = 1768.55
mu1685 = 3.5216
Etot1685 = 2.4715
cput1685 = 1769.59
mu1686 = 3.5216
Etot1686 = 2.4715
cput1686 = 1770.63
mu1687 = 3.5216
Etot1687 = 2.4715
cput1687 = 1771.66
mu1688 = 3.5215
Etot1688 = 2.4715
cput1688 = 1772.7
mu1689 = 3.5215
Etot1689 = 2.4715
cput1689 = 1773.75
mu1690 = 3.5215
Etot1690 = 2.4714
cput1690 = 1774.78
mu1691 = 3.5215
Etot1691 = 2.4714
cput1691 = 1775.82
mu1692 = 3.5215
Etot1692 = 2.4714
cput1692 = 1776.85
mu1693 = 3.5214
Etot1693 = 2.4714
cput1693 = 1777.88
mu1694 = 3.5214
Etot1694 = 2.4714
cput1694 = 1778.91
mu1695 = 3.5214
Etot1695 = 2.4714
cput1695 = 1779.95
mu1696 = 3.5214
Etot1696 = 2.4714
cput1696 = 1780.98
mu1697 = 3.5213
Etot1697 = 2.4714
cput1697 = 1782.03
mu1698 = 3.5213
Etot1698 = 2.4714
cput1698 = 1783.07
mu1699 = 3.5213
Etot1699 = 2.4713
cput1699 = 1784.1
mu1700 = 3.5213
Etot1700 = 2.4713
cput1700 = 1785.15
mu1701 = 3.5213
Etot1701 = 2.4713
cput1701 = 1786.19
mu1702 = 3.5212
Etot1702 = 2.4713
cput1702 = 1787.22
mu1703 = 3.5212
Etot1703 = 2.4713
cput1703 = 1788.25
mu1704 = 3.5212
Etot1704 = 2.4713
cput1704 = 1789.29
mu1705 = 3.5212
Etot1705 = 2.4713
cput1705 = 1790.32
mu1706 = 3.5211
Etot1706 = 2.4713
cput1706 = 1791.35
mu1707 = 3.5211
Etot1707 = 2.4713
cput1707 = 1792.37
mu1708 = 3.5211
Etot1708 = 2.4713
cput1708 = 1793.4
mu1709 = 3.5211
Etot1709 = 2.4712
cput1709 = 1794.43
mu1710 = 3.521
Etot1710 = 2.4712
cput1710 = 1795.45
mu1711 = 3.521
Etot1711 = 2.4712
cput1711 = 1796.48
mu1712 = 3.521
Etot1712 = 2.4712
cput1712 = 1797.5
mu1713 = 3.521
Etot1713 = 2.4712
cput1713 = 1798.52
mu1714 = 3.521
Etot1714 = 2.4712
cput1714 = 1799.53
mu1715 = 3.5209
Etot1715 = 2.4712
cput1715 = 1800.56
mu1716 = 3.5209
Etot1716 = 2.4712
cput1716 = 1801.57
mu1717 = 3.5209
Etot1717 = 2.4712
cput1717 = 1802.58
mu1718 = 3.5209
Etot1718 = 2.4712
cput1718 = 1803.6
mu1719 = 3.5208
Etot1719 = 2.4711
cput1719 = 1804.61
mu1720 = 3.5208
Etot1720 = 2.4711
cput1720 = 1805.63
mu1721 = 3.5208
Etot1721 = 2.4711
cput1721 = 1806.65
mu1722 = 3.5208
Etot1722 = 2.4711
cput1722 = 1807.66
mu1723 = 3.5208
Etot1723 = 2.4711
cput1723 = 1808.67
mu1724 = 3.5207
Etot1724 = 2.4711
cput1724 = 1809.69
mu1725 = 3.5207
Etot1725 = 2.4711
cput1725 = 1810.71
mu1726 = 3.5207
Etot1726 = 2.4711
cput1726 = 1811.74
mu1727 = 3.5207
Etot1727 = 2.4711
cput1727 = 1812.77
mu1728 = 3.5206
Etot1728 = 2.4711
cput1728 = 1813.8
mu1729 = 3.5206
Etot1729 = 2.471
cput1729 = 1814.82
mu1730 = 3.5206
Etot1730 = 2.471
cput1730 = 1815.84
mu1731 = 3.5206
Etot1731 = 2.471
cput1731 = 1816.86
mu1732 = 3.5206
Etot1732 = 2.471
cput1732 = 1817.88
mu1733 = 3.5205
Etot1733 = 2.471
cput1733 = 1818.91
mu1734 = 3.5205
Etot1734 = 2.471
cput1734 = 1819.93
mu1735 = 3.5205
Etot1735 = 2.471
cput1735 = 1820.96
mu1736 = 3.5205
Etot1736 = 2.471
cput1736 = 1821.99
mu1737 = 3.5205
Etot1737 = 2.471
cput1737 = 1823.02
mu1738 = 3.5204
Etot1738 = 2.471
cput1738 = 1824.05
mu1739 = 3.5204
Etot1739 = 2.4709
cput1739 = 1825.07
mu1740 = 3.5204
Etot1740 = 2.4709
cput1740 = 1826.09
mu1741 = 3.5204
Etot1741 = 2.4709
cput1741 = 1827.11
mu1742 = 3.5203
Etot1742 = 2.4709
cput1742 = 1828.14
mu1743 = 3.5203
Etot1743 = 2.4709
cput1743 = 1829.17
mu1744 = 3.5203
Etot1744 = 2.4709
cput1744 = 1830.19
mu1745 = 3.5203
Etot1745 = 2.4709
cput1745 = 1831.22
mu1746 = 3.5203
Etot1746 = 2.4709
cput1746 = 1832.25
mu1747 = 3.5202
Etot1747 = 2.4709
cput1747 = 1833.28
mu1748 = 3.5202
Etot1748 = 2.4709
cput1748 = 1834.3
mu1749 = 3.5202
Etot1749 = 2.4708
cput1749 = 1835.32
mu1750 = 3.5202
Etot1750 = 2.4708
cput1750 = 1836.34
mu1751 = 3.5201
Etot1751 = 2.4708
cput1751 = 1837.36
mu1752 = 3.5201
Etot1752 = 2.4708
cput1752 = 1838.38
mu1753 = 3.5201
Etot1753 = 2.4708
cput1753 = 1839.4
mu1754 = 3.5201
Etot1754 = 2.4708
cput1754 = 1840.45
mu1755 = 3.5201
Etot1755 = 2.4708
cput1755 = 1841.5
mu1756 = 3.52
Etot1756 = 2.4708
cput1756 = 1842.53
mu1757 = 3.52
Etot1757 = 2.4708
cput1757 = 1843.55
mu1758 = 3.52
Etot1758 = 2.4708
cput1758 = 1844.57
mu1759 = 3.52
Etot1759 = 2.4707
cput1759 = 1845.58
mu1760 = 3.52
Etot1760 = 2.4707
cput1760 = 1846.6
mu1761 = 3.5199
Etot1761 = 2.4707
cput1761 = 1847.62
mu1762 = 3.5199
Etot1762 = 2.4707
cput1762 = 1848.63
mu1763 = 3.5199
Etot1763 = 2.4707
cput1763 = 1849.64
mu1764 = 3.5199
Etot1764 = 2.4707
cput1764 = 1850.65
mu1765 = 3.5198
Etot1765 = 2.4707
cput1765 = 1851.67
mu1766 = 3.5198
Etot1766 = 2.4707
cput1766 = 1852.69
mu1767 = 3.5198
Etot1767 = 2.4707
cput1767 = 1853.71
mu1768 = 3.5198
Etot1768 = 2.4707
cput1768 = 1854.73
mu1769 = 3.5198
Etot1769 = 2.4706
cput1769 = 1855.76
mu1770 = 3.5197
Etot1770 = 2.4706
cput1770 = 1856.78
mu1771 = 3.5197
Etot1771 = 2.4706
cput1771 = 1857.81
mu1772 = 3.5197
Etot1772 = 2.4706
cput1772 = 1858.82
mu1773 = 3.5197
Etot1773 = 2.4706
cput1773 = 1859.83
mu1774 = 3.5197
Etot1774 = 2.4706
cput1774 = 1860.84
mu1775 = 3.5196
Etot1775 = 2.4706
cput1775 = 1861.85
mu1776 = 3.5196
Etot1776 = 2.4706
cput1776 = 1862.87
mu1777 = 3.5196
Etot1777 = 2.4706
cput1777 = 1863.88
mu1778 = 3.5196
Etot1778 = 2.4706
cput1778 = 1864.89
mu1779 = 3.5195
Etot1779 = 2.4705
cput1779 = 1865.91
mu1780 = 3.5195
Etot1780 = 2.4705
cput1780 = 1866.94
mu1781 = 3.5195
Etot1781 = 2.4705
cput1781 = 1867.96
mu1782 = 3.5195
Etot1782 = 2.4705
cput1782 = 1868.98
mu1783 = 3.5195
Etot1783 = 2.4705
cput1783 = 1870
mu1784 = 3.5194
Etot1784 = 2.4705
cput1784 = 1871.02
mu1785 = 3.5194
Etot1785 = 2.4705
cput1785 = 1872.04
mu1786 = 3.5194
Etot1786 = 2.4705
cput1786 = 1873.06
mu1787 = 3.5194
Etot1787 = 2.4705
cput1787 = 1874.09
mu1788 = 3.5194
Etot1788 = 2.4705
cput1788 = 1875.12
mu1789 = 3.5193
Etot1789 = 2.4705
cput1789 = 1876.14
mu1790 = 3.5193
Etot1790 = 2.4704
cput1790 = 1877.16
mu1791 = 3.5193
Etot1791 = 2.4704
cput1791 = 1878.2
mu1792 = 3.5193
Etot1792 = 2.4704
cput1792 = 1879.24
mu1793 = 3.5192
Etot1793 = 2.4704
cput1793 = 1880.27
mu1794 = 3.5192
Etot1794 = 2.4704
cput1794 = 1881.29
mu1795 = 3.5192
Etot1795 = 2.4704
cput1795 = 1882.33
mu1796 = 3.5192
Etot1796 = 2.4704
cput1796 = 1883.35
mu1797 = 3.5192
Etot1797 = 2.4704
cput1797 = 1884.37
mu1798 = 3.5191
Etot1798 = 2.4704
cput1798 = 1885.39
mu1799 = 3.5191
Etot1799 = 2.4704
cput1799 = 1886.41
mu1800 = 3.5191
Etot1800 = 2.4703
cput1800 = 1887.44
mu1801 = 3.5191
Etot1801 = 2.4703
cput1801 = 1888.48
mu1802 = 3.5191
Etot1802 = 2.4703
cput1802 = 1889.5
mu1803 = 3.519
Etot1803 = 2.4703
cput1803 = 1890.53
mu1804 = 3.519
Etot1804 = 2.4703
cput1804 = 1891.56
mu1805 = 3.519
Etot1805 = 2.4703
cput1805 = 1892.59
mu1806 = 3.519
Etot1806 = 2.4703
cput1806 = 1893.62
mu1807 = 3.519
Etot1807 = 2.4703
cput1807 = 1894.65
mu1808 = 3.5189
Etot1808 = 2.4703
cput1808 = 1895.68
mu1809 = 3.5189
Etot1809 = 2.4703
cput1809 = 1896.72
mu1810 = 3.5189
Etot1810 = 2.4702
cput1810 = 1897.74
mu1811 = 3.5189
Etot1811 = 2.4702
cput1811 = 1898.78
mu1812 = 3.5189
Etot1812 = 2.4702
cput1812 = 1899.82
mu1813 = 3.5188
Etot1813 = 2.4702
cput1813 = 1900.85
mu1814 = 3.5188
Etot1814 = 2.4702
cput1814 = 1901.88
mu1815 = 3.5188
Etot1815 = 2.4702
cput1815 = 1902.92
mu1816 = 3.5188
Etot1816 = 2.4702
cput1816 = 1903.95
mu1817 = 3.5187
Etot1817 = 2.4702
cput1817 = 1904.98
mu1818 = 3.5187
Etot1818 = 2.4702
cput1818 = 1906.01
mu1819 = 3.5187
Etot1819 = 2.4702
cput1819 = 1907.03
mu1820 = 3.5187
Etot1820 = 2.4702
cput1820 = 1908.06
mu1821 = 3.5187
Etot1821 = 2.4701
cput1821 = 1909.09
mu1822 = 3.5186
Etot1822 = 2.4701
cput1822 = 1910.12
mu1823 = 3.5186
Etot1823 = 2.4701
cput1823 = 1911.14
mu1824 = 3.5186
Etot1824 = 2.4701
cput1824 = 1912.17
mu1825 = 3.5186
Etot1825 = 2.4701
cput1825 = 1913.2
mu1826 = 3.5186
Etot1826 = 2.4701
cput1826 = 1914.24
mu1827 = 3.5185
Etot1827 = 2.4701
cput1827 = 1915.28
mu1828 = 3.5185
Etot1828 = 2.4701
cput1828 = 1916.31
mu1829 = 3.5185
Etot1829 = 2.4701
cput1829 = 1917.35
mu1830 = 3.5185
Etot1830 = 2.4701
cput1830 = 1918.39
mu1831 = 3.5185
Etot1831 = 2.4701
cput1831 = 1919.42
mu1832 = 3.5184
Etot1832 = 2.47
cput1832 = 1920.47
mu1833 = 3.5184
Etot1833 = 2.47
cput1833 = 1921.49
mu1834 = 3.5184
Etot1834 = 2.47
cput1834 = 1922.51
mu1835 = 3.5184
Etot1835 = 2.47
cput1835 = 1923.53
mu1836 = 3.5184
Etot1836 = 2.47
cput1836 = 1924.56
mu1837 = 3.5183
Etot1837 = 2.47
cput1837 = 1925.58
mu1838 = 3.5183
Etot1838 = 2.47
cput1838 = 1926.6
mu1839 = 3.5183
Etot1839 = 2.47
cput1839 = 1927.62
mu1840 = 3.5183
Etot1840 = 2.47
cput1840 = 1928.65
mu1841 = 3.5183
Etot1841 = 2.47
cput1841 = 1929.67
mu1842 = 3.5182
Etot1842 = 2.4699
cput1842 = 1930.69
mu1843 = 3.5182
Etot1843 = 2.4699
cput1843 = 1931.71
mu1844 = 3.5182
Etot1844 = 2.4699
cput1844 = 1932.73
mu1845 = 3.5182
Etot1845 = 2.4699
cput1845 = 1933.76
mu1846 = 3.5182
Etot1846 = 2.4699
cput1846 = 1934.78
mu1847 = 3.5181
Etot1847 = 2.4699
cput1847 = 1935.8
mu1848 = 3.5181
Etot1848 = 2.4699
cput1848 = 1936.83
mu1849 = 3.5181
Etot1849 = 2.4699
cput1849 = 1937.85
mu1850 = 3.5181
Etot1850 = 2.4699
cput1850 = 1938.88
mu1851 = 3.5181
Etot1851 = 2.4699
cput1851 = 1939.89
mu1852 = 3.518
Etot1852 = 2.4699
cput1852 = 1940.92
mu1853 = 3.518
Etot1853 = 2.4698
cput1853 = 1941.94
mu1854 = 3.518
Etot1854 = 2.4698
cput1854 = 1942.98
mu1855 = 3.518
Etot1855 = 2.4698
cput1855 = 1944.02
mu1856 = 3.5179
Etot1856 = 2.4698
cput1856 = 1945.06
mu1857 = 3.5179
Etot1857 = 2.4698
cput1857 = 1946.1
mu1858 = 3.5179
Etot1858 = 2.4698
cput1858 = 1947.12
mu1859 = 3.5179
Etot1859 = 2.4698
cput1859 = 1948.14
mu1860 = 3.5179
Etot1860 = 2.4698
cput1860 = 1949.15
mu1861 = 3.5178
Etot1861 = 2.4698
cput1861 = 1950.18
mu1862 = 3.5178
Etot1862 = 2.4698
cput1862 = 1951.19
mu1863 = 3.5178
Etot1863 = 2.4698
cput1863 = 1952.21
mu1864 = 3.5178
Etot1864 = 2.4697
cput1864 = 1953.25
mu1865 = 3.5178
Etot1865 = 2.4697
cput1865 = 1954.28
mu1866 = 3.5177
Etot1866 = 2.4697
cput1866 = 1955.3
mu1867 = 3.5177
Etot1867 = 2.4697
cput1867 = 1956.33
mu1868 = 3.5177
Etot1868 = 2.4697
cput1868 = 1957.37
mu1869 = 3.5177
Etot1869 = 2.4697
cput1869 = 1958.4
mu1870 = 3.5177
Etot1870 = 2.4697
cput1870 = 1959.42
mu1871 = 3.5176
Etot1871 = 2.4697
cput1871 = 1960.45
mu1872 = 3.5176
Etot1872 = 2.4697
cput1872 = 1961.47
mu1873 = 3.5176
Etot1873 = 2.4697
cput1873 = 1962.5
mu1874 = 3.5176
Etot1874 = 2.4697
cput1874 = 1963.52
mu1875 = 3.5176
Etot1875 = 2.4696
cput1875 = 1964.55
mu1876 = 3.5175
Etot1876 = 2.4696
cput1876 = 1965.58
mu1877 = 3.5175
Etot1877 = 2.4696
cput1877 = 1966.61
mu1878 = 3.5175
Etot1878 = 2.4696
cput1878 = 1967.63
mu1879 = 3.5175
Etot1879 = 2.4696
cput1879 = 1968.66
mu1880 = 3.5175
Etot1880 = 2.4696
cput1880 = 1969.7
mu1881 = 3.5174
Etot1881 = 2.4696
cput1881 = 1970.72
mu1882 = 3.5174
Etot1882 = 2.4696
cput1882 = 1971.76
mu1883 = 3.5174
Etot1883 = 2.4696
cput1883 = 1972.8
mu1884 = 3.5174
Etot1884 = 2.4696
cput1884 = 1973.83
mu1885 = 3.5174
Etot1885 = 2.4696
cput1885 = 1974.84
mu1886 = 3.5173
Etot1886 = 2.4695
cput1886 = 1975.87
mu1887 = 3.5173
Etot1887 = 2.4695
cput1887 = 1976.9
mu1888 = 3.5173
Etot1888 = 2.4695
cput1888 = 1977.93
mu1889 = 3.5173
Etot1889 = 2.4695
cput1889 = 1978.96
mu1890 = 3.5173
Etot1890 = 2.4695
cput1890 = 1979.99
mu1891 = 3.5173
Etot1891 = 2.4695
cput1891 = 1980.99
mu1892 = 3.5172
Etot1892 = 2.4695
cput1892 = 1982
mu1893 = 3.5172
Etot1893 = 2.4695
cput1893 = 1983
mu1894 = 3.5172
Etot1894 = 2.4695
cput1894 = 1984.04
mu1895 = 3.5172
Etot1895 = 2.4695
cput1895 = 1985.06
mu1896 = 3.5172
Etot1896 = 2.4695
cput1896 = 1986.08
mu1897 = 3.5171
Etot1897 = 2.4694
cput1897 = 1987.11
mu1898 = 3.5171
Etot1898 = 2.4694
cput1898 = 1988.11
mu1899 = 3.5171
Etot1899 = 2.4694
cput1899 = 1989.13
mu1900 = 3.5171
Etot1900 = 2.4694
cput1900 = 1990.15
mu1901 = 3.5171
Etot1901 = 2.4694
cput1901 = 1991.17
mu1902 = 3.517
Etot1902 = 2.4694
cput1902 = 1992.18
mu1903 = 3.517
Etot1903 = 2.4694
cput1903 = 1993.2
mu1904 = 3.517
Etot1904 = 2.4694
cput1904 = 1994.22
mu1905 = 3.517
Etot1905 = 2.4694
cput1905 = 1995.26
mu1906 = 3.517
Etot1906 = 2.4694
cput1906 = 1996.29
mu1907 = 3.5169
Etot1907 = 2.4694
cput1907 = 1997.32
mu1908 = 3.5169
Etot1908 = 2.4693
cput1908 = 1998.34
mu1909 = 3.5169
Etot1909 = 2.4693
cput1909 = 1999.36
mu1910 = 3.5169
Etot1910 = 2.4693
cput1910 = 2000.39
mu1911 = 3.5169
Etot1911 = 2.4693
cput1911 = 2001.42
mu1912 = 3.5168
Etot1912 = 2.4693
cput1912 = 2002.45
mu1913 = 3.5168
Etot1913 = 2.4693
cput1913 = 2003.48
mu1914 = 3.5168
Etot1914 = 2.4693
cput1914 = 2004.51
mu1915 = 3.5168
Etot1915 = 2.4693
cput1915 = 2005.53
mu1916 = 3.5168
Etot1916 = 2.4693
cput1916 = 2006.54
mu1917 = 3.5167
Etot1917 = 2.4693
cput1917 = 2007.57
mu1918 = 3.5167
Etot1918 = 2.4693
cput1918 = 2008.59
mu1919 = 3.5167
Etot1919 = 2.4692
cput1919 = 2009.64
mu1920 = 3.5167
Etot1920 = 2.4692
cput1920 = 2010.67
mu1921 = 3.5167
Etot1921 = 2.4692
cput1921 = 2011.7
mu1922 = 3.5166
Etot1922 = 2.4692
cput1922 = 2012.73
mu1923 = 3.5166
Etot1923 = 2.4692
cput1923 = 2013.75
mu1924 = 3.5166
Etot1924 = 2.4692
cput1924 = 2014.78
mu1925 = 3.5166
Etot1925 = 2.4692
cput1925 = 2015.8
mu1926 = 3.5166
Etot1926 = 2.4692
cput1926 = 2016.82
mu1927 = 3.5165
Etot1927 = 2.4692
cput1927 = 2017.85
mu1928 = 3.5165
Etot1928 = 2.4692
cput1928 = 2018.88
mu1929 = 3.5165
Etot1929 = 2.4692
cput1929 = 2019.91
mu1930 = 3.5165
Etot1930 = 2.4691
cput1930 = 2020.93
mu1931 = 3.5165
Etot1931 = 2.4691
cput1931 = 2021.96
mu1932 = 3.5165
Etot1932 = 2.4691
cput1932 = 2022.98
mu1933 = 3.5164
Etot1933 = 2.4691
cput1933 = 2024.01
mu1934 = 3.5164
Etot1934 = 2.4691
cput1934 = 2025.03
mu1935 = 3.5164
Etot1935 = 2.4691
cput1935 = 2026.06
mu1936 = 3.5164
Etot1936 = 2.4691
cput1936 = 2027.09
mu1937 = 3.5164
Etot1937 = 2.4691
cput1937 = 2028.12
mu1938 = 3.5163
Etot1938 = 2.4691
cput1938 = 2029.15
mu1939 = 3.5163
Etot1939 = 2.4691
cput1939 = 2030.18
mu1940 = 3.5163
Etot1940 = 2.4691
cput1940 = 2031.22
mu1941 = 3.5163
Etot1941 = 2.4691
cput1941 = 2032.24
mu1942 = 3.5163
Etot1942 = 2.469
cput1942 = 2033.26
mu1943 = 3.5162
Etot1943 = 2.469
cput1943 = 2034.29
mu1944 = 3.5162
Etot1944 = 2.469
cput1944 = 2035.32
mu1945 = 3.5162
Etot1945 = 2.469
cput1945 = 2036.34
mu1946 = 3.5162
Etot1946 = 2.469
cput1946 = 2037.37
mu1947 = 3.5162
Etot1947 = 2.469
cput1947 = 2038.41
mu1948 = 3.5161
Etot1948 = 2.469
cput1948 = 2039.43
mu1949 = 3.5161
Etot1949 = 2.469
cput1949 = 2040.46
mu1950 = 3.5161
Etot1950 = 2.469
cput1950 = 2041.49
mu1951 = 3.5161
Etot1951 = 2.469
cput1951 = 2042.53
mu1952 = 3.5161
Etot1952 = 2.469
cput1952 = 2043.57
mu1953 = 3.5161
Etot1953 = 2.4689
cput1953 = 2044.6
mu1954 = 3.516
Etot1954 = 2.4689
cput1954 = 2045.63
mu1955 = 3.516
Etot1955 = 2.4689
cput1955 = 2046.68
mu1956 = 3.516
Etot1956 = 2.4689
cput1956 = 2047.72
mu1957 = 3.516
Etot1957 = 2.4689
cput1957 = 2048.76
mu1958 = 3.516
Etot1958 = 2.4689
cput1958 = 2049.79
mu1959 = 3.5159
Etot1959 = 2.4689
cput1959 = 2050.82
mu1960 = 3.5159
Etot1960 = 2.4689
cput1960 = 2051.84
mu1961 = 3.5159
Etot1961 = 2.4689
cput1961 = 2052.87
mu1962 = 3.5159
Etot1962 = 2.4689
cput1962 = 2053.9
mu1963 = 3.5159
Etot1963 = 2.4689
cput1963 = 2054.93
mu1964 = 3.5158
Etot1964 = 2.4689
cput1964 = 2055.97
mu1965 = 3.5158
Etot1965 = 2.4688
cput1965 = 2057
mu1966 = 3.5158
Etot1966 = 2.4688
cput1966 = 2058.03
mu1967 = 3.5158
Etot1967 = 2.4688
cput1967 = 2059.06
mu1968 = 3.5158
Etot1968 = 2.4688
cput1968 = 2060.1
mu1969 = 3.5157
Etot1969 = 2.4688
cput1969 = 2061.14
mu1970 = 3.5157
Etot1970 = 2.4688
cput1970 = 2062.17
mu1971 = 3.5157
Etot1971 = 2.4688
cput1971 = 2063.2
mu1972 = 3.5157
Etot1972 = 2.4688
cput1972 = 2064.24
mu1973 = 3.5157
Etot1973 = 2.4688
cput1973 = 2065.28
mu1974 = 3.5157
Etot1974 = 2.4688
cput1974 = 2066.31
mu1975 = 3.5156
Etot1975 = 2.4688
cput1975 = 2067.34
mu1976 = 3.5156
Etot1976 = 2.4687
cput1976 = 2068.37
mu1977 = 3.5156
Etot1977 = 2.4687
cput1977 = 2069.4
mu1978 = 3.5156
Etot1978 = 2.4687
cput1978 = 2070.43
mu1979 = 3.5156
Etot1979 = 2.4687
cput1979 = 2071.45
mu1980 = 3.5155
Etot1980 = 2.4687
cput1980 = 2072.49
mu1981 = 3.5155
Etot1981 = 2.4687
cput1981 = 2073.52
mu1982 = 3.5155
Etot1982 = 2.4687
cput1982 = 2074.56
mu1983 = 3.5155
Etot1983 = 2.4687
cput1983 = 2075.58
mu1984 = 3.5155
Etot1984 = 2.4687
cput1984 = 2076.61
mu1985 = 3.5154
Etot1985 = 2.4687
cput1985 = 2077.63
mu1986 = 3.5154
Etot1986 = 2.4687
cput1986 = 2078.65
mu1987 = 3.5154
Etot1987 = 2.4687
cput1987 = 2079.69
mu1988 = 3.5154
Etot1988 = 2.4686
cput1988 = 2080.71
mu1989 = 3.5154
Etot1989 = 2.4686
cput1989 = 2081.73
mu1990 = 3.5154
Etot1990 = 2.4686
cput1990 = 2082.75
mu1991 = 3.5153
Etot1991 = 2.4686
cput1991 = 2083.78
mu1992 = 3.5153
Etot1992 = 2.4686
cput1992 = 2084.8
mu1993 = 3.5153
Etot1993 = 2.4686
cput1993 = 2085.84
mu1994 = 3.5153
Etot1994 = 2.4686
cput1994 = 2086.87
mu1995 = 3.5153
Etot1995 = 2.4686
cput1995 = 2087.9
mu1996 = 3.5152
Etot1996 = 2.4686
cput1996 = 2088.93
mu1997 = 3.5152
Etot1997 = 2.4686
cput1997 = 2089.95
mu1998 = 3.5152
Etot1998 = 2.4686
cput1998 = 2090.97
mu1999 = 3.5152
Etot1999 = 2.4686
cput1999 = 2092.01
mu2000 = 3.5152
Etot2000 = 2.4685
cput2000 = 2093.03
mu2001 = 3.5152
Etot2001 = 2.4685
cput2001 = 2094.05
mu2002 = 3.5151
Etot2002 = 2.4685
cput2002 = 2095.08
mu2003 = 3.5151
Etot2003 = 2.4685
cput2003 = 2096.1
mu2004 = 3.5151
Etot2004 = 2.4685
cput2004 = 2097.14
mu2005 = 3.5151
Etot2005 = 2.4685
cput2005 = 2098.18
mu2006 = 3.5151
Etot2006 = 2.4685
cput2006 = 2099.23
mu2007 = 3.515
Etot2007 = 2.4685
cput2007 = 2100.25
mu2008 = 3.515
Etot2008 = 2.4685
cput2008 = 2101.26
mu2009 = 3.515
Etot2009 = 2.4685
cput2009 = 2102.28
mu2010 = 3.515
Etot2010 = 2.4685
cput2010 = 2103.3
mu2011 = 3.515
Etot2011 = 2.4685
cput2011 = 2104.33
mu2012 = 3.5149
Etot2012 = 2.4684
cput2012 = 2105.37
mu2013 = 3.5149
Etot2013 = 2.4684
cput2013 = 2106.4
mu2014 = 3.5149
Etot2014 = 2.4684
cput2014 = 2107.45
mu2015 = 3.5149
Etot2015 = 2.4684
cput2015 = 2108.49
mu2016 = 3.5149
Etot2016 = 2.4684
cput2016 = 2109.52
mu2017 = 3.5149
Etot2017 = 2.4684
cput2017 = 2110.55
mu2018 = 3.5148
Etot2018 = 2.4684
cput2018 = 2111.58
mu2019 = 3.5148
Etot2019 = 2.4684
cput2019 = 2112.61
mu2020 = 3.5148
Etot2020 = 2.4684
cput2020 = 2113.66
mu2021 = 3.5148
Etot2021 = 2.4684
cput2021 = 2114.69
mu2022 = 3.5148
Etot2022 = 2.4684
cput2022 = 2115.72
mu2023 = 3.5147
Etot2023 = 2.4684
cput2023 = 2116.75
mu2024 = 3.5147
Etot2024 = 2.4683
cput2024 = 2117.78
mu2025 = 3.5147
Etot2025 = 2.4683
cput2025 = 2118.81
mu2026 = 3.5147
Etot2026 = 2.4683
cput2026 = 2119.84
mu2027 = 3.5147
Etot2027 = 2.4683
cput2027 = 2120.88
mu2028 = 3.5147
Etot2028 = 2.4683
cput2028 = 2121.91
mu2029 = 3.5146
Etot2029 = 2.4683
cput2029 = 2122.95
mu2030 = 3.5146
Etot2030 = 2.4683
cput2030 = 2123.98
mu2031 = 3.5146
Etot2031 = 2.4683
cput2031 = 2124.99
mu2032 = 3.5146
Etot2032 = 2.4683
cput2032 = 2126.02
mu2033 = 3.5146
Etot2033 = 2.4683
cput2033 = 2127.05
mu2034 = 3.5145
Etot2034 = 2.4683
cput2034 = 2128.07
mu2035 = 3.5145
Etot2035 = 2.4683
cput2035 = 2129.09
mu2036 = 3.5145
Etot2036 = 2.4682
cput2036 = 2130.11
mu2037 = 3.5145
Etot2037 = 2.4682
cput2037 = 2131.13
mu2038 = 3.5145
Etot2038 = 2.4682
cput2038 = 2132.16
mu2039 = 3.5145
Etot2039 = 2.4682
cput2039 = 2133.19
mu2040 = 3.5144
Etot2040 = 2.4682
cput2040 = 2134.23
mu2041 = 3.5144
Etot2041 = 2.4682
cput2041 = 2135.26
mu2042 = 3.5144
Etot2042 = 2.4682
cput2042 = 2136.28
mu2043 = 3.5144
Etot2043 = 2.4682
cput2043 = 2137.3
mu2044 = 3.5144
Etot2044 = 2.4682
cput2044 = 2138.34
mu2045 = 3.5143
Etot2045 = 2.4682
cput2045 = 2139.37
mu2046 = 3.5143
Etot2046 = 2.4682
cput2046 = 2140.39
mu2047 = 3.5143
Etot2047 = 2.4682
cput2047 = 2141.43
mu2048 = 3.5143
Etot2048 = 2.4681
cput2048 = 2142.46
mu2049 = 3.5143
Etot2049 = 2.4681
cput2049 = 2143.49
mu2050 = 3.5143
Etot2050 = 2.4681
cput2050 = 2144.52
mu2051 = 3.5142
Etot2051 = 2.4681
cput2051 = 2145.53
mu2052 = 3.5142
Etot2052 = 2.4681
cput2052 = 2146.55
mu2053 = 3.5142
Etot2053 = 2.4681
cput2053 = 2147.56
mu2054 = 3.5142
Etot2054 = 2.4681
cput2054 = 2148.59
mu2055 = 3.5142
Etot2055 = 2.4681
cput2055 = 2149.62
mu2056 = 3.5141
Etot2056 = 2.4681
cput2056 = 2150.63
mu2057 = 3.5141
Etot2057 = 2.4681
cput2057 = 2151.66
mu2058 = 3.5141
Etot2058 = 2.4681
cput2058 = 2152.68
mu2059 = 3.5141
Etot2059 = 2.4681
cput2059 = 2153.69
mu2060 = 3.5141
Etot2060 = 2.468
cput2060 = 2154.71
mu2061 = 3.5141
Etot2061 = 2.468
cput2061 = 2155.74
mu2062 = 3.514
Etot2062 = 2.468
cput2062 = 2156.77
mu2063 = 3.514
Etot2063 = 2.468
cput2063 = 2157.81
mu2064 = 3.514
Etot2064 = 2.468
cput2064 = 2158.84
mu2065 = 3.514
Etot2065 = 2.468
cput2065 = 2159.87
mu2066 = 3.514
Etot2066 = 2.468
cput2066 = 2160.89
mu2067 = 3.514
Etot2067 = 2.468
cput2067 = 2161.92
mu2068 = 3.5139
Etot2068 = 2.468
cput2068 = 2162.94
mu2069 = 3.5139
Etot2069 = 2.468
cput2069 = 2163.97
mu2070 = 3.5139
Etot2070 = 2.468
cput2070 = 2164.99
mu2071 = 3.5139
Etot2071 = 2.468
cput2071 = 2166.01
mu2072 = 3.5139
Etot2072 = 2.4679
cput2072 = 2167.03
mu2073 = 3.5138
Etot2073 = 2.4679
cput2073 = 2168.05
mu2074 = 3.5138
Etot2074 = 2.4679
cput2074 = 2169.06
mu2075 = 3.5138
Etot2075 = 2.4679
cput2075 = 2170.07
mu2076 = 3.5138
Etot2076 = 2.4679
cput2076 = 2171.09
mu2077 = 3.5138
Etot2077 = 2.4679
cput2077 = 2172.12
mu2078 = 3.5138
Etot2078 = 2.4679
cput2078 = 2173.15
mu2079 = 3.5137
Etot2079 = 2.4679
cput2079 = 2174.18
mu2080 = 3.5137
Etot2080 = 2.4679
cput2080 = 2175.21
mu2081 = 3.5137
Etot2081 = 2.4679
cput2081 = 2176.24
mu2082 = 3.5137
Etot2082 = 2.4679
cput2082 = 2177.28
mu2083 = 3.5137
Etot2083 = 2.4679
cput2083 = 2178.31
mu2084 = 3.5137
Etot2084 = 2.4679
cput2084 = 2179.34
mu2085 = 3.5136
Etot2085 = 2.4678
cput2085 = 2180.36
mu2086 = 3.5136
Etot2086 = 2.4678
cput2086 = 2181.38
mu2087 = 3.5136
Etot2087 = 2.4678
cput2087 = 2182.41
mu2088 = 3.5136
Etot2088 = 2.4678
cput2088 = 2183.43
mu2089 = 3.5136
Etot2089 = 2.4678
cput2089 = 2184.47
mu2090 = 3.5135
Etot2090 = 2.4678
cput2090 = 2185.51
mu2091 = 3.5135
Etot2091 = 2.4678
cput2091 = 2186.53
mu2092 = 3.5135
Etot2092 = 2.4678
cput2092 = 2187.56
mu2093 = 3.5135
Etot2093 = 2.4678
cput2093 = 2188.6
mu2094 = 3.5135
Etot2094 = 2.4678
cput2094 = 2189.63
mu2095 = 3.5135
Etot2095 = 2.4678
cput2095 = 2190.67
mu2096 = 3.5134
Etot2096 = 2.4678
cput2096 = 2191.71
mu2097 = 3.5134
Etot2097 = 2.4677
cput2097 = 2192.74
mu2098 = 3.5134
Etot2098 = 2.4677
cput2098 = 2193.76
mu2099 = 3.5134
Etot2099 = 2.4677
cput2099 = 2194.78
mu2100 = 3.5134
Etot2100 = 2.4677
cput2100 = 2195.81
mu2101 = 3.5134
Etot2101 = 2.4677
cput2101 = 2196.84
mu2102 = 3.5133
Etot2102 = 2.4677
cput2102 = 2197.88
mu2103 = 3.5133
Etot2103 = 2.4677
cput2103 = 2198.91
mu2104 = 3.5133
Etot2104 = 2.4677
cput2104 = 2199.93
mu2105 = 3.5133
Etot2105 = 2.4677
cput2105 = 2200.96
mu2106 = 3.5133
Etot2106 = 2.4677
cput2106 = 2201.98
mu2107 = 3.5132
Etot2107 = 2.4677
cput2107 = 2203
mu2108 = 3.5132
Etot2108 = 2.4677
cput2108 = 2204.02
mu2109 = 3.5132
Etot2109 = 2.4677
cput2109 = 2205.06
mu2110 = 3.5132
Etot2110 = 2.4676
cput2110 = 2206.08
mu2111 = 3.5132
Etot2111 = 2.4676
cput2111 = 2207.11
mu2112 = 3.5132
Etot2112 = 2.4676
cput2112 = 2208.14
mu2113 = 3.5131
Etot2113 = 2.4676
cput2113 = 2209.18
mu2114 = 3.5131
Etot2114 = 2.4676
cput2114 = 2210.2
mu2115 = 3.5131
Etot2115 = 2.4676
cput2115 = 2211.22
mu2116 = 3.5131
Etot2116 = 2.4676
cput2116 = 2212.25
mu2117 = 3.5131
Etot2117 = 2.4676
cput2117 = 2213.28
mu2118 = 3.5131
Etot2118 = 2.4676
cput2118 = 2214.31
mu2119 = 3.513
Etot2119 = 2.4676
cput2119 = 2215.34
mu2120 = 3.513
Etot2120 = 2.4676
cput2120 = 2216.37
mu2121 = 3.513
Etot2121 = 2.4676
cput2121 = 2217.4
mu2122 = 3.513
Etot2122 = 2.4675
cput2122 = 2218.43
mu2123 = 3.513
Etot2123 = 2.4675
cput2123 = 2219.45
mu2124 = 3.513
Etot2124 = 2.4675
cput2124 = 2220.48
mu2125 = 3.5129
Etot2125 = 2.4675
cput2125 = 2221.5
mu2126 = 3.5129
Etot2126 = 2.4675
cput2126 = 2222.53
mu2127 = 3.5129
Etot2127 = 2.4675
cput2127 = 2223.56
mu2128 = 3.5129
Etot2128 = 2.4675
cput2128 = 2224.59
mu2129 = 3.5129
Etot2129 = 2.4675
cput2129 = 2225.62
mu2130 = 3.5128
Etot2130 = 2.4675
cput2130 = 2226.64
mu2131 = 3.5128
Etot2131 = 2.4675
cput2131 = 2227.67
mu2132 = 3.5128
Etot2132 = 2.4675
cput2132 = 2228.7
mu2133 = 3.5128
Etot2133 = 2.4675
cput2133 = 2229.73
mu2134 = 3.5128
Etot2134 = 2.4675
cput2134 = 2230.75
mu2135 = 3.5128
Etot2135 = 2.4674
cput2135 = 2231.77
mu2136 = 3.5127
Etot2136 = 2.4674
cput2136 = 2232.79
mu2137 = 3.5127
Etot2137 = 2.4674
cput2137 = 2233.83
mu2138 = 3.5127
Etot2138 = 2.4674
cput2138 = 2234.87
mu2139 = 3.5127
Etot2139 = 2.4674
cput2139 = 2235.89
mu2140 = 3.5127
Etot2140 = 2.4674
cput2140 = 2236.93
mu2141 = 3.5127
Etot2141 = 2.4674
cput2141 = 2237.97
mu2142 = 3.5126
Etot2142 = 2.4674
cput2142 = 2238.99
mu2143 = 3.5126
Etot2143 = 2.4674
cput2143 = 2240.02
mu2144 = 3.5126
Etot2144 = 2.4674
cput2144 = 2241.07
mu2145 = 3.5126
Etot2145 = 2.4674
cput2145 = 2242.11
mu2146 = 3.5126
Etot2146 = 2.4674
cput2146 = 2243.15
mu2147 = 3.5126
Etot2147 = 2.4674
cput2147 = 2244.19
mu2148 = 3.5125
Etot2148 = 2.4673
cput2148 = 2245.22
mu2149 = 3.5125
Etot2149 = 2.4673
cput2149 = 2246.26
mu2150 = 3.5125
Etot2150 = 2.4673
cput2150 = 2247.29
mu2151 = 3.5125
Etot2151 = 2.4673
cput2151 = 2248.33
mu2152 = 3.5125
Etot2152 = 2.4673
cput2152 = 2249.38
mu2153 = 3.5125
Etot2153 = 2.4673
cput2153 = 2250.43
mu2154 = 3.5124
Etot2154 = 2.4673
cput2154 = 2251.47
mu2155 = 3.5124
Etot2155 = 2.4673
cput2155 = 2252.5
mu2156 = 3.5124
Etot2156 = 2.4673
cput2156 = 2253.54
mu2157 = 3.5124
Etot2157 = 2.4673
cput2157 = 2254.58
mu2158 = 3.5124
Etot2158 = 2.4673
cput2158 = 2255.62
mu2159 = 3.5123
Etot2159 = 2.4673
cput2159 = 2256.65
mu2160 = 3.5123
Etot2160 = 2.4672
cput2160 = 2257.67
mu2161 = 3.5123
Etot2161 = 2.4672
cput2161 = 2258.69
mu2162 = 3.5123
Etot2162 = 2.4672
cput2162 = 2259.72
mu2163 = 3.5123
Etot2163 = 2.4672
cput2163 = 2260.75
mu2164 = 3.5123
Etot2164 = 2.4672
cput2164 = 2261.78
mu2165 = 3.5122
Etot2165 = 2.4672
cput2165 = 2262.8
mu2166 = 3.5122
Etot2166 = 2.4672
cput2166 = 2263.83
mu2167 = 3.5122
Etot2167 = 2.4672
cput2167 = 2264.85
mu2168 = 3.5122
Etot2168 = 2.4672
cput2168 = 2265.88
mu2169 = 3.5122
Etot2169 = 2.4672
cput2169 = 2266.91
mu2170 = 3.5122
Etot2170 = 2.4672
cput2170 = 2267.93
mu2171 = 3.5121
Etot2171 = 2.4672
cput2171 = 2268.96
mu2172 = 3.5121
Etot2172 = 2.4672
cput2172 = 2270
mu2173 = 3.5121
Etot2173 = 2.4671
cput2173 = 2271.03
mu2174 = 3.5121
Etot2174 = 2.4671
cput2174 = 2272.06
mu2175 = 3.5121
Etot2175 = 2.4671
cput2175 = 2273.1
mu2176 = 3.5121
Etot2176 = 2.4671
cput2176 = 2274.14
mu2177 = 3.512
Etot2177 = 2.4671
cput2177 = 2275.17
mu2178 = 3.512
Etot2178 = 2.4671
cput2178 = 2276.2
mu2179 = 3.512
Etot2179 = 2.4671
cput2179 = 2277.21
mu2180 = 3.512
Etot2180 = 2.4671
cput2180 = 2278.23
mu2181 = 3.512
Etot2181 = 2.4671
cput2181 = 2279.25
mu2182 = 3.512
Etot2182 = 2.4671
cput2182 = 2280.27
mu2183 = 3.5119
Etot2183 = 2.4671
cput2183 = 2281.29
mu2184 = 3.5119
Etot2184 = 2.4671
cput2184 = 2282.31
mu2185 = 3.5119
Etot2185 = 2.4671
cput2185 = 2283.33
mu2186 = 3.5119
Etot2186 = 2.467
cput2186 = 2284.37
mu2187 = 3.5119
Etot2187 = 2.467
cput2187 = 2285.4
mu2188 = 3.5119
Etot2188 = 2.467
cput2188 = 2286.43
mu2189 = 3.5118
Etot2189 = 2.467
cput2189 = 2287.46
mu2190 = 3.5118
Etot2190 = 2.467
cput2190 = 2288.49
mu2191 = 3.5118
Etot2191 = 2.467
cput2191 = 2289.51
mu2192 = 3.5118
Etot2192 = 2.467
cput2192 = 2290.53
mu2193 = 3.5118
Etot2193 = 2.467
cput2193 = 2291.56
mu2194 = 3.5118
Etot2194 = 2.467
cput2194 = 2292.58
mu2195 = 3.5117
Etot2195 = 2.467
cput2195 = 2293.6
mu2196 = 3.5117
Etot2196 = 2.467
cput2196 = 2294.61
mu2197 = 3.5117
Etot2197 = 2.467
cput2197 = 2295.64
mu2198 = 3.5117
Etot2198 = 2.467
cput2198 = 2296.66
mu2199 = 3.5117
Etot2199 = 2.4669
cput2199 = 2297.68
mu2200 = 3.5117
Etot2200 = 2.4669
cput2200 = 2298.7
mu2201 = 3.5116
Etot2201 = 2.4669
cput2201 = 2299.73
mu2202 = 3.5116
Etot2202 = 2.4669
cput2202 = 2300.75
mu2203 = 3.5116
Etot2203 = 2.4669
cput2203 = 2301.77
mu2204 = 3.5116
Etot2204 = 2.4669
cput2204 = 2302.81
mu2205 = 3.5116
Etot2205 = 2.4669
cput2205 = 2303.85
mu2206 = 3.5116
Etot2206 = 2.4669
cput2206 = 2304.87
mu2207 = 3.5115
Etot2207 = 2.4669
cput2207 = 2305.89
mu2208 = 3.5115
Etot2208 = 2.4669
cput2208 = 2306.93
mu2209 = 3.5115
Etot2209 = 2.4669
cput2209 = 2307.96
mu2210 = 3.5115
Etot2210 = 2.4669
cput2210 = 2309
mu2211 = 3.5115
Etot2211 = 2.4669
cput2211 = 2310.04
mu2212 = 3.5115
Etot2212 = 2.4668
cput2212 = 2311.07
mu2213 = 3.5114
Etot2213 = 2.4668
cput2213 = 2312.1
mu2214 = 3.5114
Etot2214 = 2.4668
cput2214 = 2313.14
mu2215 = 3.5114
Etot2215 = 2.4668
cput2215 = 2314.17
mu2216 = 3.5114
Etot2216 = 2.4668
cput2216 = 2315.2
mu2217 = 3.5114
Etot2217 = 2.4668
cput2217 = 2316.22
mu2218 = 3.5114
Etot2218 = 2.4668
cput2218 = 2317.25
mu2219 = 3.5113
Etot2219 = 2.4668
cput2219 = 2318.27
mu2220 = 3.5113
Etot2220 = 2.4668
cput2220 = 2319.3
mu2221 = 3.5113
Etot2221 = 2.4668
cput2221 = 2320.33
mu2222 = 3.5113
Etot2222 = 2.4668
cput2222 = 2321.36
mu2223 = 3.5113
Etot2223 = 2.4668
cput2223 = 2322.38
mu2224 = 3.5113
Etot2224 = 2.4668
cput2224 = 2323.41
mu2225 = 3.5112
Etot2225 = 2.4668
cput2225 = 2324.44
mu2226 = 3.5112
Etot2226 = 2.4667
cput2226 = 2325.45
mu2227 = 3.5112
Etot2227 = 2.4667
cput2227 = 2326.47
mu2228 = 3.5112
Etot2228 = 2.4667
cput2228 = 2327.5
mu2229 = 3.5112
Etot2229 = 2.4667
cput2229 = 2328.52
mu2230 = 3.5112
Etot2230 = 2.4667
cput2230 = 2329.55
mu2231 = 3.5111
Etot2231 = 2.4667
cput2231 = 2330.58
mu2232 = 3.5111
Etot2232 = 2.4667
cput2232 = 2331.61
mu2233 = 3.5111
Etot2233 = 2.4667
cput2233 = 2332.61
mu2234 = 3.5111
Etot2234 = 2.4667
cput2234 = 2333.65
mu2235 = 3.5111
Etot2235 = 2.4667
cput2235 = 2334.68
mu2236 = 3.5111
Etot2236 = 2.4667
cput2236 = 2335.71
mu2237 = 3.511
Etot2237 = 2.4667
cput2237 = 2336.74
mu2238 = 3.511
Etot2238 = 2.4667
cput2238 = 2337.77
mu2239 = 3.511
Etot2239 = 2.4666
cput2239 = 2338.79
mu2240 = 3.511
Etot2240 = 2.4666
cput2240 = 2339.82
mu2241 = 3.511
Etot2241 = 2.4666
cput2241 = 2340.85
mu2242 = 3.511
Etot2242 = 2.4666
cput2242 = 2341.88
mu2243 = 3.5109
Etot2243 = 2.4666
cput2243 = 2342.91
mu2244 = 3.5109
Etot2244 = 2.4666
cput2244 = 2343.94
mu2245 = 3.5109
Etot2245 = 2.4666
cput2245 = 2344.97
mu2246 = 3.5109
Etot2246 = 2.4666
cput2246 = 2346
mu2247 = 3.5109
Etot2247 = 2.4666
cput2247 = 2347.03
mu2248 = 3.5109
Etot2248 = 2.4666
cput2248 = 2348.07
mu2249 = 3.5108
Etot2249 = 2.4666
cput2249 = 2349.09
mu2250 = 3.5108
Etot2250 = 2.4666
cput2250 = 2350.11
mu2251 = 3.5108
Etot2251 = 2.4666
cput2251 = 2351.15
mu2252 = 3.5108
Etot2252 = 2.4665
cput2252 = 2352.18
mu2253 = 3.5108
Etot2253 = 2.4665
cput2253 = 2353.2
mu2254 = 3.5108
Etot2254 = 2.4665
cput2254 = 2354.22
mu2255 = 3.5107
Etot2255 = 2.4665
cput2255 = 2355.24
mu2256 = 3.5107
Etot2256 = 2.4665
cput2256 = 2356.27
mu2257 = 3.5107
Etot2257 = 2.4665
cput2257 = 2357.3
mu2258 = 3.5107
Etot2258 = 2.4665
cput2258 = 2358.34
mu2259 = 3.5107
Etot2259 = 2.4665
cput2259 = 2359.37
mu2260 = 3.5107
Etot2260 = 2.4665
cput2260 = 2360.4
mu2261 = 3.5106
Etot2261 = 2.4665
cput2261 = 2361.43
mu2262 = 3.5106
Etot2262 = 2.4665
cput2262 = 2362.46
mu2263 = 3.5106
Etot2263 = 2.4665
cput2263 = 2363.49
mu2264 = 3.5106
Etot2264 = 2.4665
cput2264 = 2364.52
mu2265 = 3.5106
Etot2265 = 2.4665
cput2265 = 2365.56
mu2266 = 3.5106
Etot2266 = 2.4664
cput2266 = 2366.59
mu2267 = 3.5105
Etot2267 = 2.4664
cput2267 = 2367.61
mu2268 = 3.5105
Etot2268 = 2.4664
cput2268 = 2368.62
mu2269 = 3.5105
Etot2269 = 2.4664
cput2269 = 2369.65
mu2270 = 3.5105
Etot2270 = 2.4664
cput2270 = 2370.67
mu2271 = 3.5105
Etot2271 = 2.4664
cput2271 = 2371.69
mu2272 = 3.5105
Etot2272 = 2.4664
cput2272 = 2372.71
mu2273 = 3.5105
Etot2273 = 2.4664
cput2273 = 2373.73
mu2274 = 3.5104
Etot2274 = 2.4664
cput2274 = 2374.74
mu2275 = 3.5104
Etot2275 = 2.4664
cput2275 = 2375.75
mu2276 = 3.5104
Etot2276 = 2.4664
cput2276 = 2376.78
mu2277 = 3.5104
Etot2277 = 2.4664
cput2277 = 2377.8
mu2278 = 3.5104
Etot2278 = 2.4664
cput2278 = 2378.82
mu2279 = 3.5104
Etot2279 = 2.4663
cput2279 = 2379.84
mu2280 = 3.5103
Etot2280 = 2.4663
cput2280 = 2380.87
mu2281 = 3.5103
Etot2281 = 2.4663
cput2281 = 2381.9
mu2282 = 3.5103
Etot2282 = 2.4663
cput2282 = 2382.93
mu2283 = 3.5103
Etot2283 = 2.4663
cput2283 = 2383.95
mu2284 = 3.5103
Etot2284 = 2.4663
cput2284 = 2384.98
mu2285 = 3.5103
Etot2285 = 2.4663
cput2285 = 2385.99
mu2286 = 3.5102
Etot2286 = 2.4663
cput2286 = 2387.01
mu2287 = 3.5102
Etot2287 = 2.4663
cput2287 = 2388.03
mu2288 = 3.5102
Etot2288 = 2.4663
cput2288 = 2389.05
mu2289 = 3.5102
Etot2289 = 2.4663
cput2289 = 2390.08
mu2290 = 3.5102
Etot2290 = 2.4663
cput2290 = 2391.11
mu2291 = 3.5102
Etot2291 = 2.4663
cput2291 = 2392.13
mu2292 = 3.5101
Etot2292 = 2.4663
cput2292 = 2393.17
mu2293 = 3.5101
Etot2293 = 2.4662
cput2293 = 2394.19
mu2294 = 3.5101
Etot2294 = 2.4662
cput2294 = 2395.2
mu2295 = 3.5101
Etot2295 = 2.4662
cput2295 = 2396.22
mu2296 = 3.5101
Etot2296 = 2.4662
cput2296 = 2397.25
mu2297 = 3.5101
Etot2297 = 2.4662
cput2297 = 2398.28
mu2298 = 3.51
Etot2298 = 2.4662
cput2298 = 2399.29
mu2299 = 3.51
Etot2299 = 2.4662
cput2299 = 2400.3
mu2300 = 3.51
Etot2300 = 2.4662
cput2300 = 2401.33
mu2301 = 3.51
Etot2301 = 2.4662
cput2301 = 2402.36
mu2302 = 3.51
Etot2302 = 2.4662
cput2302 = 2403.38
mu2303 = 3.51
Etot2303 = 2.4662
cput2303 = 2404.4
mu2304 = 3.5099
Etot2304 = 2.4662
cput2304 = 2405.43
mu2305 = 3.5099
Etot2305 = 2.4662
cput2305 = 2406.45
mu2306 = 3.5099
Etot2306 = 2.4662
cput2306 = 2407.48
mu2307 = 3.5099
Etot2307 = 2.4661
cput2307 = 2408.5
mu2308 = 3.5099
Etot2308 = 2.4661
cput2308 = 2409.52
mu2309 = 3.5099
Etot2309 = 2.4661
cput2309 = 2410.54
mu2310 = 3.5099
Etot2310 = 2.4661
cput2310 = 2411.56
mu2311 = 3.5098
Etot2311 = 2.4661
cput2311 = 2412.59
mu2312 = 3.5098
Etot2312 = 2.4661
cput2312 = 2413.62
mu2313 = 3.5098
Etot2313 = 2.4661
cput2313 = 2414.65
mu2314 = 3.5098
Etot2314 = 2.4661
cput2314 = 2415.68
mu2315 = 3.5098
Etot2315 = 2.4661
cput2315 = 2416.71
mu2316 = 3.5098
Etot2316 = 2.4661
cput2316 = 2417.74
mu2317 = 3.5097
Etot2317 = 2.4661
cput2317 = 2418.77
mu2318 = 3.5097
Etot2318 = 2.4661
cput2318 = 2419.79
mu2319 = 3.5097
Etot2319 = 2.4661
cput2319 = 2420.82
mu2320 = 3.5097
Etot2320 = 2.466
cput2320 = 2421.85
mu2321 = 3.5097
Etot2321 = 2.466
cput2321 = 2422.88
mu2322 = 3.5097
Etot2322 = 2.466
cput2322 = 2423.9
mu2323 = 3.5096
Etot2323 = 2.466
cput2323 = 2424.92
mu2324 = 3.5096
Etot2324 = 2.466
cput2324 = 2425.95
mu2325 = 3.5096
Etot2325 = 2.466
cput2325 = 2426.97
mu2326 = 3.5096
Etot2326 = 2.466
cput2326 = 2427.97
mu2327 = 3.5096
Etot2327 = 2.466
cput2327 = 2428.98
mu2328 = 3.5096
Etot2328 = 2.466
cput2328 = 2429.99
mu2329 = 3.5095
Etot2329 = 2.466
cput2329 = 2431.01
mu2330 = 3.5095
Etot2330 = 2.466
cput2330 = 2432.03
mu2331 = 3.5095
Etot2331 = 2.466
cput2331 = 2433.05
mu2332 = 3.5095
Etot2332 = 2.466
cput2332 = 2434.07
mu2333 = 3.5095
Etot2333 = 2.466
cput2333 = 2435.09
mu2334 = 3.5095
Etot2334 = 2.4659
cput2334 = 2436.12
mu2335 = 3.5095
Etot2335 = 2.4659
cput2335 = 2437.14
mu2336 = 3.5094
Etot2336 = 2.4659
cput2336 = 2438.17
mu2337 = 3.5094
Etot2337 = 2.4659
cput2337 = 2439.19
mu2338 = 3.5094
Etot2338 = 2.4659
cput2338 = 2440.2
mu2339 = 3.5094
Etot2339 = 2.4659
cput2339 = 2441.24
mu2340 = 3.5094
Etot2340 = 2.4659
cput2340 = 2442.27
mu2341 = 3.5094
Etot2341 = 2.4659
cput2341 = 2443.29
mu2342 = 3.5093
Etot2342 = 2.4659
cput2342 = 2444.32
mu2343 = 3.5093
Etot2343 = 2.4659
cput2343 = 2445.35
mu2344 = 3.5093
Etot2344 = 2.4659
cput2344 = 2446.38
mu2345 = 3.5093
Etot2345 = 2.4659
cput2345 = 2447.4
mu2346 = 3.5093
Etot2346 = 2.4659
cput2346 = 2448.42
mu2347 = 3.5093
Etot2347 = 2.4659
cput2347 = 2449.45
mu2348 = 3.5092
Etot2348 = 2.4658
cput2348 = 2450.48
mu2349 = 3.5092
Etot2349 = 2.4658
cput2349 = 2451.5
mu2350 = 3.5092
Etot2350 = 2.4658
cput2350 = 2452.54
mu2351 = 3.5092
Etot2351 = 2.4658
cput2351 = 2453.57
mu2352 = 3.5092
Etot2352 = 2.4658
cput2352 = 2454.61
mu2353 = 3.5092
Etot2353 = 2.4658
cput2353 = 2455.64
mu2354 = 3.5092
Etot2354 = 2.4658
cput2354 = 2456.68
mu2355 = 3.5091
Etot2355 = 2.4658
cput2355 = 2457.72
mu2356 = 3.5091
Etot2356 = 2.4658
cput2356 = 2458.73
mu2357 = 3.5091
Etot2357 = 2.4658
cput2357 = 2459.75
mu2358 = 3.5091
Etot2358 = 2.4658
cput2358 = 2460.77
mu2359 = 3.5091
Etot2359 = 2.4658
cput2359 = 2461.8
mu2360 = 3.5091
Etot2360 = 2.4658
cput2360 = 2462.84
mu2361 = 3.509
Etot2361 = 2.4658
cput2361 = 2463.88
mu2362 = 3.509
Etot2362 = 2.4657
cput2362 = 2464.91
mu2363 = 3.509
Etot2363 = 2.4657
cput2363 = 2465.94
mu2364 = 3.509
Etot2364 = 2.4657
cput2364 = 2466.96
mu2365 = 3.509
Etot2365 = 2.4657
cput2365 = 2467.98
mu2366 = 3.509
Etot2366 = 2.4657
cput2366 = 2469.02
mu2367 = 3.5089
Etot2367 = 2.4657
cput2367 = 2470.05
mu2368 = 3.5089
Etot2368 = 2.4657
cput2368 = 2471.08
mu2369 = 3.5089
Etot2369 = 2.4657
cput2369 = 2472.11
mu2370 = 3.5089
Etot2370 = 2.4657
cput2370 = 2473.14
mu2371 = 3.5089
Etot2371 = 2.4657
cput2371 = 2474.17
mu2372 = 3.5089
Etot2372 = 2.4657
cput2372 = 2475.2
mu2373 = 3.5089
Etot2373 = 2.4657
cput2373 = 2476.23
mu2374 = 3.5088
Etot2374 = 2.4657
cput2374 = 2477.27
mu2375 = 3.5088
Etot2375 = 2.4657
cput2375 = 2478.3
mu2376 = 3.5088
Etot2376 = 2.4656
cput2376 = 2479.33
mu2377 = 3.5088
Etot2377 = 2.4656
cput2377 = 2480.36
mu2378 = 3.5088
Etot2378 = 2.4656
cput2378 = 2481.39
mu2379 = 3.5088
Etot2379 = 2.4656
cput2379 = 2482.42
mu2380 = 3.5087
Etot2380 = 2.4656
cput2380 = 2483.45
mu2381 = 3.5087
Etot2381 = 2.4656
cput2381 = 2484.47
mu2382 = 3.5087
Etot2382 = 2.4656
cput2382 = 2485.5
mu2383 = 3.5087
Etot2383 = 2.4656
cput2383 = 2486.54
mu2384 = 3.5087
Etot2384 = 2.4656
cput2384 = 2487.56
mu2385 = 3.5087
Etot2385 = 2.4656
cput2385 = 2488.58
mu2386 = 3.5086
Etot2386 = 2.4656
cput2386 = 2489.6
mu2387 = 3.5086
Etot2387 = 2.4656
cput2387 = 2490.64
mu2388 = 3.5086
Etot2388 = 2.4656
cput2388 = 2491.66
mu2389 = 3.5086
Etot2389 = 2.4656
cput2389 = 2492.68
mu2390 = 3.5086
Etot2390 = 2.4655
cput2390 = 2493.71
mu2391 = 3.5086
Etot2391 = 2.4655
cput2391 = 2494.75
mu2392 = 3.5086
Etot2392 = 2.4655
cput2392 = 2495.79
mu2393 = 3.5085
Etot2393 = 2.4655
cput2393 = 2496.82
mu2394 = 3.5085
Etot2394 = 2.4655
cput2394 = 2497.85
mu2395 = 3.5085
Etot2395 = 2.4655
cput2395 = 2498.89
mu2396 = 3.5085
Etot2396 = 2.4655
cput2396 = 2499.93
mu2397 = 3.5085
Etot2397 = 2.4655
cput2397 = 2500.96
mu2398 = 3.5085
Etot2398 = 2.4655
cput2398 = 2501.99
mu2399 = 3.5084
Etot2399 = 2.4655
cput2399 = 2503.02
mu2400 = 3.5084
Etot2400 = 2.4655
cput2400 = 2504.05
mu2401 = 3.5084
Etot2401 = 2.4655
cput2401 = 2505.08
mu2402 = 3.5084
Etot2402 = 2.4655
cput2402 = 2506.11
mu2403 = 3.5084
Etot2403 = 2.4655
cput2403 = 2507.13
mu2404 = 3.5084
Etot2404 = 2.4655
cput2404 = 2508.16
mu2405 = 3.5084
Etot2405 = 2.4654
cput2405 = 2509.18
mu2406 = 3.5083
Etot2406 = 2.4654
cput2406 = 2510.2
mu2407 = 3.5083
Etot2407 = 2.4654
cput2407 = 2511.22
mu2408 = 3.5083
Etot2408 = 2.4654
cput2408 = 2512.25
mu2409 = 3.5083
Etot2409 = 2.4654
cput2409 = 2513.29
mu2410 = 3.5083
Etot2410 = 2.4654
cput2410 = 2514.32
mu2411 = 3.5083
Etot2411 = 2.4654
cput2411 = 2515.35
mu2412 = 3.5082
Etot2412 = 2.4654
cput2412 = 2516.38
mu2413 = 3.5082
Etot2413 = 2.4654
cput2413 = 2517.4
mu2414 = 3.5082
Etot2414 = 2.4654
cput2414 = 2518.43
mu2415 = 3.5082
Etot2415 = 2.4654
cput2415 = 2519.46
mu2416 = 3.5082
Etot2416 = 2.4654
cput2416 = 2520.49
mu2417 = 3.5082
Etot2417 = 2.4654
cput2417 = 2521.52
mu2418 = 3.5081
Etot2418 = 2.4654
cput2418 = 2522.55
mu2419 = 3.5081
Etot2419 = 2.4653
cput2419 = 2523.57
mu2420 = 3.5081
Etot2420 = 2.4653
cput2420 = 2524.59
mu2421 = 3.5081
Etot2421 = 2.4653
cput2421 = 2525.62
mu2422 = 3.5081
Etot2422 = 2.4653
cput2422 = 2526.64
mu2423 = 3.5081
Etot2423 = 2.4653
cput2423 = 2527.66
mu2424 = 3.5081
Etot2424 = 2.4653
cput2424 = 2528.69
mu2425 = 3.508
Etot2425 = 2.4653
cput2425 = 2529.72
mu2426 = 3.508
Etot2426 = 2.4653
cput2426 = 2530.75
mu2427 = 3.508
Etot2427 = 2.4653
cput2427 = 2531.77
mu2428 = 3.508
Etot2428 = 2.4653
cput2428 = 2532.8
mu2429 = 3.508
Etot2429 = 2.4653
cput2429 = 2533.84
mu2430 = 3.508
Etot2430 = 2.4653
cput2430 = 2534.86
mu2431 = 3.5079
Etot2431 = 2.4653
cput2431 = 2535.89
mu2432 = 3.5079
Etot2432 = 2.4653
cput2432 = 2536.92
mu2433 = 3.5079
Etot2433 = 2.4652
cput2433 = 2537.96
mu2434 = 3.5079
Etot2434 = 2.4652
cput2434 = 2538.99
mu2435 = 3.5079
Etot2435 = 2.4652
cput2435 = 2540.02
mu2436 = 3.5079
Etot2436 = 2.4652
cput2436 = 2541.04
mu2437 = 3.5079
Etot2437 = 2.4652
cput2437 = 2542.06
mu2438 = 3.5078
Etot2438 = 2.4652
cput2438 = 2543.09
mu2439 = 3.5078
Etot2439 = 2.4652
cput2439 = 2544.13
mu2440 = 3.5078
Etot2440 = 2.4652
cput2440 = 2545.15
mu2441 = 3.5078
Etot2441 = 2.4652
cput2441 = 2546.17
mu2442 = 3.5078
Etot2442 = 2.4652
cput2442 = 2547.2
mu2443 = 3.5078
Etot2443 = 2.4652
cput2443 = 2548.22
mu2444 = 3.5077
Etot2444 = 2.4652
cput2444 = 2549.25
mu2445 = 3.5077
Etot2445 = 2.4652
cput2445 = 2550.29
mu2446 = 3.5077
Etot2446 = 2.4652
cput2446 = 2551.33
mu2447 = 3.5077
Etot2447 = 2.4652
cput2447 = 2552.37
mu2448 = 3.5077
Etot2448 = 2.4651
cput2448 = 2553.4
mu2449 = 3.5077
Etot2449 = 2.4651
cput2449 = 2554.43
mu2450 = 3.5077
Etot2450 = 2.4651
cput2450 = 2555.47
mu2451 = 3.5076
Etot2451 = 2.4651
cput2451 = 2556.49
mu2452 = 3.5076
Etot2452 = 2.4651
cput2452 = 2557.52
mu2453 = 3.5076
Etot2453 = 2.4651
cput2453 = 2558.55
mu2454 = 3.5076
Etot2454 = 2.4651
cput2454 = 2559.58
mu2455 = 3.5076
Etot2455 = 2.4651
cput2455 = 2560.61
mu2456 = 3.5076
Etot2456 = 2.4651
cput2456 = 2561.66
mu2457 = 3.5075
Etot2457 = 2.4651
cput2457 = 2562.7
mu2458 = 3.5075
Etot2458 = 2.4651
cput2458 = 2563.73
mu2459 = 3.5075
Etot2459 = 2.4651
cput2459 = 2564.75
mu2460 = 3.5075
Etot2460 = 2.4651
cput2460 = 2565.77
mu2461 = 3.5075
Etot2461 = 2.4651
cput2461 = 2566.79
mu2462 = 3.5075
Etot2462 = 2.465
cput2462 = 2567.82
mu2463 = 3.5075
Etot2463 = 2.465
cput2463 = 2568.84
mu2464 = 3.5074
Etot2464 = 2.465
cput2464 = 2569.85
mu2465 = 3.5074
Etot2465 = 2.465
cput2465 = 2570.86
mu2466 = 3.5074
Etot2466 = 2.465
cput2466 = 2571.87
mu2467 = 3.5074
Etot2467 = 2.465
cput2467 = 2572.88
mu2468 = 3.5074
Etot2468 = 2.465
cput2468 = 2573.89
mu2469 = 3.5074
Etot2469 = 2.465
cput2469 = 2574.91
mu2470 = 3.5073
Etot2470 = 2.465
cput2470 = 2575.93
mu2471 = 3.5073
Etot2471 = 2.465
cput2471 = 2576.95
mu2472 = 3.5073
Etot2472 = 2.465
cput2472 = 2577.96
mu2473 = 3.5073
Etot2473 = 2.465
cput2473 = 2578.97
mu2474 = 3.5073
Etot2474 = 2.465
cput2474 = 2579.99
mu2475 = 3.5073
Etot2475 = 2.465
cput2475 = 2581
mu2476 = 3.5073
Etot2476 = 2.465
cput2476 = 2582.01
mu2477 = 3.5072
Etot2477 = 2.4649
cput2477 = 2583.02
mu2478 = 3.5072
Etot2478 = 2.4649
cput2478 = 2584.05
mu2479 = 3.5072
Etot2479 = 2.4649
cput2479 = 2585.07
mu2480 = 3.5072
Etot2480 = 2.4649
cput2480 = 2586.1
mu2481 = 3.5072
Etot2481 = 2.4649
cput2481 = 2587.13
mu2482 = 3.5072
Etot2482 = 2.4649
cput2482 = 2588.16
mu2483 = 3.5072
Etot2483 = 2.4649
cput2483 = 2589.18
mu2484 = 3.5071
Etot2484 = 2.4649
cput2484 = 2590.21
mu2485 = 3.5071
Etot2485 = 2.4649
cput2485 = 2591.25
mu2486 = 3.5071
Etot2486 = 2.4649
cput2486 = 2592.28
mu2487 = 3.5071
Etot2487 = 2.4649
cput2487 = 2593.31
mu2488 = 3.5071
Etot2488 = 2.4649
cput2488 = 2594.34
mu2489 = 3.5071
Etot2489 = 2.4649
cput2489 = 2595.36
mu2490 = 3.507
Etot2490 = 2.4649
cput2490 = 2596.4
mu2491 = 3.507
Etot2491 = 2.4648
cput2491 = 2597.44
mu2492 = 3.507
Etot2492 = 2.4648
cput2492 = 2598.47
mu2493 = 3.507
Etot2493 = 2.4648
cput2493 = 2599.5
mu2494 = 3.507
Etot2494 = 2.4648
cput2494 = 2600.52
mu2495 = 3.507
Etot2495 = 2.4648
cput2495 = 2601.55
mu2496 = 3.507
Etot2496 = 2.4648
cput2496 = 2602.57
mu2497 = 3.5069
Etot2497 = 2.4648
cput2497 = 2603.6
mu2498 = 3.5069
Etot2498 = 2.4648
cput2498 = 2604.63
mu2499 = 3.5069
Etot2499 = 2.4648
cput2499 = 2605.65
mu2500 = 3.5069
Etot2500 = 2.4648
cput2500 = 2606.67
mu2501 = 3.5069
Etot2501 = 2.4648
cput2501 = 2607.7
mu2502 = 3.5069
Etot2502 = 2.4648
cput2502 = 2608.71
mu2503 = 3.5068
Etot2503 = 2.4648
cput2503 = 2609.73
mu2504 = 3.5068
Etot2504 = 2.4648
cput2504 = 2610.76
mu2505 = 3.5068
Etot2505 = 2.4648
cput2505 = 2611.79
mu2506 = 3.5068
Etot2506 = 2.4647
cput2506 = 2612.82
mu2507 = 3.5068
Etot2507 = 2.4647
cput2507 = 2613.85
mu2508 = 3.5068
Etot2508 = 2.4647
cput2508 = 2614.87
mu2509 = 3.5068
Etot2509 = 2.4647
cput2509 = 2615.9
mu2510 = 3.5067
Etot2510 = 2.4647
cput2510 = 2616.94
mu2511 = 3.5067
Etot2511 = 2.4647
cput2511 = 2617.97
mu2512 = 3.5067
Etot2512 = 2.4647
cput2512 = 2619
mu2513 = 3.5067
Etot2513 = 2.4647
cput2513 = 2620.02
mu2514 = 3.5067
Etot2514 = 2.4647
cput2514 = 2621.05
mu2515 = 3.5067
Etot2515 = 2.4647
cput2515 = 2622.08
mu2516 = 3.5066
Etot2516 = 2.4647
cput2516 = 2623.1
mu2517 = 3.5066
Etot2517 = 2.4647
cput2517 = 2624.13
mu2518 = 3.5066
Etot2518 = 2.4647
cput2518 = 2625.16
mu2519 = 3.5066
Etot2519 = 2.4647
cput2519 = 2626.19
mu2520 = 3.5066
Etot2520 = 2.4647
cput2520 = 2627.22
mu2521 = 3.5066
Etot2521 = 2.4646
cput2521 = 2628.25
mu2522 = 3.5066
Etot2522 = 2.4646
cput2522 = 2629.3
mu2523 = 3.5065
Etot2523 = 2.4646
cput2523 = 2630.33
mu2524 = 3.5065
Etot2524 = 2.4646
cput2524 = 2631.36
mu2525 = 3.5065
Etot2525 = 2.4646
cput2525 = 2632.39
mu2526 = 3.5065
Etot2526 = 2.4646
cput2526 = 2633.41
mu2527 = 3.5065
Etot2527 = 2.4646
cput2527 = 2634.43
mu2528 = 3.5065
Etot2528 = 2.4646
cput2528 = 2635.47
mu2529 = 3.5065
Etot2529 = 2.4646
cput2529 = 2636.5
mu2530 = 3.5064
Etot2530 = 2.4646
cput2530 = 2637.53
mu2531 = 3.5064
Etot2531 = 2.4646
cput2531 = 2638.56
mu2532 = 3.5064
Etot2532 = 2.4646
cput2532 = 2639.59
mu2533 = 3.5064
Etot2533 = 2.4646
cput2533 = 2640.62
mu2534 = 3.5064
Etot2534 = 2.4646
cput2534 = 2641.65
mu2535 = 3.5064
Etot2535 = 2.4646
cput2535 = 2642.67
mu2536 = 3.5063
Etot2536 = 2.4645
cput2536 = 2643.7
mu2537 = 3.5063
Etot2537 = 2.4645
cput2537 = 2644.72
mu2538 = 3.5063
Etot2538 = 2.4645
cput2538 = 2645.76
mu2539 = 3.5063
Etot2539 = 2.4645
cput2539 = 2646.79
mu2540 = 3.5063
Etot2540 = 2.4645
cput2540 = 2647.82
mu2541 = 3.5063
Etot2541 = 2.4645
cput2541 = 2648.84
mu2542 = 3.5063
Etot2542 = 2.4645
cput2542 = 2649.87
mu2543 = 3.5062
Etot2543 = 2.4645
cput2543 = 2650.89
mu2544 = 3.5062
Etot2544 = 2.4645
cput2544 = 2651.91
mu2545 = 3.5062
Etot2545 = 2.4645
cput2545 = 2652.93
mu2546 = 3.5062
Etot2546 = 2.4645
cput2546 = 2653.96
mu2547 = 3.5062
Etot2547 = 2.4645
cput2547 = 2654.99
mu2548 = 3.5062
Etot2548 = 2.4645
cput2548 = 2656.02
mu2549 = 3.5062
Etot2549 = 2.4645
cput2549 = 2657.05
mu2550 = 3.5061
Etot2550 = 2.4644
cput2550 = 2658.08
mu2551 = 3.5061
Etot2551 = 2.4644
cput2551 = 2659.11
mu2552 = 3.5061
Etot2552 = 2.4644
cput2552 = 2660.14
mu2553 = 3.5061
Etot2553 = 2.4644
cput2553 = 2661.17
mu2554 = 3.5061
Etot2554 = 2.4644
cput2554 = 2662.2
mu2555 = 3.5061
Etot2555 = 2.4644
cput2555 = 2663.23
mu2556 = 3.506
Etot2556 = 2.4644
cput2556 = 2664.25
mu2557 = 3.506
Etot2557 = 2.4644
cput2557 = 2665.27
mu2558 = 3.506
Etot2558 = 2.4644
cput2558 = 2666.29
mu2559 = 3.506
Etot2559 = 2.4644
cput2559 = 2667.3
mu2560 = 3.506
Etot2560 = 2.4644
cput2560 = 2668.32
mu2561 = 3.506
Etot2561 = 2.4644
cput2561 = 2669.34
mu2562 = 3.506
Etot2562 = 2.4644
cput2562 = 2670.36
mu2563 = 3.5059
Etot2563 = 2.4644
cput2563 = 2671.37
mu2564 = 3.5059
Etot2564 = 2.4644
cput2564 = 2672.39
mu2565 = 3.5059
Etot2565 = 2.4643
cput2565 = 2673.41
mu2566 = 3.5059
Etot2566 = 2.4643
cput2566 = 2674.43
mu2567 = 3.5059
Etot2567 = 2.4643
cput2567 = 2675.46
mu2568 = 3.5059
Etot2568 = 2.4643
cput2568 = 2676.48
mu2569 = 3.5059
Etot2569 = 2.4643
cput2569 = 2677.5
mu2570 = 3.5058
Etot2570 = 2.4643
cput2570 = 2678.52
mu2571 = 3.5058
Etot2571 = 2.4643
cput2571 = 2679.54
mu2572 = 3.5058
Etot2572 = 2.4643
cput2572 = 2680.57
mu2573 = 3.5058
Etot2573 = 2.4643
cput2573 = 2681.59
mu2574 = 3.5058
Etot2574 = 2.4643
cput2574 = 2682.61
mu2575 = 3.5058
Etot2575 = 2.4643
cput2575 = 2683.62
mu2576 = 3.5057
Etot2576 = 2.4643
cput2576 = 2684.64
mu2577 = 3.5057
Etot2577 = 2.4643
cput2577 = 2685.66
mu2578 = 3.5057
Etot2578 = 2.4643
cput2578 = 2686.69
mu2579 = 3.5057
Etot2579 = 2.4643
cput2579 = 2687.7
mu2580 = 3.5057
Etot2580 = 2.4642
cput2580 = 2688.72
mu2581 = 3.5057
Etot2581 = 2.4642
cput2581 = 2689.74
mu2582 = 3.5057
Etot2582 = 2.4642
cput2582 = 2690.76
mu2583 = 3.5056
Etot2583 = 2.4642
cput2583 = 2691.78
mu2584 = 3.5056
Etot2584 = 2.4642
cput2584 = 2692.81
mu2585 = 3.5056
Etot2585 = 2.4642
cput2585 = 2693.85
mu2586 = 3.5056
Etot2586 = 2.4642
cput2586 = 2694.87
mu2587 = 3.5056
Etot2587 = 2.4642
cput2587 = 2695.9
mu2588 = 3.5056
Etot2588 = 2.4642
cput2588 = 2696.92
mu2589 = 3.5056
Etot2589 = 2.4642
cput2589 = 2697.94
mu2590 = 3.5055
Etot2590 = 2.4642
cput2590 = 2698.98
mu2591 = 3.5055
Etot2591 = 2.4642
cput2591 = 2700
mu2592 = 3.5055
Etot2592 = 2.4642
cput2592 = 2701.02
mu2593 = 3.5055
Etot2593 = 2.4642
cput2593 = 2702.04
mu2594 = 3.5055
Etot2594 = 2.4642
cput2594 = 2703.07
mu2595 = 3.5055
Etot2595 = 2.4641
cput2595 = 2704.1
mu2596 = 3.5054
Etot2596 = 2.4641
cput2596 = 2705.11
mu2597 = 3.5054
Etot2597 = 2.4641
cput2597 = 2706.13
mu2598 = 3.5054
Etot2598 = 2.4641
cput2598 = 2707.16
mu2599 = 3.5054
Etot2599 = 2.4641
cput2599 = 2708.19
mu2600 = 3.5054
Etot2600 = 2.4641
cput2600 = 2709.21
mu2601 = 3.5054
Etot2601 = 2.4641
cput2601 = 2710.24
mu2602 = 3.5054
Etot2602 = 2.4641
cput2602 = 2711.27
mu2603 = 3.5053
Etot2603 = 2.4641
cput2603 = 2712.29
mu2604 = 3.5053
Etot2604 = 2.4641
cput2604 = 2713.31
mu2605 = 3.5053
Etot2605 = 2.4641
cput2605 = 2714.34
mu2606 = 3.5053
Etot2606 = 2.4641
cput2606 = 2715.36
mu2607 = 3.5053
Etot2607 = 2.4641
cput2607 = 2716.4
mu2608 = 3.5053
Etot2608 = 2.4641
cput2608 = 2717.43
mu2609 = 3.5053
Etot2609 = 2.4641
cput2609 = 2718.47
mu2610 = 3.5052
Etot2610 = 2.464
cput2610 = 2719.5
mu2611 = 3.5052
Etot2611 = 2.464
cput2611 = 2720.53
mu2612 = 3.5052
Etot2612 = 2.464
cput2612 = 2721.56
mu2613 = 3.5052
Etot2613 = 2.464
cput2613 = 2722.59
mu2614 = 3.5052
Etot2614 = 2.464
cput2614 = 2723.62
mu2615 = 3.5052
Etot2615 = 2.464
cput2615 = 2724.64
mu2616 = 3.5052
Etot2616 = 2.464
cput2616 = 2725.67
mu2617 = 3.5051
Etot2617 = 2.464
cput2617 = 2726.71
mu2618 = 3.5051
Etot2618 = 2.464
cput2618 = 2727.73
mu2619 = 3.5051
Etot2619 = 2.464
cput2619 = 2728.77
mu2620 = 3.5051
Etot2620 = 2.464
cput2620 = 2729.8
mu2621 = 3.5051
Etot2621 = 2.464
cput2621 = 2730.83
mu2622 = 3.5051
Etot2622 = 2.464
cput2622 = 2731.85
mu2623 = 3.505
Etot2623 = 2.464
cput2623 = 2732.87
mu2624 = 3.505
Etot2624 = 2.464
cput2624 = 2733.89
mu2625 = 3.505
Etot2625 = 2.464
cput2625 = 2734.92
mu2626 = 3.505
Etot2626 = 2.4639
cput2626 = 2735.96
mu2627 = 3.505
Etot2627 = 2.4639
cput2627 = 2736.99
mu2628 = 3.505
Etot2628 = 2.4639
cput2628 = 2738.03
mu2629 = 3.505
Etot2629 = 2.4639
cput2629 = 2739.07
mu2630 = 3.5049
Etot2630 = 2.4639
cput2630 = 2740.1
mu2631 = 3.5049
Etot2631 = 2.4639
cput2631 = 2741.12
mu2632 = 3.5049
Etot2632 = 2.4639
cput2632 = 2742.15
mu2633 = 3.5049
Etot2633 = 2.4639
cput2633 = 2743.18
mu2634 = 3.5049
Etot2634 = 2.4639
cput2634 = 2744.21
mu2635 = 3.5049
Etot2635 = 2.4639
cput2635 = 2745.24
mu2636 = 3.5049
Etot2636 = 2.4639
cput2636 = 2746.27
mu2637 = 3.5048
Etot2637 = 2.4639
cput2637 = 2747.3
mu2638 = 3.5048
Etot2638 = 2.4639
cput2638 = 2748.33
mu2639 = 3.5048
Etot2639 = 2.4639
cput2639 = 2749.35
mu2640 = 3.5048
Etot2640 = 2.4639
cput2640 = 2750.38
mu2641 = 3.5048
Etot2641 = 2.4638
cput2641 = 2751.41
mu2642 = 3.5048
Etot2642 = 2.4638
cput2642 = 2752.43
mu2643 = 3.5048
Etot2643 = 2.4638
cput2643 = 2753.46
mu2644 = 3.5047
Etot2644 = 2.4638
cput2644 = 2754.48
mu2645 = 3.5047
Etot2645 = 2.4638
cput2645 = 2755.51
mu2646 = 3.5047
Etot2646 = 2.4638
cput2646 = 2756.54
mu2647 = 3.5047
Etot2647 = 2.4638
cput2647 = 2757.57
mu2648 = 3.5047
Etot2648 = 2.4638
cput2648 = 2758.6
mu2649 = 3.5047
Etot2649 = 2.4638
cput2649 = 2759.62
mu2650 = 3.5046
Etot2650 = 2.4638
cput2650 = 2760.65
mu2651 = 3.5046
Etot2651 = 2.4638
cput2651 = 2761.67
mu2652 = 3.5046
Etot2652 = 2.4638
cput2652 = 2762.69
mu2653 = 3.5046
Etot2653 = 2.4638
cput2653 = 2763.71
mu2654 = 3.5046
Etot2654 = 2.4638
cput2654 = 2764.74
mu2655 = 3.5046
Etot2655 = 2.4638
cput2655 = 2765.76
mu2656 = 3.5046
Etot2656 = 2.4637
cput2656 = 2766.8
mu2657 = 3.5045
Etot2657 = 2.4637
cput2657 = 2767.83
mu2658 = 3.5045
Etot2658 = 2.4637
cput2658 = 2768.85
mu2659 = 3.5045
Etot2659 = 2.4637
cput2659 = 2769.87
mu2660 = 3.5045
Etot2660 = 2.4637
cput2660 = 2770.9
mu2661 = 3.5045
Etot2661 = 2.4637
cput2661 = 2771.93
mu2662 = 3.5045
Etot2662 = 2.4637
cput2662 = 2772.96
mu2663 = 3.5045
Etot2663 = 2.4637
cput2663 = 2773.99
mu2664 = 3.5044
Etot2664 = 2.4637
cput2664 = 2775.03
mu2665 = 3.5044
Etot2665 = 2.4637
cput2665 = 2776.07
mu2666 = 3.5044
Etot2666 = 2.4637
cput2666 = 2777.1
mu2667 = 3.5044
Etot2667 = 2.4637
cput2667 = 2778.13
mu2668 = 3.5044
Etot2668 = 2.4637
cput2668 = 2779.17
mu2669 = 3.5044
Etot2669 = 2.4637
cput2669 = 2780.2
mu2670 = 3.5044
Etot2670 = 2.4637
cput2670 = 2781.23
mu2671 = 3.5043
Etot2671 = 2.4636
cput2671 = 2782.27
mu2672 = 3.5043
Etot2672 = 2.4636
cput2672 = 2783.3
mu2673 = 3.5043
Etot2673 = 2.4636
cput2673 = 2784.32
mu2674 = 3.5043
Etot2674 = 2.4636
cput2674 = 2785.34
mu2675 = 3.5043
Etot2675 = 2.4636
cput2675 = 2786.37
mu2676 = 3.5043
Etot2676 = 2.4636
cput2676 = 2787.4
mu2677 = 3.5043
Etot2677 = 2.4636
cput2677 = 2788.42
mu2678 = 3.5042
Etot2678 = 2.4636
cput2678 = 2789.44
mu2679 = 3.5042
Etot2679 = 2.4636
cput2679 = 2790.48
mu2680 = 3.5042
Etot2680 = 2.4636
cput2680 = 2791.5
mu2681 = 3.5042
Etot2681 = 2.4636
cput2681 = 2792.52
mu2682 = 3.5042
Etot2682 = 2.4636
cput2682 = 2793.55
mu2683 = 3.5042
Etot2683 = 2.4636
cput2683 = 2794.58
mu2684 = 3.5041
Etot2684 = 2.4636
cput2684 = 2795.61
mu2685 = 3.5041
Etot2685 = 2.4636
cput2685 = 2796.63
mu2686 = 3.5041
Etot2686 = 2.4636
cput2686 = 2797.66
mu2687 = 3.5041
Etot2687 = 2.4635
cput2687 = 2798.69
mu2688 = 3.5041
Etot2688 = 2.4635
cput2688 = 2799.72
mu2689 = 3.5041
Etot2689 = 2.4635
cput2689 = 2800.74
mu2690 = 3.5041
Etot2690 = 2.4635
cput2690 = 2801.77
mu2691 = 3.504
Etot2691 = 2.4635
cput2691 = 2802.8
mu2692 = 3.504
Etot2692 = 2.4635
cput2692 = 2803.83
mu2693 = 3.504
Etot2693 = 2.4635
cput2693 = 2804.86
mu2694 = 3.504
Etot2694 = 2.4635
cput2694 = 2805.88
mu2695 = 3.504
Etot2695 = 2.4635
cput2695 = 2806.91
mu2696 = 3.504
Etot2696 = 2.4635
cput2696 = 2807.95
mu2697 = 3.504
Etot2697 = 2.4635
cput2697 = 2808.99
mu2698 = 3.5039
Etot2698 = 2.4635
cput2698 = 2810.02
mu2699 = 3.5039
Etot2699 = 2.4635
cput2699 = 2811.04
mu2700 = 3.5039
Etot2700 = 2.4635
cput2700 = 2812.06
mu2701 = 3.5039
Etot2701 = 2.4635
cput2701 = 2813.09
mu2702 = 3.5039
Etot2702 = 2.4634
cput2702 = 2814.11
mu2703 = 3.5039
Etot2703 = 2.4634
cput2703 = 2815.15
mu2704 = 3.5039
Etot2704 = 2.4634
cput2704 = 2816.18
mu2705 = 3.5038
Etot2705 = 2.4634
cput2705 = 2817.21
mu2706 = 3.5038
Etot2706 = 2.4634
cput2706 = 2818.23
mu2707 = 3.5038
Etot2707 = 2.4634
cput2707 = 2819.26
mu2708 = 3.5038
Etot2708 = 2.4634
cput2708 = 2820.29
mu2709 = 3.5038
Etot2709 = 2.4634
cput2709 = 2821.32
mu2710 = 3.5038
Etot2710 = 2.4634
cput2710 = 2822.35
mu2711 = 3.5038
Etot2711 = 2.4634
cput2711 = 2823.37
mu2712 = 3.5037
Etot2712 = 2.4634
cput2712 = 2824.4
mu2713 = 3.5037
Etot2713 = 2.4634
cput2713 = 2825.43
mu2714 = 3.5037
Etot2714 = 2.4634
cput2714 = 2826.46
mu2715 = 3.5037
Etot2715 = 2.4634
cput2715 = 2827.49
mu2716 = 3.5037
Etot2716 = 2.4634
cput2716 = 2828.52
mu2717 = 3.5037
Etot2717 = 2.4634
cput2717 = 2829.55
mu2718 = 3.5036
Etot2718 = 2.4633
cput2718 = 2830.58
mu2719 = 3.5036
Etot2719 = 2.4633
cput2719 = 2831.61
mu2720 = 3.5036
Etot2720 = 2.4633
cput2720 = 2832.65
mu2721 = 3.5036
Etot2721 = 2.4633
cput2721 = 2833.68
mu2722 = 3.5036
Etot2722 = 2.4633
cput2722 = 2834.71
mu2723 = 3.5036
Etot2723 = 2.4633
cput2723 = 2835.74
mu2724 = 3.5036
Etot2724 = 2.4633
cput2724 = 2836.78
mu2725 = 3.5035
Etot2725 = 2.4633
cput2725 = 2837.81
mu2726 = 3.5035
Etot2726 = 2.4633
cput2726 = 2838.84
mu2727 = 3.5035
Etot2727 = 2.4633
cput2727 = 2839.87
mu2728 = 3.5035
Etot2728 = 2.4633
cput2728 = 2840.9
mu2729 = 3.5035
Etot2729 = 2.4633
cput2729 = 2841.92
mu2730 = 3.5035
Etot2730 = 2.4633
cput2730 = 2842.94
mu2731 = 3.5035
Etot2731 = 2.4633
cput2731 = 2843.98
mu2732 = 3.5034
Etot2732 = 2.4633
cput2732 = 2845
mu2733 = 3.5034
Etot2733 = 2.4632
cput2733 = 2846.04
mu2734 = 3.5034
Etot2734 = 2.4632
cput2734 = 2847.07
mu2735 = 3.5034
Etot2735 = 2.4632
cput2735 = 2848.09
mu2736 = 3.5034
Etot2736 = 2.4632
cput2736 = 2849.12
mu2737 = 3.5034
Etot2737 = 2.4632
cput2737 = 2850.15
mu2738 = 3.5034
Etot2738 = 2.4632
cput2738 = 2851.17
mu2739 = 3.5033
Etot2739 = 2.4632
cput2739 = 2852.2
mu2740 = 3.5033
Etot2740 = 2.4632
cput2740 = 2853.22
mu2741 = 3.5033
Etot2741 = 2.4632
cput2741 = 2854.24
mu2742 = 3.5033
Etot2742 = 2.4632
cput2742 = 2855.26
mu2743 = 3.5033
Etot2743 = 2.4632
cput2743 = 2856.29
mu2744 = 3.5033
Etot2744 = 2.4632
cput2744 = 2857.31
mu2745 = 3.5033
Etot2745 = 2.4632
cput2745 = 2858.34
mu2746 = 3.5032
Etot2746 = 2.4632
cput2746 = 2859.36
mu2747 = 3.5032
Etot2747 = 2.4632
cput2747 = 2860.37
mu2748 = 3.5032
Etot2748 = 2.4631
cput2748 = 2861.4
mu2749 = 3.5032
Etot2749 = 2.4631
cput2749 = 2862.43
mu2750 = 3.5032
Etot2750 = 2.4631
cput2750 = 2863.46
mu2751 = 3.5032
Etot2751 = 2.4631
cput2751 = 2864.48
mu2752 = 3.5032
Etot2752 = 2.4631
cput2752 = 2865.5
mu2753 = 3.5031
Etot2753 = 2.4631
cput2753 = 2866.52
mu2754 = 3.5031
Etot2754 = 2.4631
cput2754 = 2867.53
mu2755 = 3.5031
Etot2755 = 2.4631
cput2755 = 2868.55
mu2756 = 3.5031
Etot2756 = 2.4631
cput2756 = 2869.57
mu2757 = 3.5031
Etot2757 = 2.4631
cput2757 = 2870.58
mu2758 = 3.5031
Etot2758 = 2.4631
cput2758 = 2871.59
mu2759 = 3.503
Etot2759 = 2.4631
cput2759 = 2872.62
mu2760 = 3.503
Etot2760 = 2.4631
cput2760 = 2873.64
mu2761 = 3.503
Etot2761 = 2.4631
cput2761 = 2874.65
mu2762 = 3.503
Etot2762 = 2.4631
cput2762 = 2875.67
mu2763 = 3.503
Etot2763 = 2.4631
cput2763 = 2876.69
mu2764 = 3.503
Etot2764 = 2.463
cput2764 = 2877.71
mu2765 = 3.503
Etot2765 = 2.463
cput2765 = 2878.73
mu2766 = 3.5029
Etot2766 = 2.463
cput2766 = 2879.75
mu2767 = 3.5029
Etot2767 = 2.463
cput2767 = 2880.77
mu2768 = 3.5029
Etot2768 = 2.463
cput2768 = 2881.79
mu2769 = 3.5029
Etot2769 = 2.463
cput2769 = 2882.8
mu2770 = 3.5029
Etot2770 = 2.463
cput2770 = 2883.82
mu2771 = 3.5029
Etot2771 = 2.463
cput2771 = 2884.84
mu2772 = 3.5029
Etot2772 = 2.463
cput2772 = 2885.85
mu2773 = 3.5028
Etot2773 = 2.463
cput2773 = 2886.86
mu2774 = 3.5028
Etot2774 = 2.463
cput2774 = 2887.87
mu2775 = 3.5028
Etot2775 = 2.463
cput2775 = 2888.89
mu2776 = 3.5028
Etot2776 = 2.463
cput2776 = 2889.91
mu2777 = 3.5028
Etot2777 = 2.463
cput2777 = 2890.93
mu2778 = 3.5028
Etot2778 = 2.463
cput2778 = 2891.95
mu2779 = 3.5028
Etot2779 = 2.463
cput2779 = 2892.96
mu2780 = 3.5027
Etot2780 = 2.4629
cput2780 = 2893.99
mu2781 = 3.5027
Etot2781 = 2.4629
cput2781 = 2895
mu2782 = 3.5027
Etot2782 = 2.4629
cput2782 = 2896.03
mu2783 = 3.5027
Etot2783 = 2.4629
cput2783 = 2897.06
mu2784 = 3.5027
Etot2784 = 2.4629
cput2784 = 2898.08
mu2785 = 3.5027
Etot2785 = 2.4629
cput2785 = 2899.11
mu2786 = 3.5027
Etot2786 = 2.4629
cput2786 = 2900.15
mu2787 = 3.5026
Etot2787 = 2.4629
cput2787 = 2901.17
mu2788 = 3.5026
Etot2788 = 2.4629
cput2788 = 2902.19
mu2789 = 3.5026
Etot2789 = 2.4629
cput2789 = 2903.2
mu2790 = 3.5026
Etot2790 = 2.4629
cput2790 = 2904.22
mu2791 = 3.5026
Etot2791 = 2.4629
cput2791 = 2905.25
mu2792 = 3.5026
Etot2792 = 2.4629
cput2792 = 2906.28
mu2793 = 3.5026
Etot2793 = 2.4629
cput2793 = 2907.3
mu2794 = 3.5025
Etot2794 = 2.4629
cput2794 = 2908.31
mu2795 = 3.5025
Etot2795 = 2.4628
cput2795 = 2909.32
mu2796 = 3.5025
Etot2796 = 2.4628
cput2796 = 2910.34
mu2797 = 3.5025
Etot2797 = 2.4628
cput2797 = 2911.36
mu2798 = 3.5025
Etot2798 = 2.4628
cput2798 = 2912.39
mu2799 = 3.5025
Etot2799 = 2.4628
cput2799 = 2913.42
mu2800 = 3.5025
Etot2800 = 2.4628
cput2800 = 2914.45
mu2801 = 3.5024
Etot2801 = 2.4628
cput2801 = 2915.47
mu2802 = 3.5024
Etot2802 = 2.4628
cput2802 = 2916.5
mu2803 = 3.5024
Etot2803 = 2.4628
cput2803 = 2917.53
mu2804 = 3.5024
Etot2804 = 2.4628
cput2804 = 2918.55
mu2805 = 3.5024
Etot2805 = 2.4628
cput2805 = 2919.58
mu2806 = 3.5024
Etot2806 = 2.4628
cput2806 = 2920.6
mu2807 = 3.5024
Etot2807 = 2.4628
cput2807 = 2921.62
mu2808 = 3.5023
Etot2808 = 2.4628
cput2808 = 2922.64
mu2809 = 3.5023
Etot2809 = 2.4628
cput2809 = 2923.66
mu2810 = 3.5023
Etot2810 = 2.4628
cput2810 = 2924.68
mu2811 = 3.5023
Etot2811 = 2.4627
cput2811 = 2925.69
mu2812 = 3.5023
Etot2812 = 2.4627
cput2812 = 2926.71
mu2813 = 3.5023
Etot2813 = 2.4627
cput2813 = 2927.73
mu2814 = 3.5022
Etot2814 = 2.4627
cput2814 = 2928.76
mu2815 = 3.5022
Etot2815 = 2.4627
cput2815 = 2929.78
mu2816 = 3.5022
Etot2816 = 2.4627
cput2816 = 2930.8
mu2817 = 3.5022
Etot2817 = 2.4627
cput2817 = 2931.83
mu2818 = 3.5022
Etot2818 = 2.4627
cput2818 = 2932.86
mu2819 = 3.5022
Etot2819 = 2.4627
cput2819 = 2933.89
mu2820 = 3.5022
Etot2820 = 2.4627
cput2820 = 2934.91
mu2821 = 3.5021
Etot2821 = 2.4627
cput2821 = 2935.93
mu2822 = 3.5021
Etot2822 = 2.4627
cput2822 = 2936.97
mu2823 = 3.5021
Etot2823 = 2.4627
cput2823 = 2937.99
mu2824 = 3.5021
Etot2824 = 2.4627
cput2824 = 2939.02
mu2825 = 3.5021
Etot2825 = 2.4627
cput2825 = 2940.05
mu2826 = 3.5021
Etot2826 = 2.4627
cput2826 = 2941.07
mu2827 = 3.5021
Etot2827 = 2.4626
cput2827 = 2942.09
mu2828 = 3.502
Etot2828 = 2.4626
cput2828 = 2943.11
mu2829 = 3.502
Etot2829 = 2.4626
cput2829 = 2944.12
mu2830 = 3.502
Etot2830 = 2.4626
cput2830 = 2945.15
mu2831 = 3.502
Etot2831 = 2.4626
cput2831 = 2946.18
mu2832 = 3.502
Etot2832 = 2.4626
cput2832 = 2947.2
mu2833 = 3.502
Etot2833 = 2.4626
cput2833 = 2948.23
mu2834 = 3.502
Etot2834 = 2.4626
cput2834 = 2949.26
mu2835 = 3.5019
Etot2835 = 2.4626
cput2835 = 2950.29
mu2836 = 3.5019
Etot2836 = 2.4626
cput2836 = 2951.32
mu2837 = 3.5019
Etot2837 = 2.4626
cput2837 = 2952.35
mu2838 = 3.5019
Etot2838 = 2.4626
cput2838 = 2953.37
mu2839 = 3.5019
Etot2839 = 2.4626
cput2839 = 2954.39
mu2840 = 3.5019
Etot2840 = 2.4626
cput2840 = 2955.41
mu2841 = 3.5019
Etot2841 = 2.4626
cput2841 = 2956.44
mu2842 = 3.5018
Etot2842 = 2.4625
cput2842 = 2957.48
mu2843 = 3.5018
Etot2843 = 2.4625
cput2843 = 2958.5
mu2844 = 3.5018
Etot2844 = 2.4625
cput2844 = 2959.53
mu2845 = 3.5018
Etot2845 = 2.4625
cput2845 = 2960.56
mu2846 = 3.5018
Etot2846 = 2.4625
cput2846 = 2961.58
mu2847 = 3.5018
Etot2847 = 2.4625
cput2847 = 2962.6
mu2848 = 3.5018
Etot2848 = 2.4625
cput2848 = 2963.64
mu2849 = 3.5017
Etot2849 = 2.4625
cput2849 = 2964.67
mu2850 = 3.5017
Etot2850 = 2.4625
cput2850 = 2965.69
mu2851 = 3.5017
Etot2851 = 2.4625
cput2851 = 2966.72
mu2852 = 3.5017
Etot2852 = 2.4625
cput2852 = 2967.74
mu2853 = 3.5017
Etot2853 = 2.4625
cput2853 = 2968.76
mu2854 = 3.5017
Etot2854 = 2.4625
cput2854 = 2969.8
mu2855 = 3.5017
Etot2855 = 2.4625
cput2855 = 2970.83
mu2856 = 3.5016
Etot2856 = 2.4625
cput2856 = 2971.85
mu2857 = 3.5016
Etot2857 = 2.4625
cput2857 = 2972.88
mu2858 = 3.5016
Etot2858 = 2.4624
cput2858 = 2973.92
mu2859 = 3.5016
Etot2859 = 2.4624
cput2859 = 2974.95
mu2860 = 3.5016
Etot2860 = 2.4624
cput2860 = 2975.98
mu2861 = 3.5016
Etot2861 = 2.4624
cput2861 = 2977
mu2862 = 3.5016
Etot2862 = 2.4624
cput2862 = 2978.03
mu2863 = 3.5015
Etot2863 = 2.4624
cput2863 = 2979.05
mu2864 = 3.5015
Etot2864 = 2.4624
cput2864 = 2980.07
mu2865 = 3.5015
Etot2865 = 2.4624
cput2865 = 2981.1
mu2866 = 3.5015
Etot2866 = 2.4624
cput2866 = 2982.12
mu2867 = 3.5015
Etot2867 = 2.4624
cput2867 = 2983.15
mu2868 = 3.5015
Etot2868 = 2.4624
cput2868 = 2984.18
mu2869 = 3.5015
Etot2869 = 2.4624
cput2869 = 2985.21
mu2870 = 3.5014
Etot2870 = 2.4624
cput2870 = 2986.23
mu2871 = 3.5014
Etot2871 = 2.4624
cput2871 = 2987.25
mu2872 = 3.5014
Etot2872 = 2.4624
cput2872 = 2988.28
mu2873 = 3.5014
Etot2873 = 2.4624
cput2873 = 2989.32
mu2874 = 3.5014
Etot2874 = 2.4623
cput2874 = 2990.37
mu2875 = 3.5014
Etot2875 = 2.4623
cput2875 = 2991.39
mu2876 = 3.5013
Etot2876 = 2.4623
cput2876 = 2992.43
mu2877 = 3.5013
Etot2877 = 2.4623
cput2877 = 2993.46
mu2878 = 3.5013
Etot2878 = 2.4623
cput2878 = 2994.49
mu2879 = 3.5013
Etot2879 = 2.4623
cput2879 = 2995.52
mu2880 = 3.5013
Etot2880 = 2.4623
cput2880 = 2996.54
mu2881 = 3.5013
Etot2881 = 2.4623
cput2881 = 2997.58
mu2882 = 3.5013
Etot2882 = 2.4623
cput2882 = 2998.61
mu2883 = 3.5012
Etot2883 = 2.4623
cput2883 = 2999.64
mu2884 = 3.5012
Etot2884 = 2.4623
cput2884 = 3000.67
mu2885 = 3.5012
Etot2885 = 2.4623
cput2885 = 3001.71
mu2886 = 3.5012
Etot2886 = 2.4623
cput2886 = 3002.74
mu2887 = 3.5012
Etot2887 = 2.4623
cput2887 = 3003.77
mu2888 = 3.5012
Etot2888 = 2.4623
cput2888 = 3004.79
mu2889 = 3.5012
Etot2889 = 2.4623
cput2889 = 3005.81
mu2890 = 3.5011
Etot2890 = 2.4622
cput2890 = 3006.83
mu2891 = 3.5011
Etot2891 = 2.4622
cput2891 = 3007.85
mu2892 = 3.5011
Etot2892 = 2.4622
cput2892 = 3008.88
mu2893 = 3.5011
Etot2893 = 2.4622
cput2893 = 3009.9
mu2894 = 3.5011
Etot2894 = 2.4622
cput2894 = 3010.93
mu2895 = 3.5011
Etot2895 = 2.4622
cput2895 = 3011.96
mu2896 = 3.5011
Etot2896 = 2.4622
cput2896 = 3012.99
mu2897 = 3.501
Etot2897 = 2.4622
cput2897 = 3014.02
mu2898 = 3.501
Etot2898 = 2.4622
cput2898 = 3015.05
mu2899 = 3.501
Etot2899 = 2.4622
cput2899 = 3016.07
mu2900 = 3.501
Etot2900 = 2.4622
cput2900 = 3017.11
mu2901 = 3.501
Etot2901 = 2.4622
cput2901 = 3018.14
mu2902 = 3.501
Etot2902 = 2.4622
cput2902 = 3019.17
mu2903 = 3.501
Etot2903 = 2.4622
cput2903 = 3020.2
mu2904 = 3.5009
Etot2904 = 2.4622
cput2904 = 3021.23
mu2905 = 3.5009
Etot2905 = 2.4621
cput2905 = 3022.26
mu2906 = 3.5009
Etot2906 = 2.4621
cput2906 = 3023.29
mu2907 = 3.5009
Etot2907 = 2.4621
cput2907 = 3024.32
mu2908 = 3.5009
Etot2908 = 2.4621
cput2908 = 3025.34
mu2909 = 3.5009
Etot2909 = 2.4621
cput2909 = 3026.36
mu2910 = 3.5009
Etot2910 = 2.4621
cput2910 = 3027.4
mu2911 = 3.5008
Etot2911 = 2.4621
cput2911 = 3028.42
mu2912 = 3.5008
Etot2912 = 2.4621
cput2912 = 3029.45
mu2913 = 3.5008
Etot2913 = 2.4621
cput2913 = 3030.48
mu2914 = 3.5008
Etot2914 = 2.4621
cput2914 = 3031.52
mu2915 = 3.5008
Etot2915 = 2.4621
cput2915 = 3032.54
mu2916 = 3.5008
Etot2916 = 2.4621
cput2916 = 3033.57
mu2917 = 3.5008
Etot2917 = 2.4621
cput2917 = 3034.61
mu2918 = 3.5007
Etot2918 = 2.4621
cput2918 = 3035.64
mu2919 = 3.5007
Etot2919 = 2.4621
cput2919 = 3036.66
mu2920 = 3.5007
Etot2920 = 2.4621
cput2920 = 3037.69
mu2921 = 3.5007
Etot2921 = 2.462
cput2921 = 3038.72
mu2922 = 3.5007
Etot2922 = 2.462
cput2922 = 3039.75
mu2923 = 3.5007
Etot2923 = 2.462
cput2923 = 3040.78
mu2924 = 3.5007
Etot2924 = 2.462
cput2924 = 3041.8
mu2925 = 3.5006
Etot2925 = 2.462
cput2925 = 3042.82
mu2926 = 3.5006
Etot2926 = 2.462
cput2926 = 3043.84
mu2927 = 3.5006
Etot2927 = 2.462
cput2927 = 3044.86
mu2928 = 3.5006
Etot2928 = 2.462
cput2928 = 3045.88
mu2929 = 3.5006
Etot2929 = 2.462
cput2929 = 3046.91
mu2930 = 3.5006
Etot2930 = 2.462
cput2930 = 3047.93
mu2931 = 3.5006
Etot2931 = 2.462
cput2931 = 3048.95
mu2932 = 3.5005
Etot2932 = 2.462
cput2932 = 3049.97
mu2933 = 3.5005
Etot2933 = 2.462
cput2933 = 3050.99
mu2934 = 3.5005
Etot2934 = 2.462
cput2934 = 3052.01
mu2935 = 3.5005
Etot2935 = 2.462
cput2935 = 3053.05
mu2936 = 3.5005
Etot2936 = 2.462
cput2936 = 3054.08
mu2937 = 3.5005
Etot2937 = 2.4619
cput2937 = 3055.11
mu2938 = 3.5005
Etot2938 = 2.4619
cput2938 = 3056.13
mu2939 = 3.5004
Etot2939 = 2.4619
cput2939 = 3057.16
mu2940 = 3.5004
Etot2940 = 2.4619
cput2940 = 3058.19
mu2941 = 3.5004
Etot2941 = 2.4619
cput2941 = 3059.21
mu2942 = 3.5004
Etot2942 = 2.4619
cput2942 = 3060.24
mu2943 = 3.5004
Etot2943 = 2.4619
cput2943 = 3061.27
mu2944 = 3.5004
Etot2944 = 2.4619
cput2944 = 3062.3
mu2945 = 3.5003
Etot2945 = 2.4619
cput2945 = 3063.33
mu2946 = 3.5003
Etot2946 = 2.4619
cput2946 = 3064.36
mu2947 = 3.5003
Etot2947 = 2.4619
cput2947 = 3065.38
mu2948 = 3.5003
Etot2948 = 2.4619
cput2948 = 3066.41
mu2949 = 3.5003
Etot2949 = 2.4619
cput2949 = 3067.43
mu2950 = 3.5003
Etot2950 = 2.4619
cput2950 = 3068.45
mu2951 = 3.5003
Etot2951 = 2.4619
cput2951 = 3069.48
mu2952 = 3.5002
Etot2952 = 2.4619
cput2952 = 3070.51
mu2953 = 3.5002
Etot2953 = 2.4618
cput2953 = 3071.52
mu2954 = 3.5002
Etot2954 = 2.4618
cput2954 = 3072.54
mu2955 = 3.5002
Etot2955 = 2.4618
cput2955 = 3073.56
mu2956 = 3.5002
Etot2956 = 2.4618
cput2956 = 3074.58
mu2957 = 3.5002
Etot2957 = 2.4618
cput2957 = 3075.59
mu2958 = 3.5002
Etot2958 = 2.4618
cput2958 = 3076.61
mu2959 = 3.5001
Etot2959 = 2.4618
cput2959 = 3077.63
mu2960 = 3.5001
Etot2960 = 2.4618
cput2960 = 3078.65
mu2961 = 3.5001
Etot2961 = 2.4618
cput2961 = 3079.68
mu2962 = 3.5001
Etot2962 = 2.4618
cput2962 = 3080.7
mu2963 = 3.5001
Etot2963 = 2.4618
cput2963 = 3081.72
mu2964 = 3.5001
Etot2964 = 2.4618
cput2964 = 3082.75
mu2965 = 3.5001
Etot2965 = 2.4618
cput2965 = 3083.78
mu2966 = 3.5
Etot2966 = 2.4618
cput2966 = 3084.82
mu2967 = 3.5
Etot2967 = 2.4618
cput2967 = 3085.84
mu2968 = 3.5
Etot2968 = 2.4618
cput2968 = 3086.87
mu2969 = 3.5
Etot2969 = 2.4617
cput2969 = 3087.9
mu2970 = 3.5
Etot2970 = 2.4617
cput2970 = 3088.92
mu2971 = 3.5
Etot2971 = 2.4617
cput2971 = 3089.94
mu2972 = 3.5
Etot2972 = 2.4617
cput2972 = 3090.97
mu2973 = 3.4999
Etot2973 = 2.4617
cput2973 = 3092
mu2974 = 3.4999
Etot2974 = 2.4617
cput2974 = 3093.01
mu2975 = 3.4999
Etot2975 = 2.4617
cput2975 = 3094.04
mu2976 = 3.4999
Etot2976 = 2.4617
cput2976 = 3095.07
mu2977 = 3.4999
Etot2977 = 2.4617
cput2977 = 3096.1
mu2978 = 3.4999
Etot2978 = 2.4617
cput2978 = 3097.12
mu2979 = 3.4999
Etot2979 = 2.4617
cput2979 = 3098.15
mu2980 = 3.4998
Etot2980 = 2.4617
cput2980 = 3099.18
mu2981 = 3.4998
Etot2981 = 2.4617
cput2981 = 3100.21
mu2982 = 3.4998
Etot2982 = 2.4617
cput2982 = 3101.22
mu2983 = 3.4998
Etot2983 = 2.4617
cput2983 = 3102.24
mu2984 = 3.4998
Etot2984 = 2.4617
cput2984 = 3103.27
mu2985 = 3.4998
Etot2985 = 2.4616
cput2985 = 3104.3
mu2986 = 3.4998
Etot2986 = 2.4616
cput2986 = 3105.33
mu2987 = 3.4997
Etot2987 = 2.4616
cput2987 = 3106.33
mu2988 = 3.4997
Etot2988 = 2.4616
cput2988 = 3107.33
mu2989 = 3.4997
Etot2989 = 2.4616
cput2989 = 3108.35
mu2990 = 3.4997
Etot2990 = 2.4616
cput2990 = 3109.36
mu2991 = 3.4997
Etot2991 = 2.4616
cput2991 = 3110.38
mu2992 = 3.4997
Etot2992 = 2.4616
cput2992 = 3111.41
mu2993 = 3.4997
Etot2993 = 2.4616
cput2993 = 3112.44
mu2994 = 3.4996
Etot2994 = 2.4616
cput2994 = 3113.46
mu2995 = 3.4996
Etot2995 = 2.4616
cput2995 = 3114.49
mu2996 = 3.4996
Etot2996 = 2.4616
cput2996 = 3115.51
mu2997 = 3.4996
Etot2997 = 2.4616
cput2997 = 3116.53
mu2998 = 3.4996
Etot2998 = 2.4616
cput2998 = 3117.55
mu2999 = 3.4996
Etot2999 = 2.4616
cput2999 = 3118.57
mu3000 = 3.4996
Etot3000 = 2.4615
cput3000 = 3119.59
mu3001 = 3.4995
Etot3001 = 2.4615
cput3001 = 3120.62
mu3002 = 3.4995
Etot3002 = 2.4615
cput3002 = 3121.65
mu3003 = 3.4995
Etot3003 = 2.4615
cput3003 = 3122.66
mu3004 = 3.4995
Etot3004 = 2.4615
cput3004 = 3123.69
mu3005 = 3.4995
Etot3005 = 2.4615
cput3005 = 3124.72
mu3006 = 3.4995
Etot3006 = 2.4615
cput3006 = 3125.75
mu3007 = 3.4994
Etot3007 = 2.4615
cput3007 = 3126.78
mu3008 = 3.4994
Etot3008 = 2.4615
cput3008 = 3127.81
mu3009 = 3.4994
Etot3009 = 2.4615
cput3009 = 3128.84
mu3010 = 3.4994
Etot3010 = 2.4615
cput3010 = 3129.85
mu3011 = 3.4994
Etot3011 = 2.4615
cput3011 = 3130.87
mu3012 = 3.4994
Etot3012 = 2.4615
cput3012 = 3131.89
mu3013 = 3.4994
Etot3013 = 2.4615
cput3013 = 3132.91
mu3014 = 3.4993
Etot3014 = 2.4615
cput3014 = 3133.94
mu3015 = 3.4993
Etot3015 = 2.4615
cput3015 = 3134.98
mu3016 = 3.4993
Etot3016 = 2.4614
cput3016 = 3136.01
mu3017 = 3.4993
Etot3017 = 2.4614
cput3017 = 3137.03
mu3018 = 3.4993
Etot3018 = 2.4614
cput3018 = 3138.05
mu3019 = 3.4993
Etot3019 = 2.4614
cput3019 = 3139.08
mu3020 = 3.4993
Etot3020 = 2.4614
cput3020 = 3140.1
mu3021 = 3.4992
Etot3021 = 2.4614
cput3021 = 3141.13
mu3022 = 3.4992
Etot3022 = 2.4614
cput3022 = 3142.16
mu3023 = 3.4992
Etot3023 = 2.4614
cput3023 = 3143.18
mu3024 = 3.4992
Etot3024 = 2.4614
cput3024 = 3144.19
mu3025 = 3.4992
Etot3025 = 2.4614
cput3025 = 3145.21
mu3026 = 3.4992
Etot3026 = 2.4614
cput3026 = 3146.23
mu3027 = 3.4992
Etot3027 = 2.4614
cput3027 = 3147.24
mu3028 = 3.4991
Etot3028 = 2.4614
cput3028 = 3148.26
mu3029 = 3.4991
Etot3029 = 2.4614
cput3029 = 3149.29
mu3030 = 3.4991
Etot3030 = 2.4614
cput3030 = 3150.31
mu3031 = 3.4991
Etot3031 = 2.4614
cput3031 = 3151.33
mu3032 = 3.4991
Etot3032 = 2.4613
cput3032 = 3152.36
mu3033 = 3.4991
Etot3033 = 2.4613
cput3033 = 3153.39
mu3034 = 3.4991
Etot3034 = 2.4613
cput3034 = 3154.42
mu3035 = 3.499
Etot3035 = 2.4613
cput3035 = 3155.45
mu3036 = 3.499
Etot3036 = 2.4613
cput3036 = 3156.47
mu3037 = 3.499
Etot3037 = 2.4613
cput3037 = 3157.5
mu3038 = 3.499
Etot3038 = 2.4613
cput3038 = 3158.52
mu3039 = 3.499
Etot3039 = 2.4613
cput3039 = 3159.54
mu3040 = 3.499
Etot3040 = 2.4613
cput3040 = 3160.57
mu3041 = 3.499
Etot3041 = 2.4613
cput3041 = 3161.59
mu3042 = 3.4989
Etot3042 = 2.4613
cput3042 = 3162.61
mu3043 = 3.4989
Etot3043 = 2.4613
cput3043 = 3163.65
mu3044 = 3.4989
Etot3044 = 2.4613
cput3044 = 3164.68
mu3045 = 3.4989
Etot3045 = 2.4613
cput3045 = 3165.71
mu3046 = 3.4989
Etot3046 = 2.4613
cput3046 = 3166.73
mu3047 = 3.4989
Etot3047 = 2.4613
cput3047 = 3167.76
mu3048 = 3.4989
Etot3048 = 2.4612
cput3048 = 3168.79
mu3049 = 3.4988
Etot3049 = 2.4612
cput3049 = 3169.81
mu3050 = 3.4988
Etot3050 = 2.4612
cput3050 = 3170.84
mu3051 = 3.4988
Etot3051 = 2.4612
cput3051 = 3171.87
mu3052 = 3.4988
Etot3052 = 2.4612
cput3052 = 3172.91
mu3053 = 3.4988
Etot3053 = 2.4612
cput3053 = 3173.94
mu3054 = 3.4988
Etot3054 = 2.4612
cput3054 = 3174.96
mu3055 = 3.4988
Etot3055 = 2.4612
cput3055 = 3175.98
mu3056 = 3.4987
Etot3056 = 2.4612
cput3056 = 3177.01
mu3057 = 3.4987
Etot3057 = 2.4612
cput3057 = 3178.04
mu3058 = 3.4987
Etot3058 = 2.4612
cput3058 = 3179.07
mu3059 = 3.4987
Etot3059 = 2.4612
cput3059 = 3180.1
mu3060 = 3.4987
Etot3060 = 2.4612
cput3060 = 3181.14
mu3061 = 3.4987
Etot3061 = 2.4612
cput3061 = 3182.17
mu3062 = 3.4986
Etot3062 = 2.4612
cput3062 = 3183.19
mu3063 = 3.4986
Etot3063 = 2.4612
cput3063 = 3184.22
mu3064 = 3.4986
Etot3064 = 2.4611
cput3064 = 3185.25
mu3065 = 3.4986
Etot3065 = 2.4611
cput3065 = 3186.28
mu3066 = 3.4986
Etot3066 = 2.4611
cput3066 = 3187.31
mu3067 = 3.4986
Etot3067 = 2.4611
cput3067 = 3188.34
mu3068 = 3.4986
Etot3068 = 2.4611
cput3068 = 3189.36
mu3069 = 3.4985
Etot3069 = 2.4611
cput3069 = 3190.39
mu3070 = 3.4985
Etot3070 = 2.4611
cput3070 = 3191.41
mu3071 = 3.4985
Etot3071 = 2.4611
cput3071 = 3192.45
mu3072 = 3.4985
Etot3072 = 2.4611
cput3072 = 3193.48
mu3073 = 3.4985
Etot3073 = 2.4611
cput3073 = 3194.5
mu3074 = 3.4985
Etot3074 = 2.4611
cput3074 = 3195.52
mu3075 = 3.4985
Etot3075 = 2.4611
cput3075 = 3196.55
mu3076 = 3.4984
Etot3076 = 2.4611
cput3076 = 3197.59
mu3077 = 3.4984
Etot3077 = 2.4611
cput3077 = 3198.62
mu3078 = 3.4984
Etot3078 = 2.4611
cput3078 = 3199.65
mu3079 = 3.4984
Etot3079 = 2.4611
cput3079 = 3200.68
mu3080 = 3.4984
Etot3080 = 2.461
cput3080 = 3201.72
mu3081 = 3.4984
Etot3081 = 2.461
cput3081 = 3202.75
mu3082 = 3.4984
Etot3082 = 2.461
cput3082 = 3203.77
mu3083 = 3.4983
Etot3083 = 2.461
cput3083 = 3204.8
mu3084 = 3.4983
Etot3084 = 2.461
cput3084 = 3205.84
mu3085 = 3.4983
Etot3085 = 2.461
cput3085 = 3206.87
mu3086 = 3.4983
Etot3086 = 2.461
cput3086 = 3207.91
mu3087 = 3.4983
Etot3087 = 2.461
cput3087 = 3208.93
mu3088 = 3.4983
Etot3088 = 2.461
cput3088 = 3209.96
mu3089 = 3.4983
Etot3089 = 2.461
cput3089 = 3210.98
mu3090 = 3.4982
Etot3090 = 2.461
cput3090 = 3212
mu3091 = 3.4982
Etot3091 = 2.461
cput3091 = 3213.02
mu3092 = 3.4982
Etot3092 = 2.461
cput3092 = 3214.05
mu3093 = 3.4982
Etot3093 = 2.461
cput3093 = 3215.07
mu3094 = 3.4982
Etot3094 = 2.461
cput3094 = 3216.1
mu3095 = 3.4982
Etot3095 = 2.461
cput3095 = 3217.12
mu3096 = 3.4982
Etot3096 = 2.4609
cput3096 = 3218.16
mu3097 = 3.4981
Etot3097 = 2.4609
cput3097 = 3219.19
mu3098 = 3.4981
Etot3098 = 2.4609
cput3098 = 3220.22
mu3099 = 3.4981
Etot3099 = 2.4609
cput3099 = 3221.25
mu3100 = 3.4981
Etot3100 = 2.4609
cput3100 = 3222.29
mu3101 = 3.4981
Etot3101 = 2.4609
cput3101 = 3223.31
mu3102 = 3.4981
Etot3102 = 2.4609
cput3102 = 3224.34
mu3103 = 3.4981
Etot3103 = 2.4609
cput3103 = 3225.35
mu3104 = 3.498
Etot3104 = 2.4609
cput3104 = 3226.36
mu3105 = 3.498
Etot3105 = 2.4609
cput3105 = 3227.36
mu3106 = 3.498
Etot3106 = 2.4609
cput3106 = 3228.38
mu3107 = 3.498
Etot3107 = 2.4609
cput3107 = 3229.39
mu3108 = 3.498
Etot3108 = 2.4609
cput3108 = 3230.39
mu3109 = 3.498
Etot3109 = 2.4609
cput3109 = 3231.39
mu3110 = 3.4979
Etot3110 = 2.4609
cput3110 = 3232.4
mu3111 = 3.4979
Etot3111 = 2.4609
cput3111 = 3233.4
mu3112 = 3.4979
Etot3112 = 2.4608
cput3112 = 3234.42
mu3113 = 3.4979
Etot3113 = 2.4608
cput3113 = 3235.43
mu3114 = 3.4979
Etot3114 = 2.4608
cput3114 = 3236.46
mu3115 = 3.4979
Etot3115 = 2.4608
cput3115 = 3237.47
mu3116 = 3.4979
Etot3116 = 2.4608
cput3116 = 3238.48
mu3117 = 3.4978
Etot3117 = 2.4608
cput3117 = 3239.49
mu3118 = 3.4978
Etot3118 = 2.4608
cput3118 = 3240.51
mu3119 = 3.4978
Etot3119 = 2.4608
cput3119 = 3241.53
mu3120 = 3.4978
Etot3120 = 2.4608
cput3120 = 3242.55
mu3121 = 3.4978
Etot3121 = 2.4608
cput3121 = 3243.58
mu3122 = 3.4978
Etot3122 = 2.4608
cput3122 = 3244.61
mu3123 = 3.4978
Etot3123 = 2.4608
cput3123 = 3245.64
mu3124 = 3.4977
Etot3124 = 2.4608
cput3124 = 3246.65
mu3125 = 3.4977
Etot3125 = 2.4608
cput3125 = 3247.67
mu3126 = 3.4977
Etot3126 = 2.4608
cput3126 = 3248.69
mu3127 = 3.4977
Etot3127 = 2.4607
cput3127 = 3249.71
mu3128 = 3.4977
Etot3128 = 2.4607
cput3128 = 3250.71
mu3129 = 3.4977
Etot3129 = 2.4607
cput3129 = 3251.72
mu3130 = 3.4977
Etot3130 = 2.4607
cput3130 = 3252.74
mu3131 = 3.4976
Etot3131 = 2.4607
cput3131 = 3253.75
mu3132 = 3.4976
Etot3132 = 2.4607
cput3132 = 3254.76
mu3133 = 3.4976
Etot3133 = 2.4607
cput3133 = 3255.78
mu3134 = 3.4976
Etot3134 = 2.4607
cput3134 = 3256.8
mu3135 = 3.4976
Etot3135 = 2.4607
cput3135 = 3257.83
mu3136 = 3.4976
Etot3136 = 2.4607
cput3136 = 3258.86
mu3137 = 3.4976
Etot3137 = 2.4607
cput3137 = 3259.88
mu3138 = 3.4975
Etot3138 = 2.4607
cput3138 = 3260.91
mu3139 = 3.4975
Etot3139 = 2.4607
cput3139 = 3261.95
mu3140 = 3.4975
Etot3140 = 2.4607
cput3140 = 3262.98
mu3141 = 3.4975
Etot3141 = 2.4607
cput3141 = 3263.99
mu3142 = 3.4975
Etot3142 = 2.4607
cput3142 = 3265
mu3143 = 3.4975
Etot3143 = 2.4606
cput3143 = 3266.01
mu3144 = 3.4975
Etot3144 = 2.4606
cput3144 = 3267.02
mu3145 = 3.4974
Etot3145 = 2.4606
cput3145 = 3268.03
mu3146 = 3.4974
Etot3146 = 2.4606
cput3146 = 3269.05
mu3147 = 3.4974
Etot3147 = 2.4606
cput3147 = 3270.08
mu3148 = 3.4974
Etot3148 = 2.4606
cput3148 = 3271.09
mu3149 = 3.4974
Etot3149 = 2.4606
cput3149 = 3272.1
mu3150 = 3.4974
Etot3150 = 2.4606
cput3150 = 3273.13
mu3151 = 3.4973
Etot3151 = 2.4606
cput3151 = 3274.15
mu3152 = 3.4973
Etot3152 = 2.4606
cput3152 = 3275.17
mu3153 = 3.4973
Etot3153 = 2.4606
cput3153 = 3276.19
mu3154 = 3.4973
Etot3154 = 2.4606
cput3154 = 3277.21
mu3155 = 3.4973
Etot3155 = 2.4606
cput3155 = 3278.24
mu3156 = 3.4973
Etot3156 = 2.4606
cput3156 = 3279.28
mu3157 = 3.4973
Etot3157 = 2.4606
cput3157 = 3280.3
mu3158 = 3.4972
Etot3158 = 2.4606
cput3158 = 3281.33
mu3159 = 3.4972
Etot3159 = 2.4605
cput3159 = 3282.36
mu3160 = 3.4972
Etot3160 = 2.4605
cput3160 = 3283.38
mu3161 = 3.4972
Etot3161 = 2.4605
cput3161 = 3284.4
mu3162 = 3.4972
Etot3162 = 2.4605
cput3162 = 3285.42
mu3163 = 3.4972
Etot3163 = 2.4605
cput3163 = 3286.43
mu3164 = 3.4972
Etot3164 = 2.4605
cput3164 = 3287.47
mu3165 = 3.4971
Etot3165 = 2.4605
cput3165 = 3288.51
mu3166 = 3.4971
Etot3166 = 2.4605
cput3166 = 3289.54
mu3167 = 3.4971
Etot3167 = 2.4605
cput3167 = 3290.57
mu3168 = 3.4971
Etot3168 = 2.4605
cput3168 = 3291.59
mu3169 = 3.4971
Etot3169 = 2.4605
cput3169 = 3292.62
mu3170 = 3.4971
Etot3170 = 2.4605
cput3170 = 3293.64
mu3171 = 3.4971
Etot3171 = 2.4605
cput3171 = 3294.66
mu3172 = 3.497
Etot3172 = 2.4605
cput3172 = 3295.68
mu3173 = 3.497
Etot3173 = 2.4605
cput3173 = 3296.7
mu3174 = 3.497
Etot3174 = 2.4605
cput3174 = 3297.7
mu3175 = 3.497
Etot3175 = 2.4604
cput3175 = 3298.71
mu3176 = 3.497
Etot3176 = 2.4604
cput3176 = 3299.72
mu3177 = 3.497
Etot3177 = 2.4604
cput3177 = 3300.74
mu3178 = 3.497
Etot3178 = 2.4604
cput3178 = 3301.75
mu3179 = 3.4969
Etot3179 = 2.4604
cput3179 = 3302.77
mu3180 = 3.4969
Etot3180 = 2.4604
cput3180 = 3303.79
mu3181 = 3.4969
Etot3181 = 2.4604
cput3181 = 3304.82
mu3182 = 3.4969
Etot3182 = 2.4604
cput3182 = 3305.84
mu3183 = 3.4969
Etot3183 = 2.4604
cput3183 = 3306.86
mu3184 = 3.4969
Etot3184 = 2.4604
cput3184 = 3307.88
mu3185 = 3.4968
Etot3185 = 2.4604
cput3185 = 3308.88
mu3186 = 3.4968
Etot3186 = 2.4604
cput3186 = 3309.9
mu3187 = 3.4968
Etot3187 = 2.4604
cput3187 = 3310.92
mu3188 = 3.4968
Etot3188 = 2.4604
cput3188 = 3311.94
mu3189 = 3.4968
Etot3189 = 2.4604
cput3189 = 3312.96
mu3190 = 3.4968
Etot3190 = 2.4604
cput3190 = 3313.98
mu3191 = 3.4968
Etot3191 = 2.4603
cput3191 = 3314.99
mu3192 = 3.4967
Etot3192 = 2.4603
cput3192 = 3316.01
mu3193 = 3.4967
Etot3193 = 2.4603
cput3193 = 3317.04
mu3194 = 3.4967
Etot3194 = 2.4603
cput3194 = 3318.07
mu3195 = 3.4967
Etot3195 = 2.4603
cput3195 = 3319.1
mu3196 = 3.4967
Etot3196 = 2.4603
cput3196 = 3320.13
mu3197 = 3.4967
Etot3197 = 2.4603
cput3197 = 3321.16
mu3198 = 3.4967
Etot3198 = 2.4603
cput3198 = 3322.19
mu3199 = 3.4966
Etot3199 = 2.4603
cput3199 = 3323.2
mu3200 = 3.4966
Etot3200 = 2.4603
cput3200 = 3324.22
mu3201 = 3.4966
Etot3201 = 2.4603
cput3201 = 3325.24
mu3202 = 3.4966
Etot3202 = 2.4603
cput3202 = 3326.26
mu3203 = 3.4966
Etot3203 = 2.4603
cput3203 = 3327.27
mu3204 = 3.4966
Etot3204 = 2.4603
cput3204 = 3328.29
mu3205 = 3.4966
Etot3205 = 2.4603
cput3205 = 3329.31
mu3206 = 3.4965
Etot3206 = 2.4603
cput3206 = 3330.33
mu3207 = 3.4965
Etot3207 = 2.4602
cput3207 = 3331.35
mu3208 = 3.4965
Etot3208 = 2.4602
cput3208 = 3332.38
mu3209 = 3.4965
Etot3209 = 2.4602
cput3209 = 3333.4
mu3210 = 3.4965
Etot3210 = 2.4602
cput3210 = 3334.42
mu3211 = 3.4965
Etot3211 = 2.4602
cput3211 = 3335.43
mu3212 = 3.4964
Etot3212 = 2.4602
cput3212 = 3336.46
mu3213 = 3.4964
Etot3213 = 2.4602
cput3213 = 3337.49
mu3214 = 3.4964
Etot3214 = 2.4602
cput3214 = 3338.51
mu3215 = 3.4964
Etot3215 = 2.4602
cput3215 = 3339.54
mu3216 = 3.4964
Etot3216 = 2.4602
cput3216 = 3340.57
mu3217 = 3.4964
Etot3217 = 2.4602
cput3217 = 3341.6
mu3218 = 3.4964
Etot3218 = 2.4602
cput3218 = 3342.62
mu3219 = 3.4963
Etot3219 = 2.4602
cput3219 = 3343.65
mu3220 = 3.4963
Etot3220 = 2.4602
cput3220 = 3344.67
mu3221 = 3.4963
Etot3221 = 2.4602
cput3221 = 3345.69
mu3222 = 3.4963
Etot3222 = 2.4601
cput3222 = 3346.71
mu3223 = 3.4963
Etot3223 = 2.4601
cput3223 = 3347.74
mu3224 = 3.4963
Etot3224 = 2.4601
cput3224 = 3348.76
mu3225 = 3.4963
Etot3225 = 2.4601
cput3225 = 3349.78
mu3226 = 3.4962
Etot3226 = 2.4601
cput3226 = 3350.81
mu3227 = 3.4962
Etot3227 = 2.4601
cput3227 = 3351.84
mu3228 = 3.4962
Etot3228 = 2.4601
cput3228 = 3352.87
mu3229 = 3.4962
Etot3229 = 2.4601
cput3229 = 3353.91
mu3230 = 3.4962
Etot3230 = 2.4601
cput3230 = 3354.94
mu3231 = 3.4962
Etot3231 = 2.4601
cput3231 = 3355.99
mu3232 = 3.4962
Etot3232 = 2.4601
cput3232 = 3357.02
mu3233 = 3.4961
Etot3233 = 2.4601
cput3233 = 3358.05
mu3234 = 3.4961
Etot3234 = 2.4601
cput3234 = 3359.08
mu3235 = 3.4961
Etot3235 = 2.4601
cput3235 = 3360.12
mu3236 = 3.4961
Etot3236 = 2.4601
cput3236 = 3361.15
mu3237 = 3.4961
Etot3237 = 2.4601
cput3237 = 3362.18
mu3238 = 3.4961
Etot3238 = 2.46
cput3238 = 3363.19
mu3239 = 3.496
Etot3239 = 2.46
cput3239 = 3364.2
mu3240 = 3.496
Etot3240 = 2.46
cput3240 = 3365.22
mu3241 = 3.496
Etot3241 = 2.46
cput3241 = 3366.23
mu3242 = 3.496
Etot3242 = 2.46
cput3242 = 3367.26
mu3243 = 3.496
Etot3243 = 2.46
cput3243 = 3368.3
mu3244 = 3.496
Etot3244 = 2.46
cput3244 = 3369.34
mu3245 = 3.496
Etot3245 = 2.46
cput3245 = 3370.37
mu3246 = 3.4959
Etot3246 = 2.46
cput3246 = 3371.4
mu3247 = 3.4959
Etot3247 = 2.46
cput3247 = 3372.44
mu3248 = 3.4959
Etot3248 = 2.46
cput3248 = 3373.48
mu3249 = 3.4959
Etot3249 = 2.46
cput3249 = 3374.51
mu3250 = 3.4959
Etot3250 = 2.46
cput3250 = 3375.53
mu3251 = 3.4959
Etot3251 = 2.46
cput3251 = 3376.55
mu3252 = 3.4959
Etot3252 = 2.46
cput3252 = 3377.57
mu3253 = 3.4958
Etot3253 = 2.46
cput3253 = 3378.59
mu3254 = 3.4958
Etot3254 = 2.4599
cput3254 = 3379.61
mu3255 = 3.4958
Etot3255 = 2.4599
cput3255 = 3380.64
mu3256 = 3.4958
Etot3256 = 2.4599
cput3256 = 3381.67
mu3257 = 3.4958
Etot3257 = 2.4599
cput3257 = 3382.7
mu3258 = 3.4958
Etot3258 = 2.4599
cput3258 = 3383.73
mu3259 = 3.4958
Etot3259 = 2.4599
cput3259 = 3384.77
mu3260 = 3.4957
Etot3260 = 2.4599
cput3260 = 3385.8
mu3261 = 3.4957
Etot3261 = 2.4599
cput3261 = 3386.82
mu3262 = 3.4957
Etot3262 = 2.4599
cput3262 = 3387.86
mu3263 = 3.4957
Etot3263 = 2.4599
cput3263 = 3388.89
mu3264 = 3.4957
Etot3264 = 2.4599
cput3264 = 3389.92
mu3265 = 3.4957
Etot3265 = 2.4599
cput3265 = 3390.95
mu3266 = 3.4956
Etot3266 = 2.4599
cput3266 = 3391.98
mu3267 = 3.4956
Etot3267 = 2.4599
cput3267 = 3393.02
mu3268 = 3.4956
Etot3268 = 2.4599
cput3268 = 3394.05
mu3269 = 3.4956
Etot3269 = 2.4599
cput3269 = 3395.07
mu3270 = 3.4956
Etot3270 = 2.4598
cput3270 = 3396.1
mu3271 = 3.4956
Etot3271 = 2.4598
cput3271 = 3397.15
mu3272 = 3.4956
Etot3272 = 2.4598
cput3272 = 3398.18
mu3273 = 3.4955
Etot3273 = 2.4598
cput3273 = 3399.22
mu3274 = 3.4955
Etot3274 = 2.4598
cput3274 = 3400.26
mu3275 = 3.4955
Etot3275 = 2.4598
cput3275 = 3401.28
mu3276 = 3.4955
Etot3276 = 2.4598
cput3276 = 3402.3
mu3277 = 3.4955
Etot3277 = 2.4598
cput3277 = 3403.32
mu3278 = 3.4955
Etot3278 = 2.4598
cput3278 = 3404.34
mu3279 = 3.4955
Etot3279 = 2.4598
cput3279 = 3405.37
mu3280 = 3.4954
Etot3280 = 2.4598
cput3280 = 3406.39
mu3281 = 3.4954
Etot3281 = 2.4598
cput3281 = 3407.43
mu3282 = 3.4954
Etot3282 = 2.4598
cput3282 = 3408.45
mu3283 = 3.4954
Etot3283 = 2.4598
cput3283 = 3409.48
mu3284 = 3.4954
Etot3284 = 2.4598
cput3284 = 3410.5
mu3285 = 3.4954
Etot3285 = 2.4597
cput3285 = 3411.51
mu3286 = 3.4953
Etot3286 = 2.4597
cput3286 = 3412.54
mu3287 = 3.4953
Etot3287 = 2.4597
cput3287 = 3413.57
mu3288 = 3.4953
Etot3288 = 2.4597
cput3288 = 3414.59
mu3289 = 3.4953
Etot3289 = 2.4597
cput3289 = 3415.62
mu3290 = 3.4953
Etot3290 = 2.4597
cput3290 = 3416.65
mu3291 = 3.4953
Etot3291 = 2.4597
cput3291 = 3417.67
mu3292 = 3.4953
Etot3292 = 2.4597
cput3292 = 3418.7
mu3293 = 3.4952
Etot3293 = 2.4597
cput3293 = 3419.72
mu3294 = 3.4952
Etot3294 = 2.4597
cput3294 = 3420.75
mu3295 = 3.4952
Etot3295 = 2.4597
cput3295 = 3421.78
mu3296 = 3.4952
Etot3296 = 2.4597
cput3296 = 3422.81
mu3297 = 3.4952
Etot3297 = 2.4597
cput3297 = 3423.83
mu3298 = 3.4952
Etot3298 = 2.4597
cput3298 = 3424.86
mu3299 = 3.4952
Etot3299 = 2.4597
cput3299 = 3425.89
mu3300 = 3.4951
Etot3300 = 2.4597
cput3300 = 3426.92
mu3301 = 3.4951
Etot3301 = 2.4596
cput3301 = 3427.95
mu3302 = 3.4951
Etot3302 = 2.4596
cput3302 = 3428.98
mu3303 = 3.4951
Etot3303 = 2.4596
cput3303 = 3430.01
mu3304 = 3.4951
Etot3304 = 2.4596
cput3304 = 3431.04
mu3305 = 3.4951
Etot3305 = 2.4596
cput3305 = 3432.07
mu3306 = 3.495
Etot3306 = 2.4596
cput3306 = 3433.1
mu3307 = 3.495
Etot3307 = 2.4596
cput3307 = 3434.14
mu3308 = 3.495
Etot3308 = 2.4596
cput3308 = 3435.17
mu3309 = 3.495
Etot3309 = 2.4596
cput3309 = 3436.2
mu3310 = 3.495
Etot3310 = 2.4596
cput3310 = 3437.23
mu3311 = 3.495
Etot3311 = 2.4596
cput3311 = 3438.27
mu3312 = 3.495
Etot3312 = 2.4596
cput3312 = 3439.29
mu3313 = 3.4949
Etot3313 = 2.4596
cput3313 = 3440.31
mu3314 = 3.4949
Etot3314 = 2.4596
cput3314 = 3441.33
mu3315 = 3.4949
Etot3315 = 2.4596
cput3315 = 3442.36
mu3316 = 3.4949
Etot3316 = 2.4596
cput3316 = 3443.39
mu3317 = 3.4949
Etot3317 = 2.4595
cput3317 = 3444.41
mu3318 = 3.4949
Etot3318 = 2.4595
cput3318 = 3445.43
mu3319 = 3.4949
Etot3319 = 2.4595
cput3319 = 3446.46
mu3320 = 3.4948
Etot3320 = 2.4595
cput3320 = 3447.49
mu3321 = 3.4948
Etot3321 = 2.4595
cput3321 = 3448.5
mu3322 = 3.4948
Etot3322 = 2.4595
cput3322 = 3449.53
mu3323 = 3.4948
Etot3323 = 2.4595
cput3323 = 3450.56
mu3324 = 3.4948
Etot3324 = 2.4595
cput3324 = 3451.59
mu3325 = 3.4948
Etot3325 = 2.4595
cput3325 = 3452.61
mu3326 = 3.4947
Etot3326 = 2.4595
cput3326 = 3453.64
mu3327 = 3.4947
Etot3327 = 2.4595
cput3327 = 3454.66
mu3328 = 3.4947
Etot3328 = 2.4595
cput3328 = 3455.68
mu3329 = 3.4947
Etot3329 = 2.4595
cput3329 = 3456.71
mu3330 = 3.4947
Etot3330 = 2.4595
cput3330 = 3457.73
mu3331 = 3.4947
Etot3331 = 2.4595
cput3331 = 3458.77
mu3332 = 3.4947
Etot3332 = 2.4594
cput3332 = 3459.8
mu3333 = 3.4946
Etot3333 = 2.4594
cput3333 = 3460.83
mu3334 = 3.4946
Etot3334 = 2.4594
cput3334 = 3461.87
mu3335 = 3.4946
Etot3335 = 2.4594
cput3335 = 3462.9
mu3336 = 3.4946
Etot3336 = 2.4594
cput3336 = 3463.94
mu3337 = 3.4946
Etot3337 = 2.4594
cput3337 = 3464.96
mu3338 = 3.4946
Etot3338 = 2.4594
cput3338 = 3466
mu3339 = 3.4946
Etot3339 = 2.4594
cput3339 = 3467.01
mu3340 = 3.4945
Etot3340 = 2.4594
cput3340 = 3468.02
mu3341 = 3.4945
Etot3341 = 2.4594
cput3341 = 3469.04
mu3342 = 3.4945
Etot3342 = 2.4594
cput3342 = 3470.06
mu3343 = 3.4945
Etot3343 = 2.4594
cput3343 = 3471.09
mu3344 = 3.4945
Etot3344 = 2.4594
cput3344 = 3472.12
mu3345 = 3.4945
Etot3345 = 2.4594
cput3345 = 3473.14
mu3346 = 3.4944
Etot3346 = 2.4594
cput3346 = 3474.16
mu3347 = 3.4944
Etot3347 = 2.4594
cput3347 = 3475.18
mu3348 = 3.4944
Etot3348 = 2.4593
cput3348 = 3476.19
mu3349 = 3.4944
Etot3349 = 2.4593
cput3349 = 3477.19
mu3350 = 3.4944
Etot3350 = 2.4593
cput3350 = 3478.2
mu3351 = 3.4944
Etot3351 = 2.4593
cput3351 = 3479.22
mu3352 = 3.4944
Etot3352 = 2.4593
cput3352 = 3480.25
mu3353 = 3.4943
Etot3353 = 2.4593
cput3353 = 3481.27
mu3354 = 3.4943
Etot3354 = 2.4593
cput3354 = 3482.3
mu3355 = 3.4943
Etot3355 = 2.4593
cput3355 = 3483.33
mu3356 = 3.4943
Etot3356 = 2.4593
cput3356 = 3484.36
mu3357 = 3.4943
Etot3357 = 2.4593
cput3357 = 3485.39
mu3358 = 3.4943
Etot3358 = 2.4593
cput3358 = 3486.41
mu3359 = 3.4943
Etot3359 = 2.4593
cput3359 = 3487.43
mu3360 = 3.4942
Etot3360 = 2.4593
cput3360 = 3488.46
mu3361 = 3.4942
Etot3361 = 2.4593
cput3361 = 3489.49
mu3362 = 3.4942
Etot3362 = 2.4593
cput3362 = 3490.52
mu3363 = 3.4942
Etot3363 = 2.4592
cput3363 = 3491.55
mu3364 = 3.4942
Etot3364 = 2.4592
cput3364 = 3492.58
mu3365 = 3.4942
Etot3365 = 2.4592
cput3365 = 3493.61
mu3366 = 3.4941
Etot3366 = 2.4592
cput3366 = 3494.64
mu3367 = 3.4941
Etot3367 = 2.4592
cput3367 = 3495.67
mu3368 = 3.4941
Etot3368 = 2.4592
cput3368 = 3496.71
mu3369 = 3.4941
Etot3369 = 2.4592
cput3369 = 3497.74
mu3370 = 3.4941
Etot3370 = 2.4592
cput3370 = 3498.77
mu3371 = 3.4941
Etot3371 = 2.4592
cput3371 = 3499.79
mu3372 = 3.4941
Etot3372 = 2.4592
cput3372 = 3500.82
mu3373 = 3.494
Etot3373 = 2.4592
cput3373 = 3501.84
mu3374 = 3.494
Etot3374 = 2.4592
cput3374 = 3502.87
mu3375 = 3.494
Etot3375 = 2.4592
cput3375 = 3503.89
mu3376 = 3.494
Etot3376 = 2.4592
cput3376 = 3504.91
mu3377 = 3.494
Etot3377 = 2.4592
cput3377 = 3505.93
mu3378 = 3.494
Etot3378 = 2.4592
cput3378 = 3506.95
mu3379 = 3.4939
Etot3379 = 2.4591
cput3379 = 3507.97
mu3380 = 3.4939
Etot3380 = 2.4591
cput3380 = 3508.97
mu3381 = 3.4939
Etot3381 = 2.4591
cput3381 = 3509.99
mu3382 = 3.4939
Etot3382 = 2.4591
cput3382 = 3511
mu3383 = 3.4939
Etot3383 = 2.4591
cput3383 = 3512.01
mu3384 = 3.4939
Etot3384 = 2.4591
cput3384 = 3513.02
mu3385 = 3.4939
Etot3385 = 2.4591
cput3385 = 3514.03
mu3386 = 3.4938
Etot3386 = 2.4591
cput3386 = 3515.03
mu3387 = 3.4938
Etot3387 = 2.4591
cput3387 = 3516.04
mu3388 = 3.4938
Etot3388 = 2.4591
cput3388 = 3517.04
mu3389 = 3.4938
Etot3389 = 2.4591
cput3389 = 3518.06
mu3390 = 3.4938
Etot3390 = 2.4591
cput3390 = 3519.08
mu3391 = 3.4938
Etot3391 = 2.4591
cput3391 = 3520.09
mu3392 = 3.4937
Etot3392 = 2.4591
cput3392 = 3521.13
mu3393 = 3.4937
Etot3393 = 2.4591
cput3393 = 3522.15
mu3394 = 3.4937
Etot3394 = 2.459
cput3394 = 3523.17
mu3395 = 3.4937
Etot3395 = 2.459
cput3395 = 3524.19
mu3396 = 3.4937
Etot3396 = 2.459
cput3396 = 3525.21
mu3397 = 3.4937
Etot3397 = 2.459
cput3397 = 3526.23
mu3398 = 3.4937
Etot3398 = 2.459
cput3398 = 3527.26
mu3399 = 3.4936
Etot3399 = 2.459
cput3399 = 3528.28
mu3400 = 3.4936
Etot3400 = 2.459
cput3400 = 3529.32
mu3401 = 3.4936
Etot3401 = 2.459
cput3401 = 3530.35
mu3402 = 3.4936
Etot3402 = 2.459
cput3402 = 3531.38
mu3403 = 3.4936
Etot3403 = 2.459
cput3403 = 3532.4
mu3404 = 3.4936
Etot3404 = 2.459
cput3404 = 3533.42
mu3405 = 3.4936
Etot3405 = 2.459
cput3405 = 3534.46
mu3406 = 3.4935
Etot3406 = 2.459
cput3406 = 3535.49
mu3407 = 3.4935
Etot3407 = 2.459
cput3407 = 3536.51
mu3408 = 3.4935
Etot3408 = 2.459
cput3408 = 3537.54
mu3409 = 3.4935
Etot3409 = 2.459
cput3409 = 3538.57
mu3410 = 3.4935
Etot3410 = 2.4589
cput3410 = 3539.6
mu3411 = 3.4935
Etot3411 = 2.4589
cput3411 = 3540.62
mu3412 = 3.4934
Etot3412 = 2.4589
cput3412 = 3541.65
mu3413 = 3.4934
Etot3413 = 2.4589
cput3413 = 3542.68
mu3414 = 3.4934
Etot3414 = 2.4589
cput3414 = 3543.71
mu3415 = 3.4934
Etot3415 = 2.4589
cput3415 = 3544.74
mu3416 = 3.4934
Etot3416 = 2.4589
cput3416 = 3545.77
mu3417 = 3.4934
Etot3417 = 2.4589
cput3417 = 3546.81
mu3418 = 3.4934
Etot3418 = 2.4589
cput3418 = 3547.85
mu3419 = 3.4933
Etot3419 = 2.4589
cput3419 = 3548.87
mu3420 = 3.4933
Etot3420 = 2.4589
cput3420 = 3549.89
mu3421 = 3.4933
Etot3421 = 2.4589
cput3421 = 3550.92
mu3422 = 3.4933
Etot3422 = 2.4589
cput3422 = 3551.96
mu3423 = 3.4933
Etot3423 = 2.4589
cput3423 = 3552.99
mu3424 = 3.4933
Etot3424 = 2.4589
cput3424 = 3554.01
mu3425 = 3.4932
Etot3425 = 2.4588
cput3425 = 3555.04
mu3426 = 3.4932
Etot3426 = 2.4588
cput3426 = 3556.06
mu3427 = 3.4932
Etot3427 = 2.4588
cput3427 = 3557.09
mu3428 = 3.4932
Etot3428 = 2.4588
cput3428 = 3558.12
mu3429 = 3.4932
Etot3429 = 2.4588
cput3429 = 3559.15
mu3430 = 3.4932
Etot3430 = 2.4588
cput3430 = 3560.18
mu3431 = 3.4932
Etot3431 = 2.4588
cput3431 = 3561.2
mu3432 = 3.4931
Etot3432 = 2.4588
cput3432 = 3562.21
mu3433 = 3.4931
Etot3433 = 2.4588
cput3433 = 3563.21
mu3434 = 3.4931
Etot3434 = 2.4588
cput3434 = 3564.22
mu3435 = 3.4931
Etot3435 = 2.4588
cput3435 = 3565.22
mu3436 = 3.4931
Etot3436 = 2.4588
cput3436 = 3566.22
mu3437 = 3.4931
Etot3437 = 2.4588
cput3437 = 3567.24
mu3438 = 3.493
Etot3438 = 2.4588
cput3438 = 3568.27
mu3439 = 3.493
Etot3439 = 2.4588
cput3439 = 3569.29
mu3440 = 3.493
Etot3440 = 2.4588
cput3440 = 3570.31
mu3441 = 3.493
Etot3441 = 2.4587
cput3441 = 3571.34
mu3442 = 3.493
Etot3442 = 2.4587
cput3442 = 3572.36
mu3443 = 3.493
Etot3443 = 2.4587
cput3443 = 3573.37
mu3444 = 3.493
Etot3444 = 2.4587
cput3444 = 3574.38
mu3445 = 3.4929
Etot3445 = 2.4587
cput3445 = 3575.4
mu3446 = 3.4929
Etot3446 = 2.4587
cput3446 = 3576.41
mu3447 = 3.4929
Etot3447 = 2.4587
cput3447 = 3577.43
mu3448 = 3.4929
Etot3448 = 2.4587
cput3448 = 3578.44
mu3449 = 3.4929
Etot3449 = 2.4587
cput3449 = 3579.46
mu3450 = 3.4929
Etot3450 = 2.4587
cput3450 = 3580.47
mu3451 = 3.4928
Etot3451 = 2.4587
cput3451 = 3581.48
mu3452 = 3.4928
Etot3452 = 2.4587
cput3452 = 3582.5
mu3453 = 3.4928
Etot3453 = 2.4587
cput3453 = 3583.53
mu3454 = 3.4928
Etot3454 = 2.4587
cput3454 = 3584.55
mu3455 = 3.4928
Etot3455 = 2.4587
cput3455 = 3585.56
mu3456 = 3.4928
Etot3456 = 2.4586
cput3456 = 3586.59
mu3457 = 3.4928
Etot3457 = 2.4586
cput3457 = 3587.62
mu3458 = 3.4927
Etot3458 = 2.4586
cput3458 = 3588.63
mu3459 = 3.4927
Etot3459 = 2.4586
cput3459 = 3589.65
mu3460 = 3.4927
Etot3460 = 2.4586
cput3460 = 3590.68
mu3461 = 3.4927
Etot3461 = 2.4586
cput3461 = 3591.71
mu3462 = 3.4927
Etot3462 = 2.4586
cput3462 = 3592.74
mu3463 = 3.4927
Etot3463 = 2.4586
cput3463 = 3593.78
mu3464 = 3.4926
Etot3464 = 2.4586
cput3464 = 3594.81
mu3465 = 3.4926
Etot3465 = 2.4586
cput3465 = 3595.84
mu3466 = 3.4926
Etot3466 = 2.4586
cput3466 = 3596.87
mu3467 = 3.4926
Etot3467 = 2.4586
cput3467 = 3597.9
mu3468 = 3.4926
Etot3468 = 2.4586
cput3468 = 3598.92
mu3469 = 3.4926
Etot3469 = 2.4586
cput3469 = 3599.96
mu3470 = 3.4926
Etot3470 = 2.4586
cput3470 = 3600.99
mu3471 = 3.4925
Etot3471 = 2.4585
cput3471 = 3602.04
mu3472 = 3.4925
Etot3472 = 2.4585
cput3472 = 3603.08
mu3473 = 3.4925
Etot3473 = 2.4585
cput3473 = 3604.11
mu3474 = 3.4925
Etot3474 = 2.4585
cput3474 = 3605.14
mu3475 = 3.4925
Etot3475 = 2.4585
cput3475 = 3606.17
mu3476 = 3.4925
Etot3476 = 2.4585
cput3476 = 3607.2
mu3477 = 3.4924
Etot3477 = 2.4585
cput3477 = 3608.22
mu3478 = 3.4924
Etot3478 = 2.4585
cput3478 = 3609.25
mu3479 = 3.4924
Etot3479 = 2.4585
cput3479 = 3610.28
mu3480 = 3.4924
Etot3480 = 2.4585
cput3480 = 3611.32
mu3481 = 3.4924
Etot3481 = 2.4585
cput3481 = 3612.35
mu3482 = 3.4924
Etot3482 = 2.4585
cput3482 = 3613.37
mu3483 = 3.4923
Etot3483 = 2.4585
cput3483 = 3614.4
mu3484 = 3.4923
Etot3484 = 2.4585
cput3484 = 3615.43
mu3485 = 3.4923
Etot3485 = 2.4585
cput3485 = 3616.45
mu3486 = 3.4923
Etot3486 = 2.4585
cput3486 = 3617.47
mu3487 = 3.4923
Etot3487 = 2.4584
cput3487 = 3618.48
mu3488 = 3.4923
Etot3488 = 2.4584
cput3488 = 3619.49
mu3489 = 3.4923
Etot3489 = 2.4584
cput3489 = 3620.5
mu3490 = 3.4922
Etot3490 = 2.4584
cput3490 = 3621.51
mu3491 = 3.4922
Etot3491 = 2.4584
cput3491 = 3622.53
mu3492 = 3.4922
Etot3492 = 2.4584
cput3492 = 3623.54
mu3493 = 3.4922
Etot3493 = 2.4584
cput3493 = 3624.53
mu3494 = 3.4922
Etot3494 = 2.4584
cput3494 = 3625.54
mu3495 = 3.4922
Etot3495 = 2.4584
cput3495 = 3626.56
mu3496 = 3.4921
Etot3496 = 2.4584
cput3496 = 3627.57
mu3497 = 3.4921
Etot3497 = 2.4584
cput3497 = 3628.59
mu3498 = 3.4921
Etot3498 = 2.4584
cput3498 = 3629.61
mu3499 = 3.4921
Etot3499 = 2.4584
cput3499 = 3630.62
mu3500 = 3.4921
Etot3500 = 2.4584
cput3500 = 3631.65
mu3501 = 3.4921
Etot3501 = 2.4584
cput3501 = 3632.69
mu3502 = 3.4921
Etot3502 = 2.4583
cput3502 = 3633.71
mu3503 = 3.492
Etot3503 = 2.4583
cput3503 = 3634.73
mu3504 = 3.492
Etot3504 = 2.4583
cput3504 = 3635.77
mu3505 = 3.492
Etot3505 = 2.4583
cput3505 = 3636.8
mu3506 = 3.492
Etot3506 = 2.4583
cput3506 = 3637.82
mu3507 = 3.492
Etot3507 = 2.4583
cput3507 = 3638.85
mu3508 = 3.492
Etot3508 = 2.4583
cput3508 = 3639.88
mu3509 = 3.4919
Etot3509 = 2.4583
cput3509 = 3640.9
mu3510 = 3.4919
Etot3510 = 2.4583
cput3510 = 3641.91
mu3511 = 3.4919
Etot3511 = 2.4583
cput3511 = 3642.93
mu3512 = 3.4919
Etot3512 = 2.4583
cput3512 = 3643.96
mu3513 = 3.4919
Etot3513 = 2.4583
cput3513 = 3644.99
mu3514 = 3.4919
Etot3514 = 2.4583
cput3514 = 3646
mu3515 = 3.4919
Etot3515 = 2.4583
cput3515 = 3647.02
mu3516 = 3.4918
Etot3516 = 2.4583
cput3516 = 3648.05
mu3517 = 3.4918
Etot3517 = 2.4582
cput3517 = 3649.07
mu3518 = 3.4918
Etot3518 = 2.4582
cput3518 = 3650.1
mu3519 = 3.4918
Etot3519 = 2.4582
cput3519 = 3651.13
mu3520 = 3.4918
Etot3520 = 2.4582
cput3520 = 3652.14
mu3521 = 3.4918
Etot3521 = 2.4582
cput3521 = 3653.16
mu3522 = 3.4917
Etot3522 = 2.4582
cput3522 = 3654.17
mu3523 = 3.4917
Etot3523 = 2.4582
cput3523 = 3655.19
mu3524 = 3.4917
Etot3524 = 2.4582
cput3524 = 3656.2
mu3525 = 3.4917
Etot3525 = 2.4582
cput3525 = 3657.22
mu3526 = 3.4917
Etot3526 = 2.4582
cput3526 = 3658.25
mu3527 = 3.4917
Etot3527 = 2.4582
cput3527 = 3659.27
mu3528 = 3.4916
Etot3528 = 2.4582
cput3528 = 3660.28
mu3529 = 3.4916
Etot3529 = 2.4582
cput3529 = 3661.29
mu3530 = 3.4916
Etot3530 = 2.4582
cput3530 = 3662.32
mu3531 = 3.4916
Etot3531 = 2.4582
cput3531 = 3663.35
mu3532 = 3.4916
Etot3532 = 2.4581
cput3532 = 3664.36
mu3533 = 3.4916
Etot3533 = 2.4581
cput3533 = 3665.37
mu3534 = 3.4916
Etot3534 = 2.4581
cput3534 = 3666.39
mu3535 = 3.4915
Etot3535 = 2.4581
cput3535 = 3667.41
mu3536 = 3.4915
Etot3536 = 2.4581
cput3536 = 3668.42
mu3537 = 3.4915
Etot3537 = 2.4581
cput3537 = 3669.44
mu3538 = 3.4915
Etot3538 = 2.4581
cput3538 = 3670.46
mu3539 = 3.4915
Etot3539 = 2.4581
cput3539 = 3671.48
mu3540 = 3.4915
Etot3540 = 2.4581
cput3540 = 3672.5
mu3541 = 3.4914
Etot3541 = 2.4581
cput3541 = 3673.53
mu3542 = 3.4914
Etot3542 = 2.4581
cput3542 = 3674.56
mu3543 = 3.4914
Etot3543 = 2.4581
cput3543 = 3675.58
mu3544 = 3.4914
Etot3544 = 2.4581
cput3544 = 3676.59
mu3545 = 3.4914
Etot3545 = 2.4581
cput3545 = 3677.62
mu3546 = 3.4914
Etot3546 = 2.4581
cput3546 = 3678.65
mu3547 = 3.4913
Etot3547 = 2.458
cput3547 = 3679.69
mu3548 = 3.4913
Etot3548 = 2.458
cput3548 = 3680.71
mu3549 = 3.4913
Etot3549 = 2.458
cput3549 = 3681.73
mu3550 = 3.4913
Etot3550 = 2.458
cput3550 = 3682.76
mu3551 = 3.4913
Etot3551 = 2.458
cput3551 = 3683.77
mu3552 = 3.4913
Etot3552 = 2.458
cput3552 = 3684.79
mu3553 = 3.4913
Etot3553 = 2.458
cput3553 = 3685.8
mu3554 = 3.4912
Etot3554 = 2.458
cput3554 = 3686.83
mu3555 = 3.4912
Etot3555 = 2.458
cput3555 = 3687.83
mu3556 = 3.4912
Etot3556 = 2.458
cput3556 = 3688.84
mu3557 = 3.4912
Etot3557 = 2.458
cput3557 = 3689.84
mu3558 = 3.4912
Etot3558 = 2.458
cput3558 = 3690.86
mu3559 = 3.4912
Etot3559 = 2.458
cput3559 = 3691.89
mu3560 = 3.4911
Etot3560 = 2.458
cput3560 = 3692.91
mu3561 = 3.4911
Etot3561 = 2.458
cput3561 = 3693.93
mu3562 = 3.4911
Etot3562 = 2.4579
cput3562 = 3694.95
mu3563 = 3.4911
Etot3563 = 2.4579
cput3563 = 3695.97
mu3564 = 3.4911
Etot3564 = 2.4579
cput3564 = 3696.99
mu3565 = 3.4911
Etot3565 = 2.4579
cput3565 = 3698
mu3566 = 3.491
Etot3566 = 2.4579
cput3566 = 3699.03
mu3567 = 3.491
Etot3567 = 2.4579
cput3567 = 3700.07
mu3568 = 3.491
Etot3568 = 2.4579
cput3568 = 3701.1
mu3569 = 3.491
Etot3569 = 2.4579
cput3569 = 3702.11
mu3570 = 3.491
Etot3570 = 2.4579
cput3570 = 3703.14
mu3571 = 3.491
Etot3571 = 2.4579
cput3571 = 3704.15
mu3572 = 3.491
Etot3572 = 2.4579
cput3572 = 3705.16
mu3573 = 3.4909
Etot3573 = 2.4579
cput3573 = 3706.18
mu3574 = 3.4909
Etot3574 = 2.4579
cput3574 = 3707.2
mu3575 = 3.4909
Etot3575 = 2.4579
cput3575 = 3708.21
mu3576 = 3.4909
Etot3576 = 2.4579
cput3576 = 3709.22
mu3577 = 3.4909
Etot3577 = 2.4578
cput3577 = 3710.24
mu3578 = 3.4909
Etot3578 = 2.4578
cput3578 = 3711.26
mu3579 = 3.4908
Etot3579 = 2.4578
cput3579 = 3712.3
mu3580 = 3.4908
Etot3580 = 2.4578
cput3580 = 3713.35
mu3581 = 3.4908
Etot3581 = 2.4578
cput3581 = 3714.38
mu3582 = 3.4908
Etot3582 = 2.4578
cput3582 = 3715.4
mu3583 = 3.4908
Etot3583 = 2.4578
cput3583 = 3716.43
mu3584 = 3.4908
Etot3584 = 2.4578
cput3584 = 3717.45
mu3585 = 3.4907
Etot3585 = 2.4578
cput3585 = 3718.47
mu3586 = 3.4907
Etot3586 = 2.4578
cput3586 = 3719.48
mu3587 = 3.4907
Etot3587 = 2.4578
cput3587 = 3720.5
mu3588 = 3.4907
Etot3588 = 2.4578
cput3588 = 3721.52
mu3589 = 3.4907
Etot3589 = 2.4578
cput3589 = 3722.52
mu3590 = 3.4907
Etot3590 = 2.4578
cput3590 = 3723.54
mu3591 = 3.4907
Etot3591 = 2.4578
cput3591 = 3724.58
mu3592 = 3.4906
Etot3592 = 2.4577
cput3592 = 3725.59
mu3593 = 3.4906
Etot3593 = 2.4577
cput3593 = 3726.62
mu3594 = 3.4906
Etot3594 = 2.4577
cput3594 = 3727.65
mu3595 = 3.4906
Etot3595 = 2.4577
cput3595 = 3728.68
mu3596 = 3.4906
Etot3596 = 2.4577
cput3596 = 3729.71
mu3597 = 3.4906
Etot3597 = 2.4577
cput3597 = 3730.75
mu3598 = 3.4905
Etot3598 = 2.4577
cput3598 = 3731.78
mu3599 = 3.4905
Etot3599 = 2.4577
cput3599 = 3732.82
mu3600 = 3.4905
Etot3600 = 2.4577
cput3600 = 3733.85
mu3601 = 3.4905
Etot3601 = 2.4577
cput3601 = 3734.89
mu3602 = 3.4905
Etot3602 = 2.4577
cput3602 = 3735.92
mu3603 = 3.4905
Etot3603 = 2.4577
cput3603 = 3736.95
mu3604 = 3.4904
Etot3604 = 2.4577
cput3604 = 3737.98
mu3605 = 3.4904
Etot3605 = 2.4577
cput3605 = 3739.03
mu3606 = 3.4904
Etot3606 = 2.4577
cput3606 = 3740.06
mu3607 = 3.4904
Etot3607 = 2.4576
cput3607 = 3741.09
mu3608 = 3.4904
Etot3608 = 2.4576
cput3608 = 3742.13
mu3609 = 3.4904
Etot3609 = 2.4576
cput3609 = 3743.16
mu3610 = 3.4903
Etot3610 = 2.4576
cput3610 = 3744.19
mu3611 = 3.4903
Etot3611 = 2.4576
cput3611 = 3745.23
mu3612 = 3.4903
Etot3612 = 2.4576
cput3612 = 3746.27
mu3613 = 3.4903
Etot3613 = 2.4576
cput3613 = 3747.3
mu3614 = 3.4903
Etot3614 = 2.4576
cput3614 = 3748.33
mu3615 = 3.4903
Etot3615 = 2.4576
cput3615 = 3749.37
mu3616 = 3.4903
Etot3616 = 2.4576
cput3616 = 3750.4
mu3617 = 3.4902
Etot3617 = 2.4576
cput3617 = 3751.43
mu3618 = 3.4902
Etot3618 = 2.4576
cput3618 = 3752.46
mu3619 = 3.4902
Etot3619 = 2.4576
cput3619 = 3753.49
mu3620 = 3.4902
Etot3620 = 2.4576
cput3620 = 3754.52
mu3621 = 3.4902
Etot3621 = 2.4576
cput3621 = 3755.53
mu3622 = 3.4902
Etot3622 = 2.4575
cput3622 = 3756.56
mu3623 = 3.4901
Etot3623 = 2.4575
cput3623 = 3757.59
mu3624 = 3.4901
Etot3624 = 2.4575
cput3624 = 3758.6
mu3625 = 3.4901
Etot3625 = 2.4575
cput3625 = 3759.62
mu3626 = 3.4901
Etot3626 = 2.4575
cput3626 = 3760.64
mu3627 = 3.4901
Etot3627 = 2.4575
cput3627 = 3761.67
mu3628 = 3.4901
Etot3628 = 2.4575
cput3628 = 3762.69
mu3629 = 3.49
Etot3629 = 2.4575
cput3629 = 3763.72
mu3630 = 3.49
Etot3630 = 2.4575
cput3630 = 3764.73
mu3631 = 3.49
Etot3631 = 2.4575
cput3631 = 3765.74
mu3632 = 3.49
Etot3632 = 2.4575
cput3632 = 3766.75
mu3633 = 3.49
Etot3633 = 2.4575
cput3633 = 3767.75
mu3634 = 3.49
Etot3634 = 2.4575
cput3634 = 3768.76
mu3635 = 3.4899
Etot3635 = 2.4575
cput3635 = 3769.78
mu3636 = 3.4899
Etot3636 = 2.4575
cput3636 = 3770.8
mu3637 = 3.4899
Etot3637 = 2.4574
cput3637 = 3771.82
mu3638 = 3.4899
Etot3638 = 2.4574
cput3638 = 3772.83
mu3639 = 3.4899
Etot3639 = 2.4574
cput3639 = 3773.84
mu3640 = 3.4899
Etot3640 = 2.4574
cput3640 = 3774.87
mu3641 = 3.4898
Etot3641 = 2.4574
cput3641 = 3775.91
mu3642 = 3.4898
Etot3642 = 2.4574
cput3642 = 3776.93
mu3643 = 3.4898
Etot3643 = 2.4574
cput3643 = 3777.95
mu3644 = 3.4898
Etot3644 = 2.4574
cput3644 = 3778.99
mu3645 = 3.4898
Etot3645 = 2.4574
cput3645 = 3780.01
mu3646 = 3.4898
Etot3646 = 2.4574
cput3646 = 3781.03
mu3647 = 3.4898
Etot3647 = 2.4574
cput3647 = 3782.05
mu3648 = 3.4897
Etot3648 = 2.4574
cput3648 = 3783.09
mu3649 = 3.4897
Etot3649 = 2.4574
cput3649 = 3784.12
mu3650 = 3.4897
Etot3650 = 2.4574
cput3650 = 3785.14
mu3651 = 3.4897
Etot3651 = 2.4574
cput3651 = 3786.16
mu3652 = 3.4897
Etot3652 = 2.4573
cput3652 = 3787.19
mu3653 = 3.4897
Etot3653 = 2.4573
cput3653 = 3788.22
mu3654 = 3.4896
Etot3654 = 2.4573
cput3654 = 3789.25
mu3655 = 3.4896
Etot3655 = 2.4573
cput3655 = 3790.28
mu3656 = 3.4896
Etot3656 = 2.4573
cput3656 = 3791.31
mu3657 = 3.4896
Etot3657 = 2.4573
cput3657 = 3792.35
mu3658 = 3.4896
Etot3658 = 2.4573
cput3658 = 3793.38
mu3659 = 3.4896
Etot3659 = 2.4573
cput3659 = 3794.4
mu3660 = 3.4895
Etot3660 = 2.4573
cput3660 = 3795.44
mu3661 = 3.4895
Etot3661 = 2.4573
cput3661 = 3796.48
mu3662 = 3.4895
Etot3662 = 2.4573
cput3662 = 3797.51
mu3663 = 3.4895
Etot3663 = 2.4573
cput3663 = 3798.54
mu3664 = 3.4895
Etot3664 = 2.4573
cput3664 = 3799.58
mu3665 = 3.4895
Etot3665 = 2.4573
cput3665 = 3800.6
mu3666 = 3.4894
Etot3666 = 2.4572
cput3666 = 3801.64
mu3667 = 3.4894
Etot3667 = 2.4572
cput3667 = 3802.67
mu3668 = 3.4894
Etot3668 = 2.4572
cput3668 = 3803.71
mu3669 = 3.4894
Etot3669 = 2.4572
cput3669 = 3804.75
mu3670 = 3.4894
Etot3670 = 2.4572
cput3670 = 3805.78
mu3671 = 3.4894
Etot3671 = 2.4572
cput3671 = 3806.8
mu3672 = 3.4893
Etot3672 = 2.4572
cput3672 = 3807.82
mu3673 = 3.4893
Etot3673 = 2.4572
cput3673 = 3808.84
mu3674 = 3.4893
Etot3674 = 2.4572
cput3674 = 3809.85
mu3675 = 3.4893
Etot3675 = 2.4572
cput3675 = 3810.87
mu3676 = 3.4893
Etot3676 = 2.4572
cput3676 = 3811.9
mu3677 = 3.4893
Etot3677 = 2.4572
cput3677 = 3812.92
mu3678 = 3.4892
Etot3678 = 2.4572
cput3678 = 3813.93
mu3679 = 3.4892
Etot3679 = 2.4572
cput3679 = 3814.92
mu3680 = 3.4892
Etot3680 = 2.4572
cput3680 = 3815.92
mu3681 = 3.4892
Etot3681 = 2.4571
cput3681 = 3816.93
mu3682 = 3.4892
Etot3682 = 2.4571
cput3682 = 3817.95
mu3683 = 3.4892
Etot3683 = 2.4571
cput3683 = 3818.96
mu3684 = 3.4891
Etot3684 = 2.4571
cput3684 = 3819.99
mu3685 = 3.4891
Etot3685 = 2.4571
cput3685 = 3821.01
mu3686 = 3.4891
Etot3686 = 2.4571
cput3686 = 3822.03
mu3687 = 3.4891
Etot3687 = 2.4571
cput3687 = 3823.06
mu3688 = 3.4891
Etot3688 = 2.4571
cput3688 = 3824.09
mu3689 = 3.4891
Etot3689 = 2.4571
cput3689 = 3825.13
mu3690 = 3.4891
Etot3690 = 2.4571
cput3690 = 3826.15
mu3691 = 3.489
Etot3691 = 2.4571
cput3691 = 3827.18
mu3692 = 3.489
Etot3692 = 2.4571
cput3692 = 3828.22
mu3693 = 3.489
Etot3693 = 2.4571
cput3693 = 3829.25
mu3694 = 3.489
Etot3694 = 2.4571
cput3694 = 3830.28
mu3695 = 3.489
Etot3695 = 2.457
cput3695 = 3831.31
mu3696 = 3.489
Etot3696 = 2.457
cput3696 = 3832.34
mu3697 = 3.4889
Etot3697 = 2.457
cput3697 = 3833.37
mu3698 = 3.4889
Etot3698 = 2.457
cput3698 = 3834.39
mu3699 = 3.4889
Etot3699 = 2.457
cput3699 = 3835.41
mu3700 = 3.4889
Etot3700 = 2.457
cput3700 = 3836.44
mu3701 = 3.4889
Etot3701 = 2.457
cput3701 = 3837.48
mu3702 = 3.4889
Etot3702 = 2.457
cput3702 = 3838.51
mu3703 = 3.4888
Etot3703 = 2.457
cput3703 = 3839.54
mu3704 = 3.4888
Etot3704 = 2.457
cput3704 = 3840.58
mu3705 = 3.4888
Etot3705 = 2.457
cput3705 = 3841.61
mu3706 = 3.4888
Etot3706 = 2.457
cput3706 = 3842.65
mu3707 = 3.4888
Etot3707 = 2.457
cput3707 = 3843.69
mu3708 = 3.4888
Etot3708 = 2.457
cput3708 = 3844.72
mu3709 = 3.4887
Etot3709 = 2.457
cput3709 = 3845.76
mu3710 = 3.4887
Etot3710 = 2.4569
cput3710 = 3846.8
mu3711 = 3.4887
Etot3711 = 2.4569
cput3711 = 3847.83
mu3712 = 3.4887
Etot3712 = 2.4569
cput3712 = 3848.85
mu3713 = 3.4887
Etot3713 = 2.4569
cput3713 = 3849.87
mu3714 = 3.4887
Etot3714 = 2.4569
cput3714 = 3850.9
mu3715 = 3.4886
Etot3715 = 2.4569
cput3715 = 3851.94
mu3716 = 3.4886
Etot3716 = 2.4569
cput3716 = 3852.97
mu3717 = 3.4886
Etot3717 = 2.4569
cput3717 = 3854
mu3718 = 3.4886
Etot3718 = 2.4569
cput3718 = 3855.03
mu3719 = 3.4886
Etot3719 = 2.4569
cput3719 = 3856.07
mu3720 = 3.4886
Etot3720 = 2.4569
cput3720 = 3857.1
mu3721 = 3.4885
Etot3721 = 2.4569
cput3721 = 3858.13
mu3722 = 3.4885
Etot3722 = 2.4569
cput3722 = 3859.16
mu3723 = 3.4885
Etot3723 = 2.4569
cput3723 = 3860.2
mu3724 = 3.4885
Etot3724 = 2.4569
cput3724 = 3861.22
mu3725 = 3.4885
Etot3725 = 2.4568
cput3725 = 3862.25
mu3726 = 3.4885
Etot3726 = 2.4568
cput3726 = 3863.28
mu3727 = 3.4884
Etot3727 = 2.4568
cput3727 = 3864.31
mu3728 = 3.4884
Etot3728 = 2.4568
cput3728 = 3865.34
mu3729 = 3.4884
Etot3729 = 2.4568
cput3729 = 3866.37
mu3730 = 3.4884
Etot3730 = 2.4568
cput3730 = 3867.4
mu3731 = 3.4884
Etot3731 = 2.4568
cput3731 = 3868.43
mu3732 = 3.4884
Etot3732 = 2.4568
cput3732 = 3869.46
mu3733 = 3.4883
Etot3733 = 2.4568
cput3733 = 3870.48
mu3734 = 3.4883
Etot3734 = 2.4568
cput3734 = 3871.5
mu3735 = 3.4883
Etot3735 = 2.4568
cput3735 = 3872.52
mu3736 = 3.4883
Etot3736 = 2.4568
cput3736 = 3873.54
mu3737 = 3.4883
Etot3737 = 2.4568
cput3737 = 3874.57
mu3738 = 3.4883
Etot3738 = 2.4568
cput3738 = 3875.6
mu3739 = 3.4882
Etot3739 = 2.4567
cput3739 = 3876.62
mu3740 = 3.4882
Etot3740 = 2.4567
cput3740 = 3877.65
mu3741 = 3.4882
Etot3741 = 2.4567
cput3741 = 3878.67
mu3742 = 3.4882
Etot3742 = 2.4567
cput3742 = 3879.69
mu3743 = 3.4882
Etot3743 = 2.4567
cput3743 = 3880.72
mu3744 = 3.4882
Etot3744 = 2.4567
cput3744 = 3881.76
mu3745 = 3.4881
Etot3745 = 2.4567
cput3745 = 3882.79
mu3746 = 3.4881
Etot3746 = 2.4567
cput3746 = 3883.83
mu3747 = 3.4881
Etot3747 = 2.4567
cput3747 = 3884.86
mu3748 = 3.4881
Etot3748 = 2.4567
cput3748 = 3885.89
mu3749 = 3.4881
Etot3749 = 2.4567
cput3749 = 3886.92
mu3750 = 3.4881
Etot3750 = 2.4567
cput3750 = 3887.94
mu3751 = 3.488
Etot3751 = 2.4567
cput3751 = 3888.96
mu3752 = 3.488
Etot3752 = 2.4567
cput3752 = 3889.97
mu3753 = 3.488
Etot3753 = 2.4566
cput3753 = 3890.99
mu3754 = 3.488
Etot3754 = 2.4566
cput3754 = 3892.03
mu3755 = 3.488
Etot3755 = 2.4566
cput3755 = 3893.06
mu3756 = 3.488
Etot3756 = 2.4566
cput3756 = 3894.08
mu3757 = 3.4879
Etot3757 = 2.4566
cput3757 = 3895.09
mu3758 = 3.4879
Etot3758 = 2.4566
cput3758 = 3896.12
mu3759 = 3.4879
Etot3759 = 2.4566
cput3759 = 3897.15
mu3760 = 3.4879
Etot3760 = 2.4566
cput3760 = 3898.18
mu3761 = 3.4879
Etot3761 = 2.4566
cput3761 = 3899.2
mu3762 = 3.4879
Etot3762 = 2.4566
cput3762 = 3900.23
mu3763 = 3.4878
Etot3763 = 2.4566
cput3763 = 3901.27
mu3764 = 3.4878
Etot3764 = 2.4566
cput3764 = 3902.3
mu3765 = 3.4878
Etot3765 = 2.4566
cput3765 = 3903.33
mu3766 = 3.4878
Etot3766 = 2.4566
cput3766 = 3904.35
mu3767 = 3.4878
Etot3767 = 2.4566
cput3767 = 3905.38
mu3768 = 3.4878
Etot3768 = 2.4565
cput3768 = 3906.4
mu3769 = 3.4877
Etot3769 = 2.4565
cput3769 = 3907.44
mu3770 = 3.4877
Etot3770 = 2.4565
cput3770 = 3908.47
mu3771 = 3.4877
Etot3771 = 2.4565
cput3771 = 3909.49
mu3772 = 3.4877
Etot3772 = 2.4565
cput3772 = 3910.51
mu3773 = 3.4877
Etot3773 = 2.4565
cput3773 = 3911.54
mu3774 = 3.4877
Etot3774 = 2.4565
cput3774 = 3912.57
mu3775 = 3.4876
Etot3775 = 2.4565
cput3775 = 3913.61
mu3776 = 3.4876
Etot3776 = 2.4565
cput3776 = 3914.64
mu3777 = 3.4876
Etot3777 = 2.4565
cput3777 = 3915.67
mu3778 = 3.4876
Etot3778 = 2.4565
cput3778 = 3916.7
mu3779 = 3.4876
Etot3779 = 2.4565
cput3779 = 3917.73
mu3780 = 3.4876
Etot3780 = 2.4565
cput3780 = 3918.76
mu3781 = 3.4875
Etot3781 = 2.4565
cput3781 = 3919.78
mu3782 = 3.4875
Etot3782 = 2.4564
cput3782 = 3920.81
mu3783 = 3.4875
Etot3783 = 2.4564
cput3783 = 3921.83
mu3784 = 3.4875
Etot3784 = 2.4564
cput3784 = 3922.85
mu3785 = 3.4875
Etot3785 = 2.4564
cput3785 = 3923.88
mu3786 = 3.4875
Etot3786 = 2.4564
cput3786 = 3924.9
mu3787 = 3.4874
Etot3787 = 2.4564
cput3787 = 3925.93
mu3788 = 3.4874
Etot3788 = 2.4564
cput3788 = 3926.96
mu3789 = 3.4874
Etot3789 = 2.4564
cput3789 = 3927.98
mu3790 = 3.4874
Etot3790 = 2.4564
cput3790 = 3929
mu3791 = 3.4874
Etot3791 = 2.4564
cput3791 = 3930.03
mu3792 = 3.4874
Etot3792 = 2.4564
cput3792 = 3931.05
mu3793 = 3.4873
Etot3793 = 2.4564
cput3793 = 3932.07
mu3794 = 3.4873
Etot3794 = 2.4564
cput3794 = 3933.1
mu3795 = 3.4873
Etot3795 = 2.4564
cput3795 = 3934.13
mu3796 = 3.4873
Etot3796 = 2.4563
cput3796 = 3935.17
mu3797 = 3.4873
Etot3797 = 2.4563
cput3797 = 3936.19
mu3798 = 3.4873
Etot3798 = 2.4563
cput3798 = 3937.22
mu3799 = 3.4872
Etot3799 = 2.4563
cput3799 = 3938.25
mu3800 = 3.4872
Etot3800 = 2.4563
cput3800 = 3939.28
mu3801 = 3.4872
Etot3801 = 2.4563
cput3801 = 3940.3
mu3802 = 3.4872
Etot3802 = 2.4563
cput3802 = 3941.33
mu3803 = 3.4872
Etot3803 = 2.4563
cput3803 = 3942.36
mu3804 = 3.4872
Etot3804 = 2.4563
cput3804 = 3943.39
mu3805 = 3.4871
Etot3805 = 2.4563
cput3805 = 3944.42
mu3806 = 3.4871
Etot3806 = 2.4563
cput3806 = 3945.46
mu3807 = 3.4871
Etot3807 = 2.4563
cput3807 = 3946.49
mu3808 = 3.4871
Etot3808 = 2.4563
cput3808 = 3947.52
mu3809 = 3.4871
Etot3809 = 2.4563
cput3809 = 3948.55
mu3810 = 3.4871
Etot3810 = 2.4562
cput3810 = 3949.58
mu3811 = 3.487
Etot3811 = 2.4562
cput3811 = 3950.6
mu3812 = 3.487
Etot3812 = 2.4562
cput3812 = 3951.63
mu3813 = 3.487
Etot3813 = 2.4562
cput3813 = 3952.66
mu3814 = 3.487
Etot3814 = 2.4562
cput3814 = 3953.69
mu3815 = 3.487
Etot3815 = 2.4562
cput3815 = 3954.73
mu3816 = 3.4869
Etot3816 = 2.4562
cput3816 = 3955.76
mu3817 = 3.4869
Etot3817 = 2.4562
cput3817 = 3956.8
mu3818 = 3.4869
Etot3818 = 2.4562
cput3818 = 3957.83
mu3819 = 3.4869
Etot3819 = 2.4562
cput3819 = 3958.87
mu3820 = 3.4869
Etot3820 = 2.4562
cput3820 = 3959.9
mu3821 = 3.4869
Etot3821 = 2.4562
cput3821 = 3960.93
mu3822 = 3.4868
Etot3822 = 2.4562
cput3822 = 3961.97
mu3823 = 3.4868
Etot3823 = 2.4562
cput3823 = 3963.01
mu3824 = 3.4868
Etot3824 = 2.4561
cput3824 = 3964.04
mu3825 = 3.4868
Etot3825 = 2.4561
cput3825 = 3965.08
mu3826 = 3.4868
Etot3826 = 2.4561
cput3826 = 3966.12
mu3827 = 3.4868
Etot3827 = 2.4561
cput3827 = 3967.15
mu3828 = 3.4867
Etot3828 = 2.4561
cput3828 = 3968.19
mu3829 = 3.4867
Etot3829 = 2.4561
cput3829 = 3969.22
mu3830 = 3.4867
Etot3830 = 2.4561
cput3830 = 3970.24
mu3831 = 3.4867
Etot3831 = 2.4561
cput3831 = 3971.24
mu3832 = 3.4867
Etot3832 = 2.4561
cput3832 = 3972.26
mu3833 = 3.4867
Etot3833 = 2.4561
cput3833 = 3973.27
mu3834 = 3.4866
Etot3834 = 2.4561
cput3834 = 3974.28
mu3835 = 3.4866
Etot3835 = 2.4561
cput3835 = 3975.31
mu3836 = 3.4866
Etot3836 = 2.4561
cput3836 = 3976.35
mu3837 = 3.4866
Etot3837 = 2.4561
cput3837 = 3977.38
mu3838 = 3.4866
Etot3838 = 2.456
cput3838 = 3978.41
mu3839 = 3.4866
Etot3839 = 2.456
cput3839 = 3979.44
mu3840 = 3.4865
Etot3840 = 2.456
cput3840 = 3980.48
mu3841 = 3.4865
Etot3841 = 2.456
cput3841 = 3981.51
mu3842 = 3.4865
Etot3842 = 2.456
cput3842 = 3982.54
mu3843 = 3.4865
Etot3843 = 2.456
cput3843 = 3983.58
mu3844 = 3.4865
Etot3844 = 2.456
cput3844 = 3984.61
mu3845 = 3.4865
Etot3845 = 2.456
cput3845 = 3985.64
mu3846 = 3.4864
Etot3846 = 2.456
cput3846 = 3986.67
mu3847 = 3.4864
Etot3847 = 2.456
cput3847 = 3987.72
mu3848 = 3.4864
Etot3848 = 2.456
cput3848 = 3988.75
mu3849 = 3.4864
Etot3849 = 2.456
cput3849 = 3989.78
mu3850 = 3.4864
Etot3850 = 2.456
cput3850 = 3990.79
mu3851 = 3.4864
Etot3851 = 2.456
cput3851 = 3991.81
mu3852 = 3.4863
Etot3852 = 2.4559
cput3852 = 3992.82
mu3853 = 3.4863
Etot3853 = 2.4559
cput3853 = 3993.84
mu3854 = 3.4863
Etot3854 = 2.4559
cput3854 = 3994.86
mu3855 = 3.4863
Etot3855 = 2.4559
cput3855 = 3995.88
mu3856 = 3.4863
Etot3856 = 2.4559
cput3856 = 3996.92
mu3857 = 3.4862
Etot3857 = 2.4559
cput3857 = 3997.93
mu3858 = 3.4862
Etot3858 = 2.4559
cput3858 = 3998.96
mu3859 = 3.4862
Etot3859 = 2.4559
cput3859 = 3999.99
mu3860 = 3.4862
Etot3860 = 2.4559
cput3860 = 4001.02
mu3861 = 3.4862
Etot3861 = 2.4559
cput3861 = 4002.05
mu3862 = 3.4862
Etot3862 = 2.4559
cput3862 = 4003.07
mu3863 = 3.4861
Etot3863 = 2.4559
cput3863 = 4004.1
mu3864 = 3.4861
Etot3864 = 2.4559
cput3864 = 4005.13
mu3865 = 3.4861
Etot3865 = 2.4559
cput3865 = 4006.15
mu3866 = 3.4861
Etot3866 = 2.4558
cput3866 = 4007.17
mu3867 = 3.4861
Etot3867 = 2.4558
cput3867 = 4008.19
mu3868 = 3.4861
Etot3868 = 2.4558
cput3868 = 4009.21
mu3869 = 3.486
Etot3869 = 2.4558
cput3869 = 4010.23
mu3870 = 3.486
Etot3870 = 2.4558
cput3870 = 4011.26
mu3871 = 3.486
Etot3871 = 2.4558
cput3871 = 4012.3
mu3872 = 3.486
Etot3872 = 2.4558
cput3872 = 4013.33
mu3873 = 3.486
Etot3873 = 2.4558
cput3873 = 4014.35
mu3874 = 3.486
Etot3874 = 2.4558
cput3874 = 4015.37
mu3875 = 3.4859
Etot3875 = 2.4558
cput3875 = 4016.4
mu3876 = 3.4859
Etot3876 = 2.4558
cput3876 = 4017.44
mu3877 = 3.4859
Etot3877 = 2.4558
cput3877 = 4018.47
mu3878 = 3.4859
Etot3878 = 2.4558
cput3878 = 4019.51
mu3879 = 3.4859
Etot3879 = 2.4558
cput3879 = 4020.54
mu3880 = 3.4859
Etot3880 = 2.4557
cput3880 = 4021.58
mu3881 = 3.4858
Etot3881 = 2.4557
cput3881 = 4022.61
mu3882 = 3.4858
Etot3882 = 2.4557
cput3882 = 4023.63
mu3883 = 3.4858
Etot3883 = 2.4557
cput3883 = 4024.67
mu3884 = 3.4858
Etot3884 = 2.4557
cput3884 = 4025.71
mu3885 = 3.4858
Etot3885 = 2.4557
cput3885 = 4026.75
mu3886 = 3.4857
Etot3886 = 2.4557
cput3886 = 4027.79
mu3887 = 3.4857
Etot3887 = 2.4557
cput3887 = 4028.82
mu3888 = 3.4857
Etot3888 = 2.4557
cput3888 = 4029.85
mu3889 = 3.4857
Etot3889 = 2.4557
cput3889 = 4030.87
mu3890 = 3.4857
Etot3890 = 2.4557
cput3890 = 4031.9
mu3891 = 3.4857
Etot3891 = 2.4557
cput3891 = 4032.93
mu3892 = 3.4856
Etot3892 = 2.4557
cput3892 = 4033.95
mu3893 = 3.4856
Etot3893 = 2.4557
cput3893 = 4034.98
mu3894 = 3.4856
Etot3894 = 2.4556
cput3894 = 4036.02
mu3895 = 3.4856
Etot3895 = 2.4556
cput3895 = 4037.05
mu3896 = 3.4856
Etot3896 = 2.4556
cput3896 = 4038.08
mu3897 = 3.4856
Etot3897 = 2.4556
cput3897 = 4039.11
mu3898 = 3.4855
Etot3898 = 2.4556
cput3898 = 4040.13
mu3899 = 3.4855
Etot3899 = 2.4556
cput3899 = 4041.14
mu3900 = 3.4855
Etot3900 = 2.4556
cput3900 = 4042.16
mu3901 = 3.4855
Etot3901 = 2.4556
cput3901 = 4043.18
mu3902 = 3.4855
Etot3902 = 2.4556
cput3902 = 4044.21
mu3903 = 3.4854
Etot3903 = 2.4556
cput3903 = 4045.24
mu3904 = 3.4854
Etot3904 = 2.4556
cput3904 = 4046.26
mu3905 = 3.4854
Etot3905 = 2.4556
cput3905 = 4047.3
mu3906 = 3.4854
Etot3906 = 2.4556
cput3906 = 4048.33
mu3907 = 3.4854
Etot3907 = 2.4556
cput3907 = 4049.35
mu3908 = 3.4854
Etot3908 = 2.4555
cput3908 = 4050.38
mu3909 = 3.4853
Etot3909 = 2.4555
cput3909 = 4051.41
mu3910 = 3.4853
Etot3910 = 2.4555
cput3910 = 4052.44
mu3911 = 3.4853
Etot3911 = 2.4555
cput3911 = 4053.46
mu3912 = 3.4853
Etot3912 = 2.4555
cput3912 = 4054.49
mu3913 = 3.4853
Etot3913 = 2.4555
cput3913 = 4055.52
mu3914 = 3.4853
Etot3914 = 2.4555
cput3914 = 4056.55
mu3915 = 3.4852
Etot3915 = 2.4555
cput3915 = 4057.57
mu3916 = 3.4852
Etot3916 = 2.4555
cput3916 = 4058.6
mu3917 = 3.4852
Etot3917 = 2.4555
cput3917 = 4059.63
mu3918 = 3.4852
Etot3918 = 2.4555
cput3918 = 4060.66
mu3919 = 3.4852
Etot3919 = 2.4555
cput3919 = 4061.69
mu3920 = 3.4852
Etot3920 = 2.4555
cput3920 = 4062.72
mu3921 = 3.4851
Etot3921 = 2.4555
cput3921 = 4063.75
mu3922 = 3.4851
Etot3922 = 2.4554
cput3922 = 4064.78
mu3923 = 3.4851
Etot3923 = 2.4554
cput3923 = 4065.82
mu3924 = 3.4851
Etot3924 = 2.4554
cput3924 = 4066.85
mu3925 = 3.4851
Etot3925 = 2.4554
cput3925 = 4067.87
mu3926 = 3.485
Etot3926 = 2.4554
cput3926 = 4068.89
mu3927 = 3.485
Etot3927 = 2.4554
cput3927 = 4069.91
mu3928 = 3.485
Etot3928 = 2.4554
cput3928 = 4070.93
mu3929 = 3.485
Etot3929 = 2.4554
cput3929 = 4071.95
mu3930 = 3.485
Etot3930 = 2.4554
cput3930 = 4072.97
mu3931 = 3.485
Etot3931 = 2.4554
cput3931 = 4074.01
mu3932 = 3.4849
Etot3932 = 2.4554
cput3932 = 4075.03
mu3933 = 3.4849
Etot3933 = 2.4554
cput3933 = 4076.06
mu3934 = 3.4849
Etot3934 = 2.4554
cput3934 = 4077.1
mu3935 = 3.4849
Etot3935 = 2.4553
cput3935 = 4078.13
mu3936 = 3.4849
Etot3936 = 2.4553
cput3936 = 4079.16
mu3937 = 3.4849
Etot3937 = 2.4553
cput3937 = 4080.18
mu3938 = 3.4848
Etot3938 = 2.4553
cput3938 = 4081.21
mu3939 = 3.4848
Etot3939 = 2.4553
cput3939 = 4082.25
mu3940 = 3.4848
Etot3940 = 2.4553
cput3940 = 4083.27
mu3941 = 3.4848
Etot3941 = 2.4553
cput3941 = 4084.29
mu3942 = 3.4848
Etot3942 = 2.4553
cput3942 = 4085.31
mu3943 = 3.4847
Etot3943 = 2.4553
cput3943 = 4086.33
mu3944 = 3.4847
Etot3944 = 2.4553
cput3944 = 4087.36
mu3945 = 3.4847
Etot3945 = 2.4553
cput3945 = 4088.4
mu3946 = 3.4847
Etot3946 = 2.4553
cput3946 = 4089.42
mu3947 = 3.4847
Etot3947 = 2.4553
cput3947 = 4090.45
mu3948 = 3.4847
Etot3948 = 2.4553
cput3948 = 4091.48
mu3949 = 3.4846
Etot3949 = 2.4552
cput3949 = 4092.5
mu3950 = 3.4846
Etot3950 = 2.4552
cput3950 = 4093.52
mu3951 = 3.4846
Etot3951 = 2.4552
cput3951 = 4094.53
mu3952 = 3.4846
Etot3952 = 2.4552
cput3952 = 4095.56
mu3953 = 3.4846
Etot3953 = 2.4552
cput3953 = 4096.59
mu3954 = 3.4846
Etot3954 = 2.4552
cput3954 = 4097.61
mu3955 = 3.4845
Etot3955 = 2.4552
cput3955 = 4098.63
mu3956 = 3.4845
Etot3956 = 2.4552
cput3956 = 4099.66
mu3957 = 3.4845
Etot3957 = 2.4552
cput3957 = 4100.69
mu3958 = 3.4845
Etot3958 = 2.4552
cput3958 = 4101.71
mu3959 = 3.4845
Etot3959 = 2.4552
cput3959 = 4102.73
mu3960 = 3.4844
Etot3960 = 2.4552
cput3960 = 4103.76
mu3961 = 3.4844
Etot3961 = 2.4552
cput3961 = 4104.79
mu3962 = 3.4844
Etot3962 = 2.4551
cput3962 = 4105.82
mu3963 = 3.4844
Etot3963 = 2.4551
cput3963 = 4106.85
mu3964 = 3.4844
Etot3964 = 2.4551
cput3964 = 4107.89
mu3965 = 3.4844
Etot3965 = 2.4551
cput3965 = 4108.91
mu3966 = 3.4843
Etot3966 = 2.4551
cput3966 = 4109.93
mu3967 = 3.4843
Etot3967 = 2.4551
cput3967 = 4110.95
mu3968 = 3.4843
Etot3968 = 2.4551
cput3968 = 4111.99
mu3969 = 3.4843
Etot3969 = 2.4551
cput3969 = 4113.01
mu3970 = 3.4843
Etot3970 = 2.4551
cput3970 = 4114.02
mu3971 = 3.4842
Etot3971 = 2.4551
cput3971 = 4115.04
mu3972 = 3.4842
Etot3972 = 2.4551
cput3972 = 4116.07
mu3973 = 3.4842
Etot3973 = 2.4551
cput3973 = 4117.09
mu3974 = 3.4842
Etot3974 = 2.4551
cput3974 = 4118.12
mu3975 = 3.4842
Etot3975 = 2.4551
cput3975 = 4119.14
mu3976 = 3.4842
Etot3976 = 2.455
cput3976 = 4120.17
mu3977 = 3.4841
Etot3977 = 2.455
cput3977 = 4121.2
mu3978 = 3.4841
Etot3978 = 2.455
cput3978 = 4122.23
mu3979 = 3.4841
Etot3979 = 2.455
cput3979 = 4123.27
mu3980 = 3.4841
Etot3980 = 2.455
cput3980 = 4124.3
mu3981 = 3.4841
Etot3981 = 2.455
cput3981 = 4125.32
mu3982 = 3.484
Etot3982 = 2.455
cput3982 = 4126.36
mu3983 = 3.484
Etot3983 = 2.455
cput3983 = 4127.39
mu3984 = 3.484
Etot3984 = 2.455
cput3984 = 4128.42
mu3985 = 3.484
Etot3985 = 2.455
cput3985 = 4129.43
mu3986 = 3.484
Etot3986 = 2.455
cput3986 = 4130.46
mu3987 = 3.484
Etot3987 = 2.455
cput3987 = 4131.49
mu3988 = 3.4839
Etot3988 = 2.455
cput3988 = 4132.51
mu3989 = 3.4839
Etot3989 = 2.4549
cput3989 = 4133.54
mu3990 = 3.4839
Etot3990 = 2.4549
cput3990 = 4134.56
mu3991 = 3.4839
Etot3991 = 2.4549
cput3991 = 4135.59
mu3992 = 3.4839
Etot3992 = 2.4549
cput3992 = 4136.63
mu3993 = 3.4839
Etot3993 = 2.4549
cput3993 = 4137.67
mu3994 = 3.4838
Etot3994 = 2.4549
cput3994 = 4138.7
mu3995 = 3.4838
Etot3995 = 2.4549
cput3995 = 4139.74
mu3996 = 3.4838
Etot3996 = 2.4549
cput3996 = 4140.78
mu3997 = 3.4838
Etot3997 = 2.4549
cput3997 = 4141.8
mu3998 = 3.4838
Etot3998 = 2.4549
cput3998 = 4142.84
mu3999 = 3.4837
Etot3999 = 2.4549
cput3999 = 4143.87
mu4000 = 3.4837
Etot4000 = 2.4549
cput4000 = 4144.91
mu4001 = 3.4837
Etot4001 = 2.4549
cput4001 = 4145.94
mu4002 = 3.4837
Etot4002 = 2.4549
cput4002 = 4146.97
mu4003 = 3.4837
Etot4003 = 2.4548
cput4003 = 4148
mu4004 = 3.4837
Etot4004 = 2.4548
cput4004 = 4149.03
mu4005 = 3.4836
Etot4005 = 2.4548
cput4005 = 4150.05
mu4006 = 3.4836
Etot4006 = 2.4548
cput4006 = 4151.07
mu4007 = 3.4836
Etot4007 = 2.4548
cput4007 = 4152.09
mu4008 = 3.4836
Etot4008 = 2.4548
cput4008 = 4153.11
mu4009 = 3.4836
Etot4009 = 2.4548
cput4009 = 4154.13
mu4010 = 3.4835
Etot4010 = 2.4548
cput4010 = 4155.15
mu4011 = 3.4835
Etot4011 = 2.4548
cput4011 = 4156.18
mu4012 = 3.4835
Etot4012 = 2.4548
cput4012 = 4157.2
mu4013 = 3.4835
Etot4013 = 2.4548
cput4013 = 4158.22
mu4014 = 3.4835
Etot4014 = 2.4548
cput4014 = 4159.24
mu4015 = 3.4835
Etot4015 = 2.4548
cput4015 = 4160.26
mu4016 = 3.4834
Etot4016 = 2.4547
cput4016 = 4161.28
mu4017 = 3.4834
Etot4017 = 2.4547
cput4017 = 4162.29
mu4018 = 3.4834
Etot4018 = 2.4547
cput4018 = 4163.31
mu4019 = 3.4834
Etot4019 = 2.4547
cput4019 = 4164.34
mu4020 = 3.4834
Etot4020 = 2.4547
cput4020 = 4165.38
mu4021 = 3.4833
Etot4021 = 2.4547
cput4021 = 4166.41
mu4022 = 3.4833
Etot4022 = 2.4547
cput4022 = 4167.44
mu4023 = 3.4833
Etot4023 = 2.4547
cput4023 = 4168.47
mu4024 = 3.4833
Etot4024 = 2.4547
cput4024 = 4169.49
mu4025 = 3.4833
Etot4025 = 2.4547
cput4025 = 4170.51
mu4026 = 3.4833
Etot4026 = 2.4547
cput4026 = 4171.55
mu4027 = 3.4832
Etot4027 = 2.4547
cput4027 = 4172.58
mu4028 = 3.4832
Etot4028 = 2.4547
cput4028 = 4173.6
mu4029 = 3.4832
Etot4029 = 2.4546
cput4029 = 4174.63
mu4030 = 3.4832
Etot4030 = 2.4546
cput4030 = 4175.66
mu4031 = 3.4832
Etot4031 = 2.4546
cput4031 = 4176.68
mu4032 = 3.4831
Etot4032 = 2.4546
cput4032 = 4177.71
mu4033 = 3.4831
Etot4033 = 2.4546
cput4033 = 4178.72
mu4034 = 3.4831
Etot4034 = 2.4546
cput4034 = 4179.73
mu4035 = 3.4831
Etot4035 = 2.4546
cput4035 = 4180.76
mu4036 = 3.4831
Etot4036 = 2.4546
cput4036 = 4181.78
mu4037 = 3.4831
Etot4037 = 2.4546
cput4037 = 4182.8
mu4038 = 3.483
Etot4038 = 2.4546
cput4038 = 4183.83
mu4039 = 3.483
Etot4039 = 2.4546
cput4039 = 4184.86
mu4040 = 3.483
Etot4040 = 2.4546
cput4040 = 4185.89
mu4041 = 3.483
Etot4041 = 2.4546
cput4041 = 4186.91
mu4042 = 3.483
Etot4042 = 2.4545
cput4042 = 4187.93
mu4043 = 3.4829
Etot4043 = 2.4545
cput4043 = 4188.95
mu4044 = 3.4829
Etot4044 = 2.4545
cput4044 = 4189.97
mu4045 = 3.4829
Etot4045 = 2.4545
cput4045 = 4190.98
mu4046 = 3.4829
Etot4046 = 2.4545
cput4046 = 4191.99
mu4047 = 3.4829
Etot4047 = 2.4545
cput4047 = 4193.01
mu4048 = 3.4829
Etot4048 = 2.4545
cput4048 = 4194.03
mu4049 = 3.4828
Etot4049 = 2.4545
cput4049 = 4195.05
mu4050 = 3.4828
Etot4050 = 2.4545
cput4050 = 4196.08
mu4051 = 3.4828
Etot4051 = 2.4545
cput4051 = 4197.1
mu4052 = 3.4828
Etot4052 = 2.4545
cput4052 = 4198.12
mu4053 = 3.4828
Etot4053 = 2.4545
cput4053 = 4199.15
mu4054 = 3.4827
Etot4054 = 2.4545
cput4054 = 4200.19
mu4055 = 3.4827
Etot4055 = 2.4544
cput4055 = 4201.2
mu4056 = 3.4827
Etot4056 = 2.4544
cput4056 = 4202.24
mu4057 = 3.4827
Etot4057 = 2.4544
cput4057 = 4203.27
mu4058 = 3.4827
Etot4058 = 2.4544
cput4058 = 4204.3
mu4059 = 3.4826
Etot4059 = 2.4544
cput4059 = 4205.33
mu4060 = 3.4826
Etot4060 = 2.4544
cput4060 = 4206.34
mu4061 = 3.4826
Etot4061 = 2.4544
cput4061 = 4207.36
mu4062 = 3.4826
Etot4062 = 2.4544
cput4062 = 4208.38
mu4063 = 3.4826
Etot4063 = 2.4544
cput4063 = 4209.4
mu4064 = 3.4826
Etot4064 = 2.4544
cput4064 = 4210.43
mu4065 = 3.4825
Etot4065 = 2.4544
cput4065 = 4211.46
mu4066 = 3.4825
Etot4066 = 2.4544
cput4066 = 4212.5
mu4067 = 3.4825
Etot4067 = 2.4544
cput4067 = 4213.54
mu4068 = 3.4825
Etot4068 = 2.4544
cput4068 = 4214.56
mu4069 = 3.4825
Etot4069 = 2.4543
cput4069 = 4215.58
mu4070 = 3.4824
Etot4070 = 2.4543
cput4070 = 4216.6
mu4071 = 3.4824
Etot4071 = 2.4543
cput4071 = 4217.62
mu4072 = 3.4824
Etot4072 = 2.4543
cput4072 = 4218.64
mu4073 = 3.4824
Etot4073 = 2.4543
cput4073 = 4219.65
mu4074 = 3.4824
Etot4074 = 2.4543
cput4074 = 4220.66
mu4075 = 3.4824
Etot4075 = 2.4543
cput4075 = 4221.67
mu4076 = 3.4823
Etot4076 = 2.4543
cput4076 = 4222.69
mu4077 = 3.4823
Etot4077 = 2.4543
cput4077 = 4223.71
mu4078 = 3.4823
Etot4078 = 2.4543
cput4078 = 4224.74
mu4079 = 3.4823
Etot4079 = 2.4543
cput4079 = 4225.77
mu4080 = 3.4823
Etot4080 = 2.4543
cput4080 = 4226.79
mu4081 = 3.4822
Etot4081 = 2.4543
cput4081 = 4227.8
mu4082 = 3.4822
Etot4082 = 2.4542
cput4082 = 4228.81
mu4083 = 3.4822
Etot4083 = 2.4542
cput4083 = 4229.84
mu4084 = 3.4822
Etot4084 = 2.4542
cput4084 = 4230.86
mu4085 = 3.4822
Etot4085 = 2.4542
cput4085 = 4231.87
mu4086 = 3.4821
Etot4086 = 2.4542
cput4086 = 4232.88
mu4087 = 3.4821
Etot4087 = 2.4542
cput4087 = 4233.89
mu4088 = 3.4821
Etot4088 = 2.4542
cput4088 = 4234.91
mu4089 = 3.4821
Etot4089 = 2.4542
cput4089 = 4235.91
mu4090 = 3.4821
Etot4090 = 2.4542
cput4090 = 4236.93
mu4091 = 3.4821
Etot4091 = 2.4542
cput4091 = 4237.95
mu4092 = 3.482
Etot4092 = 2.4542
cput4092 = 4238.96
mu4093 = 3.482
Etot4093 = 2.4542
cput4093 = 4240
mu4094 = 3.482
Etot4094 = 2.4541
cput4094 = 4241.02
mu4095 = 3.482
Etot4095 = 2.4541
cput4095 = 4242.04
mu4096 = 3.482
Etot4096 = 2.4541
cput4096 = 4243.05
mu4097 = 3.4819
Etot4097 = 2.4541
cput4097 = 4244.08
mu4098 = 3.4819
Etot4098 = 2.4541
cput4098 = 4245.11
mu4099 = 3.4819
Etot4099 = 2.4541
cput4099 = 4246.14
mu4100 = 3.4819
Etot4100 = 2.4541
cput4100 = 4247.16
mu4101 = 3.4819
Etot4101 = 2.4541
cput4101 = 4248.19
mu4102 = 3.4818
Etot4102 = 2.4541
cput4102 = 4249.21
mu4103 = 3.4818
Etot4103 = 2.4541
cput4103 = 4250.23
mu4104 = 3.4818
Etot4104 = 2.4541
cput4104 = 4251.25
mu4105 = 3.4818
Etot4105 = 2.4541
cput4105 = 4252.27
mu4106 = 3.4818
Etot4106 = 2.4541
cput4106 = 4253.3
mu4107 = 3.4818
Etot4107 = 2.454
cput4107 = 4254.32
mu4108 = 3.4817
Etot4108 = 2.454
cput4108 = 4255.35
mu4109 = 3.4817
Etot4109 = 2.454
cput4109 = 4256.38
mu4110 = 3.4817
Etot4110 = 2.454
cput4110 = 4257.41
mu4111 = 3.4817
Etot4111 = 2.454
cput4111 = 4258.44
mu4112 = 3.4817
Etot4112 = 2.454
cput4112 = 4259.47
mu4113 = 3.4816
Etot4113 = 2.454
cput4113 = 4260.49
mu4114 = 3.4816
Etot4114 = 2.454
cput4114 = 4261.51
mu4115 = 3.4816
Etot4115 = 2.454
cput4115 = 4262.53
mu4116 = 3.4816
Etot4116 = 2.454
cput4116 = 4263.57
mu4117 = 3.4816
Etot4117 = 2.454
cput4117 = 4264.59
mu4118 = 3.4815
Etot4118 = 2.454
cput4118 = 4265.62
mu4119 = 3.4815
Etot4119 = 2.454
cput4119 = 4266.65
mu4120 = 3.4815
Etot4120 = 2.4539
cput4120 = 4267.68
mu4121 = 3.4815
Etot4121 = 2.4539
cput4121 = 4268.69
mu4122 = 3.4815
Etot4122 = 2.4539
cput4122 = 4269.7
mu4123 = 3.4815
Etot4123 = 2.4539
cput4123 = 4270.72
mu4124 = 3.4814
Etot4124 = 2.4539
cput4124 = 4271.76
mu4125 = 3.4814
Etot4125 = 2.4539
cput4125 = 4272.8
mu4126 = 3.4814
Etot4126 = 2.4539
cput4126 = 4273.83
mu4127 = 3.4814
Etot4127 = 2.4539
cput4127 = 4274.87
mu4128 = 3.4814
Etot4128 = 2.4539
cput4128 = 4275.9
mu4129 = 3.4813
Etot4129 = 2.4539
cput4129 = 4276.93
mu4130 = 3.4813
Etot4130 = 2.4539
cput4130 = 4277.96
mu4131 = 3.4813
Etot4131 = 2.4539
cput4131 = 4278.99
mu4132 = 3.4813
Etot4132 = 2.4539
cput4132 = 4280.02
mu4133 = 3.4813
Etot4133 = 2.4538
cput4133 = 4281.06
mu4134 = 3.4812
Etot4134 = 2.4538
cput4134 = 4282.08
mu4135 = 3.4812
Etot4135 = 2.4538
cput4135 = 4283.09
mu4136 = 3.4812
Etot4136 = 2.4538
cput4136 = 4284.11
mu4137 = 3.4812
Etot4137 = 2.4538
cput4137 = 4285.13
mu4138 = 3.4812
Etot4138 = 2.4538
cput4138 = 4286.14
mu4139 = 3.4811
Etot4139 = 2.4538
cput4139 = 4287.15
mu4140 = 3.4811
Etot4140 = 2.4538
cput4140 = 4288.17
mu4141 = 3.4811
Etot4141 = 2.4538
cput4141 = 4289.2
mu4142 = 3.4811
Etot4142 = 2.4538
cput4142 = 4290.21
mu4143 = 3.4811
Etot4143 = 2.4538
cput4143 = 4291.23
mu4144 = 3.4811
Etot4144 = 2.4538
cput4144 = 4292.26
mu4145 = 3.481
Etot4145 = 2.4538
cput4145 = 4293.28
mu4146 = 3.481
Etot4146 = 2.4537
cput4146 = 4294.29
mu4147 = 3.481
Etot4147 = 2.4537
cput4147 = 4295.31
mu4148 = 3.481
Etot4148 = 2.4537
cput4148 = 4296.33
mu4149 = 3.481
Etot4149 = 2.4537
cput4149 = 4297.35
mu4150 = 3.4809
Etot4150 = 2.4537
cput4150 = 4298.37
mu4151 = 3.4809
Etot4151 = 2.4537
cput4151 = 4299.39
mu4152 = 3.4809
Etot4152 = 2.4537
cput4152 = 4300.41
mu4153 = 3.4809
Etot4153 = 2.4537
cput4153 = 4301.44
mu4154 = 3.4809
Etot4154 = 2.4537
cput4154 = 4302.47
mu4155 = 3.4808
Etot4155 = 2.4537
cput4155 = 4303.5
mu4156 = 3.4808
Etot4156 = 2.4537
cput4156 = 4304.54
mu4157 = 3.4808
Etot4157 = 2.4537
cput4157 = 4305.57
mu4158 = 3.4808
Etot4158 = 2.4536
cput4158 = 4306.61
mu4159 = 3.4808
Etot4159 = 2.4536
cput4159 = 4307.64
mu4160 = 3.4807
Etot4160 = 2.4536
cput4160 = 4308.68
mu4161 = 3.4807
Etot4161 = 2.4536
cput4161 = 4309.72
mu4162 = 3.4807
Etot4162 = 2.4536
cput4162 = 4310.74
mu4163 = 3.4807
Etot4163 = 2.4536
cput4163 = 4311.78
mu4164 = 3.4807
Etot4164 = 2.4536
cput4164 = 4312.82
mu4165 = 3.4807
Etot4165 = 2.4536
cput4165 = 4313.86
mu4166 = 3.4806
Etot4166 = 2.4536
cput4166 = 4314.89
mu4167 = 3.4806
Etot4167 = 2.4536
cput4167 = 4315.92
mu4168 = 3.4806
Etot4168 = 2.4536
cput4168 = 4316.95
mu4169 = 3.4806
Etot4169 = 2.4536
cput4169 = 4317.99
mu4170 = 3.4806
Etot4170 = 2.4536
cput4170 = 4319.02
mu4171 = 3.4805
Etot4171 = 2.4535
cput4171 = 4320.06
mu4172 = 3.4805
Etot4172 = 2.4535
cput4172 = 4321.08
mu4173 = 3.4805
Etot4173 = 2.4535
cput4173 = 4322.1
mu4174 = 3.4805
Etot4174 = 2.4535
cput4174 = 4323.12
mu4175 = 3.4805
Etot4175 = 2.4535
cput4175 = 4324.13
mu4176 = 3.4804
Etot4176 = 2.4535
cput4176 = 4325.16
mu4177 = 3.4804
Etot4177 = 2.4535
cput4177 = 4326.17
mu4178 = 3.4804
Etot4178 = 2.4535
cput4178 = 4327.18
mu4179 = 3.4804
Etot4179 = 2.4535
cput4179 = 4328.19
mu4180 = 3.4804
Etot4180 = 2.4535
cput4180 = 4329.19
mu4181 = 3.4803
Etot4181 = 2.4535
cput4181 = 4330.2
mu4182 = 3.4803
Etot4182 = 2.4535
cput4182 = 4331.23
mu4183 = 3.4803
Etot4183 = 2.4535
cput4183 = 4332.26
mu4184 = 3.4803
Etot4184 = 2.4534
cput4184 = 4333.29
mu4185 = 3.4803
Etot4185 = 2.4534
cput4185 = 4334.3
mu4186 = 3.4802
Etot4186 = 2.4534
cput4186 = 4335.32
mu4187 = 3.4802
Etot4187 = 2.4534
cput4187 = 4336.35
mu4188 = 3.4802
Etot4188 = 2.4534
cput4188 = 4337.38
mu4189 = 3.4802
Etot4189 = 2.4534
cput4189 = 4338.41
mu4190 = 3.4802
Etot4190 = 2.4534
cput4190 = 4339.43
mu4191 = 3.4802
Etot4191 = 2.4534
cput4191 = 4340.46
mu4192 = 3.4801
Etot4192 = 2.4534
cput4192 = 4341.49
mu4193 = 3.4801
Etot4193 = 2.4534
cput4193 = 4342.52
mu4194 = 3.4801
Etot4194 = 2.4534
cput4194 = 4343.54
mu4195 = 3.4801
Etot4195 = 2.4534
cput4195 = 4344.57
mu4196 = 3.4801
Etot4196 = 2.4533
cput4196 = 4345.61
mu4197 = 3.48
Etot4197 = 2.4533
cput4197 = 4346.64
mu4198 = 3.48
Etot4198 = 2.4533
cput4198 = 4347.67
mu4199 = 3.48
Etot4199 = 2.4533
cput4199 = 4348.7
mu4200 = 3.48
Etot4200 = 2.4533
cput4200 = 4349.73
mu4201 = 3.48
Etot4201 = 2.4533
cput4201 = 4350.76
mu4202 = 3.4799
Etot4202 = 2.4533
cput4202 = 4351.79
mu4203 = 3.4799
Etot4203 = 2.4533
cput4203 = 4352.82
mu4204 = 3.4799
Etot4204 = 2.4533
cput4204 = 4353.85
mu4205 = 3.4799
Etot4205 = 2.4533
cput4205 = 4354.87
mu4206 = 3.4799
Etot4206 = 2.4533
cput4206 = 4355.88
mu4207 = 3.4798
Etot4207 = 2.4533
cput4207 = 4356.9
mu4208 = 3.4798
Etot4208 = 2.4532
cput4208 = 4357.92
mu4209 = 3.4798
Etot4209 = 2.4532
cput4209 = 4358.92
mu4210 = 3.4798
Etot4210 = 2.4532
cput4210 = 4359.93
mu4211 = 3.4798
Etot4211 = 2.4532
cput4211 = 4360.96
mu4212 = 3.4797
Etot4212 = 2.4532
cput4212 = 4361.98
mu4213 = 3.4797
Etot4213 = 2.4532
cput4213 = 4362.99
mu4214 = 3.4797
Etot4214 = 2.4532
cput4214 = 4364
mu4215 = 3.4797
Etot4215 = 2.4532
cput4215 = 4365.03
mu4216 = 3.4797
Etot4216 = 2.4532
cput4216 = 4366.06
mu4217 = 3.4796
Etot4217 = 2.4532
cput4217 = 4367.08
mu4218 = 3.4796
Etot4218 = 2.4532
cput4218 = 4368.1
mu4219 = 3.4796
Etot4219 = 2.4532
cput4219 = 4369.14
mu4220 = 3.4796
Etot4220 = 2.4532
cput4220 = 4370.16
mu4221 = 3.4796
Etot4221 = 2.4531
cput4221 = 4371.19
mu4222 = 3.4795
Etot4222 = 2.4531
cput4222 = 4372.21
mu4223 = 3.4795
Etot4223 = 2.4531
cput4223 = 4373.24
mu4224 = 3.4795
Etot4224 = 2.4531
cput4224 = 4374.24
mu4225 = 3.4795
Etot4225 = 2.4531
cput4225 = 4375.24
mu4226 = 3.4795
Etot4226 = 2.4531
cput4226 = 4376.25
mu4227 = 3.4794
Etot4227 = 2.4531
cput4227 = 4377.26
mu4228 = 3.4794
Etot4228 = 2.4531
cput4228 = 4378.26
mu4229 = 3.4794
Etot4229 = 2.4531
cput4229 = 4379.27
mu4230 = 3.4794
Etot4230 = 2.4531
cput4230 = 4380.28
mu4231 = 3.4794
Etot4231 = 2.4531
cput4231 = 4381.28
mu4232 = 3.4794
Etot4232 = 2.4531
cput4232 = 4382.28
mu4233 = 3.4793
Etot4233 = 2.453
cput4233 = 4383.29
mu4234 = 3.4793
Etot4234 = 2.453
cput4234 = 4384.3
mu4235 = 3.4793
Etot4235 = 2.453
cput4235 = 4385.32
mu4236 = 3.4793
Etot4236 = 2.453
cput4236 = 4386.34
mu4237 = 3.4793
Etot4237 = 2.453
cput4237 = 4387.35
mu4238 = 3.4792
Etot4238 = 2.453
cput4238 = 4388.36
mu4239 = 3.4792
Etot4239 = 2.453
cput4239 = 4389.36
mu4240 = 3.4792
Etot4240 = 2.453
cput4240 = 4390.38
mu4241 = 3.4792
Etot4241 = 2.453
cput4241 = 4391.39
mu4242 = 3.4792
Etot4242 = 2.453
cput4242 = 4392.39
mu4243 = 3.4791
Etot4243 = 2.453
cput4243 = 4393.39
mu4244 = 3.4791
Etot4244 = 2.453
cput4244 = 4394.4
mu4245 = 3.4791
Etot4245 = 2.4529
cput4245 = 4395.41
mu4246 = 3.4791
Etot4246 = 2.4529
cput4246 = 4396.42
mu4247 = 3.4791
Etot4247 = 2.4529
cput4247 = 4397.43
mu4248 = 3.479
Etot4248 = 2.4529
cput4248 = 4398.45
mu4249 = 3.479
Etot4249 = 2.4529
cput4249 = 4399.46
mu4250 = 3.479
Etot4250 = 2.4529
cput4250 = 4400.47
mu4251 = 3.479
Etot4251 = 2.4529
cput4251 = 4401.49
mu4252 = 3.479
Etot4252 = 2.4529
cput4252 = 4402.51
mu4253 = 3.4789
Etot4253 = 2.4529
cput4253 = 4403.53
mu4254 = 3.4789
Etot4254 = 2.4529
cput4254 = 4404.55
mu4255 = 3.4789
Etot4255 = 2.4529
cput4255 = 4405.57
mu4256 = 3.4789
Etot4256 = 2.4529
cput4256 = 4406.58
mu4257 = 3.4789
Etot4257 = 2.4529
cput4257 = 4407.59
mu4258 = 3.4788
Etot4258 = 2.4528
cput4258 = 4408.61
mu4259 = 3.4788
Etot4259 = 2.4528
cput4259 = 4409.63
mu4260 = 3.4788
Etot4260 = 2.4528
cput4260 = 4410.67
mu4261 = 3.4788
Etot4261 = 2.4528
cput4261 = 4411.7
mu4262 = 3.4788
Etot4262 = 2.4528
cput4262 = 4412.7
mu4263 = 3.4787
Etot4263 = 2.4528
cput4263 = 4413.72
mu4264 = 3.4787
Etot4264 = 2.4528
cput4264 = 4414.73
mu4265 = 3.4787
Etot4265 = 2.4528
cput4265 = 4415.76
mu4266 = 3.4787
Etot4266 = 2.4528
cput4266 = 4416.79
mu4267 = 3.4787
Etot4267 = 2.4528
cput4267 = 4417.82
mu4268 = 3.4786
Etot4268 = 2.4528
cput4268 = 4418.84
mu4269 = 3.4786
Etot4269 = 2.4528
cput4269 = 4419.86
mu4270 = 3.4786
Etot4270 = 2.4527
cput4270 = 4420.89
mu4271 = 3.4786
Etot4271 = 2.4527
cput4271 = 4421.92
mu4272 = 3.4786
Etot4272 = 2.4527
cput4272 = 4422.94
mu4273 = 3.4785
Etot4273 = 2.4527
cput4273 = 4423.97
mu4274 = 3.4785
Etot4274 = 2.4527
cput4274 = 4424.99
mu4275 = 3.4785
Etot4275 = 2.4527
cput4275 = 4426
mu4276 = 3.4785
Etot4276 = 2.4527
cput4276 = 4427.03
mu4277 = 3.4785
Etot4277 = 2.4527
cput4277 = 4428.05
mu4278 = 3.4784
Etot4278 = 2.4527
cput4278 = 4429.08
mu4279 = 3.4784
Etot4279 = 2.4527
cput4279 = 4430.1
mu4280 = 3.4784
Etot4280 = 2.4527
cput4280 = 4431.13
mu4281 = 3.4784
Etot4281 = 2.4527
cput4281 = 4432.16
mu4282 = 3.4784
Etot4282 = 2.4526
cput4282 = 4433.19
mu4283 = 3.4783
Etot4283 = 2.4526
cput4283 = 4434.22
mu4284 = 3.4783
Etot4284 = 2.4526
cput4284 = 4435.26
mu4285 = 3.4783
Etot4285 = 2.4526
cput4285 = 4436.3
mu4286 = 3.4783
Etot4286 = 2.4526
cput4286 = 4437.32
mu4287 = 3.4783
Etot4287 = 2.4526
cput4287 = 4438.35
mu4288 = 3.4782
Etot4288 = 2.4526
cput4288 = 4439.38
mu4289 = 3.4782
Etot4289 = 2.4526
cput4289 = 4440.41
mu4290 = 3.4782
Etot4290 = 2.4526
cput4290 = 4441.43
mu4291 = 3.4782
Etot4291 = 2.4526
cput4291 = 4442.44
mu4292 = 3.4782
Etot4292 = 2.4526
cput4292 = 4443.47
mu4293 = 3.4781
Etot4293 = 2.4526
cput4293 = 4444.49
mu4294 = 3.4781
Etot4294 = 2.4525
cput4294 = 4445.51
mu4295 = 3.4781
Etot4295 = 2.4525
cput4295 = 4446.54
mu4296 = 3.4781
Etot4296 = 2.4525
cput4296 = 4447.57
mu4297 = 3.4781
Etot4297 = 2.4525
cput4297 = 4448.59
mu4298 = 3.478
Etot4298 = 2.4525
cput4298 = 4449.61
mu4299 = 3.478
Etot4299 = 2.4525
cput4299 = 4450.63
mu4300 = 3.478
Etot4300 = 2.4525
cput4300 = 4451.65
mu4301 = 3.478
Etot4301 = 2.4525
cput4301 = 4452.67
mu4302 = 3.478
Etot4302 = 2.4525
cput4302 = 4453.69
mu4303 = 3.4779
Etot4303 = 2.4525
cput4303 = 4454.72
mu4304 = 3.4779
Etot4304 = 2.4525
cput4304 = 4455.75
mu4305 = 3.4779
Etot4305 = 2.4525
cput4305 = 4456.77
mu4306 = 3.4779
Etot4306 = 2.4524
cput4306 = 4457.79
mu4307 = 3.4779
Etot4307 = 2.4524
cput4307 = 4458.81
mu4308 = 3.4778
Etot4308 = 2.4524
cput4308 = 4459.84
mu4309 = 3.4778
Etot4309 = 2.4524
cput4309 = 4460.87
mu4310 = 3.4778
Etot4310 = 2.4524
cput4310 = 4461.9
mu4311 = 3.4778
Etot4311 = 2.4524
cput4311 = 4462.93
mu4312 = 3.4778
Etot4312 = 2.4524
cput4312 = 4463.95
mu4313 = 3.4777
Etot4313 = 2.4524
cput4313 = 4464.96
mu4314 = 3.4777
Etot4314 = 2.4524
cput4314 = 4465.97
mu4315 = 3.4777
Etot4315 = 2.4524
cput4315 = 4466.99
mu4316 = 3.4777
Etot4316 = 2.4524
cput4316 = 4468
mu4317 = 3.4776
Etot4317 = 2.4524
cput4317 = 4469.01
mu4318 = 3.4776
Etot4318 = 2.4523
cput4318 = 4470.02
mu4319 = 3.4776
Etot4319 = 2.4523
cput4319 = 4471.05
mu4320 = 3.4776
Etot4320 = 2.4523
cput4320 = 4472.08
mu4321 = 3.4776
Etot4321 = 2.4523
cput4321 = 4473.11
mu4322 = 3.4775
Etot4322 = 2.4523
cput4322 = 4474.14
mu4323 = 3.4775
Etot4323 = 2.4523
cput4323 = 4475.18
mu4324 = 3.4775
Etot4324 = 2.4523
cput4324 = 4476.22
mu4325 = 3.4775
Etot4325 = 2.4523
cput4325 = 4477.25
mu4326 = 3.4775
Etot4326 = 2.4523
cput4326 = 4478.27
mu4327 = 3.4774
Etot4327 = 2.4523
cput4327 = 4479.3
mu4328 = 3.4774
Etot4328 = 2.4523
cput4328 = 4480.32
mu4329 = 3.4774
Etot4329 = 2.4523
cput4329 = 4481.34
mu4330 = 3.4774
Etot4330 = 2.4522
cput4330 = 4482.36
mu4331 = 3.4774
Etot4331 = 2.4522
cput4331 = 4483.39
mu4332 = 3.4773
Etot4332 = 2.4522
cput4332 = 4484.42
mu4333 = 3.4773
Etot4333 = 2.4522
cput4333 = 4485.45
mu4334 = 3.4773
Etot4334 = 2.4522
cput4334 = 4486.47
mu4335 = 3.4773
Etot4335 = 2.4522
cput4335 = 4487.5
mu4336 = 3.4773
Etot4336 = 2.4522
cput4336 = 4488.53
mu4337 = 3.4772
Etot4337 = 2.4522
cput4337 = 4489.55
mu4338 = 3.4772
Etot4338 = 2.4522
cput4338 = 4490.58
mu4339 = 3.4772
Etot4339 = 2.4522
cput4339 = 4491.61
mu4340 = 3.4772
Etot4340 = 2.4522
cput4340 = 4492.64
mu4341 = 3.4772
Etot4341 = 2.4522
cput4341 = 4493.67
mu4342 = 3.4771
Etot4342 = 2.4521
cput4342 = 4494.7
mu4343 = 3.4771
Etot4343 = 2.4521
cput4343 = 4495.73
mu4344 = 3.4771
Etot4344 = 2.4521
cput4344 = 4496.76
mu4345 = 3.4771
Etot4345 = 2.4521
cput4345 = 4497.79
mu4346 = 3.4771
Etot4346 = 2.4521
cput4346 = 4498.81
mu4347 = 3.477
Etot4347 = 2.4521
cput4347 = 4499.85
mu4348 = 3.477
Etot4348 = 2.4521
cput4348 = 4500.88
mu4349 = 3.477
Etot4349 = 2.4521
cput4349 = 4501.92
mu4350 = 3.477
Etot4350 = 2.4521
cput4350 = 4502.94
mu4351 = 3.477
Etot4351 = 2.4521
cput4351 = 4503.98
mu4352 = 3.4769
Etot4352 = 2.4521
cput4352 = 4505.02
mu4353 = 3.4769
Etot4353 = 2.452
cput4353 = 4506.06
mu4354 = 3.4769
Etot4354 = 2.452
cput4354 = 4507.09
mu4355 = 3.4769
Etot4355 = 2.452
cput4355 = 4508.12
mu4356 = 3.4768
Etot4356 = 2.452
cput4356 = 4509.16
mu4357 = 3.4768
Etot4357 = 2.452
cput4357 = 4510.2
mu4358 = 3.4768
Etot4358 = 2.452
cput4358 = 4511.23
mu4359 = 3.4768
Etot4359 = 2.452
cput4359 = 4512.25
mu4360 = 3.4768
Etot4360 = 2.452
cput4360 = 4513.29
mu4361 = 3.4767
Etot4361 = 2.452
cput4361 = 4514.32
mu4362 = 3.4767
Etot4362 = 2.452
cput4362 = 4515.35
mu4363 = 3.4767
Etot4363 = 2.452
cput4363 = 4516.39
mu4364 = 3.4767
Etot4364 = 2.452
cput4364 = 4517.43
mu4365 = 3.4767
Etot4365 = 2.4519
cput4365 = 4518.45
mu4366 = 3.4766
Etot4366 = 2.4519
cput4366 = 4519.48
mu4367 = 3.4766
Etot4367 = 2.4519
cput4367 = 4520.51
mu4368 = 3.4766
Etot4368 = 2.4519
cput4368 = 4521.54
mu4369 = 3.4766
Etot4369 = 2.4519
cput4369 = 4522.57
mu4370 = 3.4766
Etot4370 = 2.4519
cput4370 = 4523.59
mu4371 = 3.4765
Etot4371 = 2.4519
cput4371 = 4524.62
mu4372 = 3.4765
Etot4372 = 2.4519
cput4372 = 4525.65
mu4373 = 3.4765
Etot4373 = 2.4519
cput4373 = 4526.67
mu4374 = 3.4765
Etot4374 = 2.4519
cput4374 = 4527.69
mu4375 = 3.4765
Etot4375 = 2.4519
cput4375 = 4528.72
mu4376 = 3.4764
Etot4376 = 2.4519
cput4376 = 4529.76
mu4377 = 3.4764
Etot4377 = 2.4518
cput4377 = 4530.79
mu4378 = 3.4764
Etot4378 = 2.4518
cput4378 = 4531.82
mu4379 = 3.4764
Etot4379 = 2.4518
cput4379 = 4532.84
mu4380 = 3.4764
Etot4380 = 2.4518
cput4380 = 4533.86
mu4381 = 3.4763
Etot4381 = 2.4518
cput4381 = 4534.88
mu4382 = 3.4763
Etot4382 = 2.4518
cput4382 = 4535.91
mu4383 = 3.4763
Etot4383 = 2.4518
cput4383 = 4536.94
mu4384 = 3.4763
Etot4384 = 2.4518
cput4384 = 4537.97
mu4385 = 3.4762
Etot4385 = 2.4518
cput4385 = 4539
mu4386 = 3.4762
Etot4386 = 2.4518
cput4386 = 4540.03
mu4387 = 3.4762
Etot4387 = 2.4518
cput4387 = 4541.06
mu4388 = 3.4762
Etot4388 = 2.4517
cput4388 = 4542.09
mu4389 = 3.4762
Etot4389 = 2.4517
cput4389 = 4543.12
mu4390 = 3.4761
Etot4390 = 2.4517
cput4390 = 4544.15
mu4391 = 3.4761
Etot4391 = 2.4517
cput4391 = 4545.17
mu4392 = 3.4761
Etot4392 = 2.4517
cput4392 = 4546.19
mu4393 = 3.4761
Etot4393 = 2.4517
cput4393 = 4547.22
mu4394 = 3.4761
Etot4394 = 2.4517
cput4394 = 4548.25
mu4395 = 3.476
Etot4395 = 2.4517
cput4395 = 4549.28
mu4396 = 3.476
Etot4396 = 2.4517
cput4396 = 4550.31
mu4397 = 3.476
Etot4397 = 2.4517
cput4397 = 4551.34
mu4398 = 3.476
Etot4398 = 2.4517
cput4398 = 4552.36
mu4399 = 3.476
Etot4399 = 2.4517
cput4399 = 4553.39
mu4400 = 3.4759
Etot4400 = 2.4516
cput4400 = 4554.42
mu4401 = 3.4759
Etot4401 = 2.4516
cput4401 = 4555.45
mu4402 = 3.4759
Etot4402 = 2.4516
cput4402 = 4556.48
mu4403 = 3.4759
Etot4403 = 2.4516
cput4403 = 4557.51
mu4404 = 3.4758
Etot4404 = 2.4516
cput4404 = 4558.54
mu4405 = 3.4758
Etot4405 = 2.4516
cput4405 = 4559.56
mu4406 = 3.4758
Etot4406 = 2.4516
cput4406 = 4560.59
mu4407 = 3.4758
Etot4407 = 2.4516
cput4407 = 4561.63
mu4408 = 3.4758
Etot4408 = 2.4516
cput4408 = 4562.66
mu4409 = 3.4757
Etot4409 = 2.4516
cput4409 = 4563.69
mu4410 = 3.4757
Etot4410 = 2.4516
cput4410 = 4564.72
mu4411 = 3.4757
Etot4411 = 2.4515
cput4411 = 4565.75
mu4412 = 3.4757
Etot4412 = 2.4515
cput4412 = 4566.77
mu4413 = 3.4757
Etot4413 = 2.4515
cput4413 = 4567.79
mu4414 = 3.4756
Etot4414 = 2.4515
cput4414 = 4568.82
mu4415 = 3.4756
Etot4415 = 2.4515
cput4415 = 4569.85
mu4416 = 3.4756
Etot4416 = 2.4515
cput4416 = 4570.88
mu4417 = 3.4756
Etot4417 = 2.4515
cput4417 = 4571.92
mu4418 = 3.4756
Etot4418 = 2.4515
cput4418 = 4572.94
mu4419 = 3.4755
Etot4419 = 2.4515
cput4419 = 4573.97
mu4420 = 3.4755
Etot4420 = 2.4515
cput4420 = 4575.01
mu4421 = 3.4755
Etot4421 = 2.4515
cput4421 = 4576.05
mu4422 = 3.4755
Etot4422 = 2.4515
cput4422 = 4577.08
mu4423 = 3.4754
Etot4423 = 2.4514
cput4423 = 4578.1
mu4424 = 3.4754
Etot4424 = 2.4514
cput4424 = 4579.12
mu4425 = 3.4754
Etot4425 = 2.4514
cput4425 = 4580.15
mu4426 = 3.4754
Etot4426 = 2.4514
cput4426 = 4581.17
mu4427 = 3.4754
Etot4427 = 2.4514
cput4427 = 4582.2
mu4428 = 3.4753
Etot4428 = 2.4514
cput4428 = 4583.22
mu4429 = 3.4753
Etot4429 = 2.4514
cput4429 = 4584.24
mu4430 = 3.4753
Etot4430 = 2.4514
cput4430 = 4585.27
mu4431 = 3.4753
Etot4431 = 2.4514
cput4431 = 4586.3
mu4432 = 3.4753
Etot4432 = 2.4514
cput4432 = 4587.33
mu4433 = 3.4752
Etot4433 = 2.4514
cput4433 = 4588.35
mu4434 = 3.4752
Etot4434 = 2.4513
cput4434 = 4589.38
mu4435 = 3.4752
Etot4435 = 2.4513
cput4435 = 4590.41
mu4436 = 3.4752
Etot4436 = 2.4513
cput4436 = 4591.43
mu4437 = 3.4751
Etot4437 = 2.4513
cput4437 = 4592.45
mu4438 = 3.4751
Etot4438 = 2.4513
cput4438 = 4593.48
mu4439 = 3.4751
Etot4439 = 2.4513
cput4439 = 4594.52
mu4440 = 3.4751
Etot4440 = 2.4513
cput4440 = 4595.54
mu4441 = 3.4751
Etot4441 = 2.4513
cput4441 = 4596.56
mu4442 = 3.475
Etot4442 = 2.4513
cput4442 = 4597.57
mu4443 = 3.475
Etot4443 = 2.4513
cput4443 = 4598.59
mu4444 = 3.475
Etot4444 = 2.4513
cput4444 = 4599.62
mu4445 = 3.475
Etot4445 = 2.4513
cput4445 = 4600.63
mu4446 = 3.475
Etot4446 = 2.4512
cput4446 = 4601.65
mu4447 = 3.4749
Etot4447 = 2.4512
cput4447 = 4602.67
mu4448 = 3.4749
Etot4448 = 2.4512
cput4448 = 4603.69
mu4449 = 3.4749
Etot4449 = 2.4512
cput4449 = 4604.72
mu4450 = 3.4749
Etot4450 = 2.4512
cput4450 = 4605.76
mu4451 = 3.4748
Etot4451 = 2.4512
cput4451 = 4606.79
mu4452 = 3.4748
Etot4452 = 2.4512
cput4452 = 4607.81
mu4453 = 3.4748
Etot4453 = 2.4512
cput4453 = 4608.83
mu4454 = 3.4748
Etot4454 = 2.4512
cput4454 = 4609.86
mu4455 = 3.4748
Etot4455 = 2.4512
cput4455 = 4610.89
mu4456 = 3.4747
Etot4456 = 2.4512
cput4456 = 4611.91
mu4457 = 3.4747
Etot4457 = 2.4511
cput4457 = 4612.95
mu4458 = 3.4747
Etot4458 = 2.4511
cput4458 = 4613.99
mu4459 = 3.4747
Etot4459 = 2.4511
cput4459 = 4615.02
mu4460 = 3.4747
Etot4460 = 2.4511
cput4460 = 4616.05
mu4461 = 3.4746
Etot4461 = 2.4511
cput4461 = 4617.07
mu4462 = 3.4746
Etot4462 = 2.4511
cput4462 = 4618.08
mu4463 = 3.4746
Etot4463 = 2.4511
cput4463 = 4619.11
mu4464 = 3.4746
Etot4464 = 2.4511
cput4464 = 4620.14
mu4465 = 3.4745
Etot4465 = 2.4511
cput4465 = 4621.15
mu4466 = 3.4745
Etot4466 = 2.4511
cput4466 = 4622.17
mu4467 = 3.4745
Etot4467 = 2.4511
cput4467 = 4623.19
mu4468 = 3.4745
Etot4468 = 2.451
cput4468 = 4624.22
mu4469 = 3.4745
Etot4469 = 2.451
cput4469 = 4625.25
mu4470 = 3.4744
Etot4470 = 2.451
cput4470 = 4626.27
mu4471 = 3.4744
Etot4471 = 2.451
cput4471 = 4627.3
mu4472 = 3.4744
Etot4472 = 2.451
cput4472 = 4628.32
mu4473 = 3.4744
Etot4473 = 2.451
cput4473 = 4629.34
mu4474 = 3.4743
Etot4474 = 2.451
cput4474 = 4630.37
mu4475 = 3.4743
Etot4475 = 2.451
cput4475 = 4631.38
mu4476 = 3.4743
Etot4476 = 2.451
cput4476 = 4632.39
mu4477 = 3.4743
Etot4477 = 2.451
cput4477 = 4633.41
mu4478 = 3.4743
Etot4478 = 2.451
cput4478 = 4634.43
mu4479 = 3.4742
Etot4479 = 2.4509
cput4479 = 4635.45
mu4480 = 3.4742
Etot4480 = 2.4509
cput4480 = 4636.47
mu4481 = 3.4742
Etot4481 = 2.4509
cput4481 = 4637.49
mu4482 = 3.4742
Etot4482 = 2.4509
cput4482 = 4638.51
mu4483 = 3.4742
Etot4483 = 2.4509
cput4483 = 4639.53
mu4484 = 3.4741
Etot4484 = 2.4509
cput4484 = 4640.55
mu4485 = 3.4741
Etot4485 = 2.4509
cput4485 = 4641.56
mu4486 = 3.4741
Etot4486 = 2.4509
cput4486 = 4642.58
mu4487 = 3.4741
Etot4487 = 2.4509
cput4487 = 4643.61
mu4488 = 3.474
Etot4488 = 2.4509
cput4488 = 4644.63
mu4489 = 3.474
Etot4489 = 2.4509
cput4489 = 4645.64
mu4490 = 3.474
Etot4490 = 2.4508
cput4490 = 4646.66
mu4491 = 3.474
Etot4491 = 2.4508
cput4491 = 4647.68
mu4492 = 3.474
Etot4492 = 2.4508
cput4492 = 4648.71
mu4493 = 3.4739
Etot4493 = 2.4508
cput4493 = 4649.73
mu4494 = 3.4739
Etot4494 = 2.4508
cput4494 = 4650.75
mu4495 = 3.4739
Etot4495 = 2.4508
cput4495 = 4651.77
mu4496 = 3.4739
Etot4496 = 2.4508
cput4496 = 4652.8
mu4497 = 3.4738
Etot4497 = 2.4508
cput4497 = 4653.82
mu4498 = 3.4738
Etot4498 = 2.4508
cput4498 = 4654.84
mu4499 = 3.4738
Etot4499 = 2.4508
cput4499 = 4655.88
mu4500 = 3.4738
Etot4500 = 2.4508
cput4500 = 4656.91
mu4501 = 3.4738
Etot4501 = 2.4507
cput4501 = 4657.94
mu4502 = 3.4737
Etot4502 = 2.4507
cput4502 = 4658.97
mu4503 = 3.4737
Etot4503 = 2.4507
cput4503 = 4660
mu4504 = 3.4737
Etot4504 = 2.4507
cput4504 = 4661.02
mu4505 = 3.4737
Etot4505 = 2.4507
cput4505 = 4662.05
mu4506 = 3.4736
Etot4506 = 2.4507
cput4506 = 4663.08
mu4507 = 3.4736
Etot4507 = 2.4507
cput4507 = 4664.11
mu4508 = 3.4736
Etot4508 = 2.4507
cput4508 = 4665.12
mu4509 = 3.4736
Etot4509 = 2.4507
cput4509 = 4666.14
mu4510 = 3.4736
Etot4510 = 2.4507
cput4510 = 4667.16
mu4511 = 3.4735
Etot4511 = 2.4507
cput4511 = 4668.17
mu4512 = 3.4735
Etot4512 = 2.4507
cput4512 = 4669.19
mu4513 = 3.4735
Etot4513 = 2.4506
cput4513 = 4670.21
mu4514 = 3.4735
Etot4514 = 2.4506
cput4514 = 4671.22
mu4515 = 3.4735
Etot4515 = 2.4506
cput4515 = 4672.23
mu4516 = 3.4734
Etot4516 = 2.4506
cput4516 = 4673.24
mu4517 = 3.4734
Etot4517 = 2.4506
cput4517 = 4674.25
mu4518 = 3.4734
Etot4518 = 2.4506
cput4518 = 4675.27
mu4519 = 3.4734
Etot4519 = 2.4506
cput4519 = 4676.31
mu4520 = 3.4733
Etot4520 = 2.4506
cput4520 = 4677.34
mu4521 = 3.4733
Etot4521 = 2.4506
cput4521 = 4678.36
mu4522 = 3.4733
Etot4522 = 2.4506
cput4522 = 4679.38
mu4523 = 3.4733
Etot4523 = 2.4505
cput4523 = 4680.42
mu4524 = 3.4733
Etot4524 = 2.4505
cput4524 = 4681.45
mu4525 = 3.4732
Etot4525 = 2.4505
cput4525 = 4682.46
mu4526 = 3.4732
Etot4526 = 2.4505
cput4526 = 4683.48
mu4527 = 3.4732
Etot4527 = 2.4505
cput4527 = 4684.5
mu4528 = 3.4732
Etot4528 = 2.4505
cput4528 = 4685.51
mu4529 = 3.4731
Etot4529 = 2.4505
cput4529 = 4686.53
mu4530 = 3.4731
Etot4530 = 2.4505
cput4530 = 4687.54
mu4531 = 3.4731
Etot4531 = 2.4505
cput4531 = 4688.55
mu4532 = 3.4731
Etot4532 = 2.4505
cput4532 = 4689.57
mu4533 = 3.4731
Etot4533 = 2.4505
cput4533 = 4690.58
mu4534 = 3.473
Etot4534 = 2.4504
cput4534 = 4691.61
mu4535 = 3.473
Etot4535 = 2.4504
cput4535 = 4692.63
mu4536 = 3.473
Etot4536 = 2.4504
cput4536 = 4693.65
mu4537 = 3.473
Etot4537 = 2.4504
cput4537 = 4694.67
mu4538 = 3.4729
Etot4538 = 2.4504
cput4538 = 4695.69
mu4539 = 3.4729
Etot4539 = 2.4504
cput4539 = 4696.71
mu4540 = 3.4729
Etot4540 = 2.4504
cput4540 = 4697.74
mu4541 = 3.4729
Etot4541 = 2.4504
cput4541 = 4698.76
mu4542 = 3.4729
Etot4542 = 2.4504
cput4542 = 4699.8
mu4543 = 3.4728
Etot4543 = 2.4504
cput4543 = 4700.82
mu4544 = 3.4728
Etot4544 = 2.4504
cput4544 = 4701.85
mu4545 = 3.4728
Etot4545 = 2.4503
cput4545 = 4702.87
mu4546 = 3.4728
Etot4546 = 2.4503
cput4546 = 4703.9
mu4547 = 3.4727
Etot4547 = 2.4503
cput4547 = 4704.91
mu4548 = 3.4727
Etot4548 = 2.4503
cput4548 = 4705.93
mu4549 = 3.4727
Etot4549 = 2.4503
cput4549 = 4706.96
mu4550 = 3.4727
Etot4550 = 2.4503
cput4550 = 4707.99
mu4551 = 3.4726
Etot4551 = 2.4503
cput4551 = 4709.03
mu4552 = 3.4726
Etot4552 = 2.4503
cput4552 = 4710.06
mu4553 = 3.4726
Etot4553 = 2.4503
cput4553 = 4711.1
mu4554 = 3.4726
Etot4554 = 2.4503
cput4554 = 4712.13
mu4555 = 3.4726
Etot4555 = 2.4503
cput4555 = 4713.17
mu4556 = 3.4725
Etot4556 = 2.4502
cput4556 = 4714.19
mu4557 = 3.4725
Etot4557 = 2.4502
cput4557 = 4715.22
mu4558 = 3.4725
Etot4558 = 2.4502
cput4558 = 4716.25
mu4559 = 3.4725
Etot4559 = 2.4502
cput4559 = 4717.29
mu4560 = 3.4724
Etot4560 = 2.4502
cput4560 = 4718.33
mu4561 = 3.4724
Etot4561 = 2.4502
cput4561 = 4719.35
mu4562 = 3.4724
Etot4562 = 2.4502
cput4562 = 4720.37
mu4563 = 3.4724
Etot4563 = 2.4502
cput4563 = 4721.4
mu4564 = 3.4724
Etot4564 = 2.4502
cput4564 = 4722.44
mu4565 = 3.4723
Etot4565 = 2.4502
cput4565 = 4723.48
mu4566 = 3.4723
Etot4566 = 2.4502
cput4566 = 4724.51
mu4567 = 3.4723
Etot4567 = 2.4501
cput4567 = 4725.54
mu4568 = 3.4723
Etot4568 = 2.4501
cput4568 = 4726.56
mu4569 = 3.4722
Etot4569 = 2.4501
cput4569 = 4727.6
mu4570 = 3.4722
Etot4570 = 2.4501
cput4570 = 4728.62
mu4571 = 3.4722
Etot4571 = 2.4501
cput4571 = 4729.63
mu4572 = 3.4722
Etot4572 = 2.4501
cput4572 = 4730.66
mu4573 = 3.4722
Etot4573 = 2.4501
cput4573 = 4731.68
mu4574 = 3.4721
Etot4574 = 2.4501
cput4574 = 4732.71
mu4575 = 3.4721
Etot4575 = 2.4501
cput4575 = 4733.75
mu4576 = 3.4721
Etot4576 = 2.4501
cput4576 = 4734.78
mu4577 = 3.4721
Etot4577 = 2.4501
cput4577 = 4735.81
mu4578 = 3.472
Etot4578 = 2.45
cput4578 = 4736.84
mu4579 = 3.472
Etot4579 = 2.45
cput4579 = 4737.86
mu4580 = 3.472
Etot4580 = 2.45
cput4580 = 4738.89
mu4581 = 3.472
Etot4581 = 2.45
cput4581 = 4739.91
mu4582 = 3.4719
Etot4582 = 2.45
cput4582 = 4740.93
mu4583 = 3.4719
Etot4583 = 2.45
cput4583 = 4741.95
mu4584 = 3.4719
Etot4584 = 2.45
cput4584 = 4742.98
mu4585 = 3.4719
Etot4585 = 2.45
cput4585 = 4744.01
mu4586 = 3.4719
Etot4586 = 2.45
cput4586 = 4745.04
mu4587 = 3.4718
Etot4587 = 2.45
cput4587 = 4746.07
mu4588 = 3.4718
Etot4588 = 2.4499
cput4588 = 4747.1
mu4589 = 3.4718
Etot4589 = 2.4499
cput4589 = 4748.14
mu4590 = 3.4718
Etot4590 = 2.4499
cput4590 = 4749.16
mu4591 = 3.4717
Etot4591 = 2.4499
cput4591 = 4750.17
mu4592 = 3.4717
Etot4592 = 2.4499
cput4592 = 4751.18
mu4593 = 3.4717
Etot4593 = 2.4499
cput4593 = 4752.21
mu4594 = 3.4717
Etot4594 = 2.4499
cput4594 = 4753.23
mu4595 = 3.4717
Etot4595 = 2.4499
cput4595 = 4754.25
mu4596 = 3.4716
Etot4596 = 2.4499
cput4596 = 4755.27
mu4597 = 3.4716
Etot4597 = 2.4499
cput4597 = 4756.3
mu4598 = 3.4716
Etot4598 = 2.4499
cput4598 = 4757.32
mu4599 = 3.4716
Etot4599 = 2.4498
cput4599 = 4758.33
mu4600 = 3.4715
Etot4600 = 2.4498
cput4600 = 4759.35
mu4601 = 3.4715
Etot4601 = 2.4498
cput4601 = 4760.38
mu4602 = 3.4715
Etot4602 = 2.4498
cput4602 = 4761.41
mu4603 = 3.4715
Etot4603 = 2.4498
cput4603 = 4762.44
mu4604 = 3.4714
Etot4604 = 2.4498
cput4604 = 4763.46
mu4605 = 3.4714
Etot4605 = 2.4498
cput4605 = 4764.49
mu4606 = 3.4714
Etot4606 = 2.4498
cput4606 = 4765.52
mu4607 = 3.4714
Etot4607 = 2.4498
cput4607 = 4766.54
mu4608 = 3.4714
Etot4608 = 2.4498
cput4608 = 4767.58
mu4609 = 3.4713
Etot4609 = 2.4498
cput4609 = 4768.62
mu4610 = 3.4713
Etot4610 = 2.4497
cput4610 = 4769.64
mu4611 = 3.4713
Etot4611 = 2.4497
cput4611 = 4770.67
mu4612 = 3.4713
Etot4612 = 2.4497
cput4612 = 4771.71
mu4613 = 3.4712
Etot4613 = 2.4497
cput4613 = 4772.74
mu4614 = 3.4712
Etot4614 = 2.4497
cput4614 = 4773.77
mu4615 = 3.4712
Etot4615 = 2.4497
cput4615 = 4774.8
mu4616 = 3.4712
Etot4616 = 2.4497
cput4616 = 4775.83
mu4617 = 3.4711
Etot4617 = 2.4497
cput4617 = 4776.86
mu4618 = 3.4711
Etot4618 = 2.4497
cput4618 = 4777.9
mu4619 = 3.4711
Etot4619 = 2.4497
cput4619 = 4778.93
mu4620 = 3.4711
Etot4620 = 2.4496
cput4620 = 4779.95
mu4621 = 3.4711
Etot4621 = 2.4496
cput4621 = 4780.98
mu4622 = 3.471
Etot4622 = 2.4496
cput4622 = 4782.02
mu4623 = 3.471
Etot4623 = 2.4496
cput4623 = 4783.04
mu4624 = 3.471
Etot4624 = 2.4496
cput4624 = 4784.05
mu4625 = 3.471
Etot4625 = 2.4496
cput4625 = 4785.07
mu4626 = 3.4709
Etot4626 = 2.4496
cput4626 = 4786.09
mu4627 = 3.4709
Etot4627 = 2.4496
cput4627 = 4787.13
mu4628 = 3.4709
Etot4628 = 2.4496
cput4628 = 4788.16
mu4629 = 3.4709
Etot4629 = 2.4496
cput4629 = 4789.2
mu4630 = 3.4708
Etot4630 = 2.4496
cput4630 = 4790.23
mu4631 = 3.4708
Etot4631 = 2.4495
cput4631 = 4791.26
mu4632 = 3.4708
Etot4632 = 2.4495
cput4632 = 4792.28
mu4633 = 3.4708
Etot4633 = 2.4495
cput4633 = 4793.29
mu4634 = 3.4708
Etot4634 = 2.4495
cput4634 = 4794.31
mu4635 = 3.4707
Etot4635 = 2.4495
cput4635 = 4795.34
mu4636 = 3.4707
Etot4636 = 2.4495
cput4636 = 4796.36
mu4637 = 3.4707
Etot4637 = 2.4495
cput4637 = 4797.39
mu4638 = 3.4707
Etot4638 = 2.4495
cput4638 = 4798.41
mu4639 = 3.4706
Etot4639 = 2.4495
cput4639 = 4799.45
mu4640 = 3.4706
Etot4640 = 2.4495
cput4640 = 4800.47
mu4641 = 3.4706
Etot4641 = 2.4494
cput4641 = 4801.49
mu4642 = 3.4706
Etot4642 = 2.4494
cput4642 = 4802.51
mu4643 = 3.4705
Etot4643 = 2.4494
cput4643 = 4803.54
mu4644 = 3.4705
Etot4644 = 2.4494
cput4644 = 4804.57
mu4645 = 3.4705
Etot4645 = 2.4494
cput4645 = 4805.6
mu4646 = 3.4705
Etot4646 = 2.4494
cput4646 = 4806.63
mu4647 = 3.4704
Etot4647 = 2.4494
cput4647 = 4807.66
mu4648 = 3.4704
Etot4648 = 2.4494
cput4648 = 4808.69
mu4649 = 3.4704
Etot4649 = 2.4494
cput4649 = 4809.72
mu4650 = 3.4704
Etot4650 = 2.4494
cput4650 = 4810.75
mu4651 = 3.4704
Etot4651 = 2.4494
cput4651 = 4811.77
mu4652 = 3.4703
Etot4652 = 2.4493
cput4652 = 4812.79
mu4653 = 3.4703
Etot4653 = 2.4493
cput4653 = 4813.81
mu4654 = 3.4703
Etot4654 = 2.4493
cput4654 = 4814.84
mu4655 = 3.4703
Etot4655 = 2.4493
cput4655 = 4815.87
mu4656 = 3.4702
Etot4656 = 2.4493
cput4656 = 4816.9
mu4657 = 3.4702
Etot4657 = 2.4493
cput4657 = 4817.93
mu4658 = 3.4702
Etot4658 = 2.4493
cput4658 = 4818.95
mu4659 = 3.4702
Etot4659 = 2.4493
cput4659 = 4819.98
mu4660 = 3.4701
Etot4660 = 2.4493
cput4660 = 4821.01
mu4661 = 3.4701
Etot4661 = 2.4493
cput4661 = 4822.03
mu4662 = 3.4701
Etot4662 = 2.4492
cput4662 = 4823.06
mu4663 = 3.4701
Etot4663 = 2.4492
cput4663 = 4824.1
mu4664 = 3.4701
Etot4664 = 2.4492
cput4664 = 4825.12
mu4665 = 3.47
Etot4665 = 2.4492
cput4665 = 4826.15
mu4666 = 3.47
Etot4666 = 2.4492
cput4666 = 4827.18
mu4667 = 3.47
Etot4667 = 2.4492
cput4667 = 4828.21
mu4668 = 3.47
Etot4668 = 2.4492
cput4668 = 4829.24
mu4669 = 3.4699
Etot4669 = 2.4492
cput4669 = 4830.28
mu4670 = 3.4699
Etot4670 = 2.4492
cput4670 = 4831.31
mu4671 = 3.4699
Etot4671 = 2.4492
cput4671 = 4832.34
mu4672 = 3.4699
Etot4672 = 2.4491
cput4672 = 4833.37
mu4673 = 3.4698
Etot4673 = 2.4491
cput4673 = 4834.4
mu4674 = 3.4698
Etot4674 = 2.4491
cput4674 = 4835.42
mu4675 = 3.4698
Etot4675 = 2.4491
cput4675 = 4836.44
mu4676 = 3.4698
Etot4676 = 2.4491
cput4676 = 4837.47
mu4677 = 3.4697
Etot4677 = 2.4491
cput4677 = 4838.5
mu4678 = 3.4697
Etot4678 = 2.4491
cput4678 = 4839.54
mu4679 = 3.4697
Etot4679 = 2.4491
cput4679 = 4840.58
mu4680 = 3.4697
Etot4680 = 2.4491
cput4680 = 4841.6
mu4681 = 3.4696
Etot4681 = 2.4491
cput4681 = 4842.63
mu4682 = 3.4696
Etot4682 = 2.449
cput4682 = 4843.67
mu4683 = 3.4696
Etot4683 = 2.449
cput4683 = 4844.71
mu4684 = 3.4696
Etot4684 = 2.449
cput4684 = 4845.74
mu4685 = 3.4696
Etot4685 = 2.449
cput4685 = 4846.77
mu4686 = 3.4695
Etot4686 = 2.449
cput4686 = 4847.81
mu4687 = 3.4695
Etot4687 = 2.449
cput4687 = 4848.84
mu4688 = 3.4695
Etot4688 = 2.449
cput4688 = 4849.87
mu4689 = 3.4695
Etot4689 = 2.449
cput4689 = 4850.9
mu4690 = 3.4694
Etot4690 = 2.449
cput4690 = 4851.93
mu4691 = 3.4694
Etot4691 = 2.449
cput4691 = 4852.97
mu4692 = 3.4694
Etot4692 = 2.449
cput4692 = 4854.01
mu4693 = 3.4694
Etot4693 = 2.4489
cput4693 = 4855.03
mu4694 = 3.4693
Etot4694 = 2.4489
cput4694 = 4856.06
mu4695 = 3.4693
Etot4695 = 2.4489
cput4695 = 4857.08
mu4696 = 3.4693
Etot4696 = 2.4489
cput4696 = 4858.1
mu4697 = 3.4693
Etot4697 = 2.4489
cput4697 = 4859.13
mu4698 = 3.4692
Etot4698 = 2.4489
cput4698 = 4860.17
mu4699 = 3.4692
Etot4699 = 2.4489
cput4699 = 4861.2
mu4700 = 3.4692
Etot4700 = 2.4489
cput4700 = 4862.23
mu4701 = 3.4692
Etot4701 = 2.4489
cput4701 = 4863.26
mu4702 = 3.4691
Etot4702 = 2.4489
cput4702 = 4864.28
mu4703 = 3.4691
Etot4703 = 2.4488
cput4703 = 4865.3
mu4704 = 3.4691
Etot4704 = 2.4488
cput4704 = 4866.34
mu4705 = 3.4691
Etot4705 = 2.4488
cput4705 = 4867.36
mu4706 = 3.4691
Etot4706 = 2.4488
cput4706 = 4868.38
mu4707 = 3.469
Etot4707 = 2.4488
cput4707 = 4869.42
mu4708 = 3.469
Etot4708 = 2.4488
cput4708 = 4870.44
mu4709 = 3.469
Etot4709 = 2.4488
cput4709 = 4871.47
mu4710 = 3.469
Etot4710 = 2.4488
cput4710 = 4872.49
mu4711 = 3.4689
Etot4711 = 2.4488
cput4711 = 4873.52
mu4712 = 3.4689
Etot4712 = 2.4488
cput4712 = 4874.54
mu4713 = 3.4689
Etot4713 = 2.4487
cput4713 = 4875.58
mu4714 = 3.4689
Etot4714 = 2.4487
cput4714 = 4876.6
mu4715 = 3.4688
Etot4715 = 2.4487
cput4715 = 4877.63
mu4716 = 3.4688
Etot4716 = 2.4487
cput4716 = 4878.66
mu4717 = 3.4688
Etot4717 = 2.4487
cput4717 = 4879.69
mu4718 = 3.4688
Etot4718 = 2.4487
cput4718 = 4880.72
mu4719 = 3.4687
Etot4719 = 2.4487
cput4719 = 4881.76
mu4720 = 3.4687
Etot4720 = 2.4487
cput4720 = 4882.79
mu4721 = 3.4687
Etot4721 = 2.4487
cput4721 = 4883.8
mu4722 = 3.4687
Etot4722 = 2.4487
cput4722 = 4884.81
mu4723 = 3.4686
Etot4723 = 2.4486
cput4723 = 4885.83
mu4724 = 3.4686
Etot4724 = 2.4486
cput4724 = 4886.85
mu4725 = 3.4686
Etot4725 = 2.4486
cput4725 = 4887.87
mu4726 = 3.4686
Etot4726 = 2.4486
cput4726 = 4888.89
mu4727 = 3.4685
Etot4727 = 2.4486
cput4727 = 4889.91
mu4728 = 3.4685
Etot4728 = 2.4486
cput4728 = 4890.94
mu4729 = 3.4685
Etot4729 = 2.4486
cput4729 = 4891.96
mu4730 = 3.4685
Etot4730 = 2.4486
cput4730 = 4892.98
mu4731 = 3.4684
Etot4731 = 2.4486
cput4731 = 4894.02
mu4732 = 3.4684
Etot4732 = 2.4486
cput4732 = 4895.04
mu4733 = 3.4684
Etot4733 = 2.4485
cput4733 = 4896.07
mu4734 = 3.4684
Etot4734 = 2.4485
cput4734 = 4897.1
mu4735 = 3.4684
Etot4735 = 2.4485
cput4735 = 4898.12
mu4736 = 3.4683
Etot4736 = 2.4485
cput4736 = 4899.14
mu4737 = 3.4683
Etot4737 = 2.4485
cput4737 = 4900.16
mu4738 = 3.4683
Etot4738 = 2.4485
cput4738 = 4901.19
mu4739 = 3.4683
Etot4739 = 2.4485
cput4739 = 4902.22
mu4740 = 3.4682
Etot4740 = 2.4485
cput4740 = 4903.24
mu4741 = 3.4682
Etot4741 = 2.4485
cput4741 = 4904.27
mu4742 = 3.4682
Etot4742 = 2.4485
cput4742 = 4905.29
mu4743 = 3.4682
Etot4743 = 2.4484
cput4743 = 4906.32
mu4744 = 3.4681
Etot4744 = 2.4484
cput4744 = 4907.36
mu4745 = 3.4681
Etot4745 = 2.4484
cput4745 = 4908.38
mu4746 = 3.4681
Etot4746 = 2.4484
cput4746 = 4909.4
mu4747 = 3.4681
Etot4747 = 2.4484
cput4747 = 4910.43
mu4748 = 3.468
Etot4748 = 2.4484
cput4748 = 4911.45
mu4749 = 3.468
Etot4749 = 2.4484
cput4749 = 4912.48
mu4750 = 3.468
Etot4750 = 2.4484
cput4750 = 4913.52
mu4751 = 3.468
Etot4751 = 2.4484
cput4751 = 4914.55
mu4752 = 3.4679
Etot4752 = 2.4484
cput4752 = 4915.58
mu4753 = 3.4679
Etot4753 = 2.4483
cput4753 = 4916.61
mu4754 = 3.4679
Etot4754 = 2.4483
cput4754 = 4917.65
mu4755 = 3.4679
Etot4755 = 2.4483
cput4755 = 4918.68
mu4756 = 3.4678
Etot4756 = 2.4483
cput4756 = 4919.71
mu4757 = 3.4678
Etot4757 = 2.4483
cput4757 = 4920.74
mu4758 = 3.4678
Etot4758 = 2.4483
cput4758 = 4921.78
mu4759 = 3.4678
Etot4759 = 2.4483
cput4759 = 4922.81
mu4760 = 3.4677
Etot4760 = 2.4483
cput4760 = 4923.84
mu4761 = 3.4677
Etot4761 = 2.4483
cput4761 = 4924.87
mu4762 = 3.4677
Etot4762 = 2.4483
cput4762 = 4925.9
mu4763 = 3.4677
Etot4763 = 2.4482
cput4763 = 4926.93
mu4764 = 3.4676
Etot4764 = 2.4482
cput4764 = 4927.95
mu4765 = 3.4676
Etot4765 = 2.4482
cput4765 = 4928.97
mu4766 = 3.4676
Etot4766 = 2.4482
cput4766 = 4930
mu4767 = 3.4676
Etot4767 = 2.4482
cput4767 = 4931.03
mu4768 = 3.4675
Etot4768 = 2.4482
cput4768 = 4932.05
mu4769 = 3.4675
Etot4769 = 2.4482
cput4769 = 4933.08
mu4770 = 3.4675
Etot4770 = 2.4482
cput4770 = 4934.12
mu4771 = 3.4675
Etot4771 = 2.4482
cput4771 = 4935.16
mu4772 = 3.4674
Etot4772 = 2.4482
cput4772 = 4936.19
mu4773 = 3.4674
Etot4773 = 2.4481
cput4773 = 4937.22
mu4774 = 3.4674
Etot4774 = 2.4481
cput4774 = 4938.25
mu4775 = 3.4674
Etot4775 = 2.4481
cput4775 = 4939.29
mu4776 = 3.4673
Etot4776 = 2.4481
cput4776 = 4940.32
mu4777 = 3.4673
Etot4777 = 2.4481
cput4777 = 4941.35
mu4778 = 3.4673
Etot4778 = 2.4481
cput4778 = 4942.4
mu4779 = 3.4673
Etot4779 = 2.4481
cput4779 = 4943.43
mu4780 = 3.4672
Etot4780 = 2.4481
cput4780 = 4944.46
mu4781 = 3.4672
Etot4781 = 2.4481
cput4781 = 4945.49
mu4782 = 3.4672
Etot4782 = 2.4481
cput4782 = 4946.52
mu4783 = 3.4672
Etot4783 = 2.448
cput4783 = 4947.56
mu4784 = 3.4671
Etot4784 = 2.448
cput4784 = 4948.59
mu4785 = 3.4671
Etot4785 = 2.448
cput4785 = 4949.61
mu4786 = 3.4671
Etot4786 = 2.448
cput4786 = 4950.63
mu4787 = 3.4671
Etot4787 = 2.448
cput4787 = 4951.66
mu4788 = 3.467
Etot4788 = 2.448
cput4788 = 4952.69
mu4789 = 3.467
Etot4789 = 2.448
cput4789 = 4953.72
mu4790 = 3.467
Etot4790 = 2.448
cput4790 = 4954.75
mu4791 = 3.467
Etot4791 = 2.448
cput4791 = 4955.78
mu4792 = 3.4669
Etot4792 = 2.4479
cput4792 = 4956.8
mu4793 = 3.4669
Etot4793 = 2.4479
cput4793 = 4957.82
mu4794 = 3.4669
Etot4794 = 2.4479
cput4794 = 4958.85
mu4795 = 3.4669
Etot4795 = 2.4479
cput4795 = 4959.88
mu4796 = 3.4668
Etot4796 = 2.4479
cput4796 = 4960.91
mu4797 = 3.4668
Etot4797 = 2.4479
cput4797 = 4961.94
mu4798 = 3.4668
Etot4798 = 2.4479
cput4798 = 4962.97
mu4799 = 3.4668
Etot4799 = 2.4479
cput4799 = 4963.99
mu4800 = 3.4667
Etot4800 = 2.4479
cput4800 = 4965.01
mu4801 = 3.4667
Etot4801 = 2.4479
cput4801 = 4966.04
mu4802 = 3.4667
Etot4802 = 2.4478
cput4802 = 4967.07
mu4803 = 3.4667
Etot4803 = 2.4478
cput4803 = 4968.1
mu4804 = 3.4666
Etot4804 = 2.4478
cput4804 = 4969.13
mu4805 = 3.4666
Etot4805 = 2.4478
cput4805 = 4970.17
mu4806 = 3.4666
Etot4806 = 2.4478
cput4806 = 4971.2
mu4807 = 3.4666
Etot4807 = 2.4478
cput4807 = 4972.21
mu4808 = 3.4665
Etot4808 = 2.4478
cput4808 = 4973.23
mu4809 = 3.4665
Etot4809 = 2.4478
cput4809 = 4974.25
mu4810 = 3.4665
Etot4810 = 2.4478
cput4810 = 4975.28
mu4811 = 3.4665
Etot4811 = 2.4478
cput4811 = 4976.31
mu4812 = 3.4664
Etot4812 = 2.4477
cput4812 = 4977.33
mu4813 = 3.4664
Etot4813 = 2.4477
cput4813 = 4978.35
mu4814 = 3.4664
Etot4814 = 2.4477
cput4814 = 4979.38
mu4815 = 3.4664
Etot4815 = 2.4477
cput4815 = 4980.4
mu4816 = 3.4663
Etot4816 = 2.4477
cput4816 = 4981.43
mu4817 = 3.4663
Etot4817 = 2.4477
cput4817 = 4982.45
mu4818 = 3.4663
Etot4818 = 2.4477
cput4818 = 4983.48
mu4819 = 3.4663
Etot4819 = 2.4477
cput4819 = 4984.51
mu4820 = 3.4662
Etot4820 = 2.4477
cput4820 = 4985.54
mu4821 = 3.4662
Etot4821 = 2.4477
cput4821 = 4986.57
mu4822 = 3.4662
Etot4822 = 2.4476
cput4822 = 4987.6
mu4823 = 3.4662
Etot4823 = 2.4476
cput4823 = 4988.63
mu4824 = 3.4661
Etot4824 = 2.4476
cput4824 = 4989.66
mu4825 = 3.4661
Etot4825 = 2.4476
cput4825 = 4990.69
mu4826 = 3.4661
Etot4826 = 2.4476
cput4826 = 4991.73
mu4827 = 3.4661
Etot4827 = 2.4476
cput4827 = 4992.74
mu4828 = 3.466
Etot4828 = 2.4476
cput4828 = 4993.76
mu4829 = 3.466
Etot4829 = 2.4476
cput4829 = 4994.78
mu4830 = 3.466
Etot4830 = 2.4476
cput4830 = 4995.81
mu4831 = 3.466
Etot4831 = 2.4475
cput4831 = 4996.83
mu4832 = 3.4659
Etot4832 = 2.4475
cput4832 = 4997.86
mu4833 = 3.4659
Etot4833 = 2.4475
cput4833 = 4998.89
mu4834 = 3.4659
Etot4834 = 2.4475
cput4834 = 4999.91
mu4835 = 3.4659
Etot4835 = 2.4475
cput4835 = 5000.94
mu4836 = 3.4658
Etot4836 = 2.4475
cput4836 = 5001.97
mu4837 = 3.4658
Etot4837 = 2.4475
cput4837 = 5003
mu4838 = 3.4658
Etot4838 = 2.4475
cput4838 = 5004.03
mu4839 = 3.4658
Etot4839 = 2.4475
cput4839 = 5005.06
mu4840 = 3.4657
Etot4840 = 2.4475
cput4840 = 5006.09
mu4841 = 3.4657
Etot4841 = 2.4474
cput4841 = 5007.13
mu4842 = 3.4657
Etot4842 = 2.4474
cput4842 = 5008.16
mu4843 = 3.4657
Etot4843 = 2.4474
cput4843 = 5009.19
mu4844 = 3.4656
Etot4844 = 2.4474
cput4844 = 5010.22
mu4845 = 3.4656
Etot4845 = 2.4474
cput4845 = 5011.23
mu4846 = 3.4656
Etot4846 = 2.4474
cput4846 = 5012.24
mu4847 = 3.4656
Etot4847 = 2.4474
cput4847 = 5013.27
mu4848 = 3.4655
Etot4848 = 2.4474
cput4848 = 5014.3
mu4849 = 3.4655
Etot4849 = 2.4474
cput4849 = 5015.32
mu4850 = 3.4655
Etot4850 = 2.4473
cput4850 = 5016.37
mu4851 = 3.4655
Etot4851 = 2.4473
cput4851 = 5017.4
mu4852 = 3.4654
Etot4852 = 2.4473
cput4852 = 5018.42
mu4853 = 3.4654
Etot4853 = 2.4473
cput4853 = 5019.44
mu4854 = 3.4654
Etot4854 = 2.4473
cput4854 = 5020.46
mu4855 = 3.4654
Etot4855 = 2.4473
cput4855 = 5021.49
mu4856 = 3.4653
Etot4856 = 2.4473
cput4856 = 5022.5
mu4857 = 3.4653
Etot4857 = 2.4473
cput4857 = 5023.53
mu4858 = 3.4653
Etot4858 = 2.4473
cput4858 = 5024.56
mu4859 = 3.4653
Etot4859 = 2.4473
cput4859 = 5025.59
mu4860 = 3.4652
Etot4860 = 2.4472
cput4860 = 5026.62
mu4861 = 3.4652
Etot4861 = 2.4472
cput4861 = 5027.64
mu4862 = 3.4652
Etot4862 = 2.4472
cput4862 = 5028.67
mu4863 = 3.4651
Etot4863 = 2.4472
cput4863 = 5029.71
mu4864 = 3.4651
Etot4864 = 2.4472
cput4864 = 5030.73
mu4865 = 3.4651
Etot4865 = 2.4472
cput4865 = 5031.75
mu4866 = 3.4651
Etot4866 = 2.4472
cput4866 = 5032.79
mu4867 = 3.465
Etot4867 = 2.4472
cput4867 = 5033.82
mu4868 = 3.465
Etot4868 = 2.4472
cput4868 = 5034.85
mu4869 = 3.465
Etot4869 = 2.4471
cput4869 = 5035.88
mu4870 = 3.465
Etot4870 = 2.4471
cput4870 = 5036.91
mu4871 = 3.4649
Etot4871 = 2.4471
cput4871 = 5037.95
mu4872 = 3.4649
Etot4872 = 2.4471
cput4872 = 5038.97
mu4873 = 3.4649
Etot4873 = 2.4471
cput4873 = 5040
mu4874 = 3.4649
Etot4874 = 2.4471
cput4874 = 5041.02
mu4875 = 3.4648
Etot4875 = 2.4471
cput4875 = 5042.06
mu4876 = 3.4648
Etot4876 = 2.4471
cput4876 = 5043.09
mu4877 = 3.4648
Etot4877 = 2.4471
cput4877 = 5044.12
mu4878 = 3.4648
Etot4878 = 2.4471
cput4878 = 5045.15
mu4879 = 3.4647
Etot4879 = 2.447
cput4879 = 5046.18
mu4880 = 3.4647
Etot4880 = 2.447
cput4880 = 5047.2
mu4881 = 3.4647
Etot4881 = 2.447
cput4881 = 5048.22
mu4882 = 3.4647
Etot4882 = 2.447
cput4882 = 5049.24
mu4883 = 3.4646
Etot4883 = 2.447
cput4883 = 5050.26
mu4884 = 3.4646
Etot4884 = 2.447
cput4884 = 5051.27
mu4885 = 3.4646
Etot4885 = 2.447
cput4885 = 5052.28
mu4886 = 3.4646
Etot4886 = 2.447
cput4886 = 5053.3
mu4887 = 3.4645
Etot4887 = 2.447
cput4887 = 5054.32
mu4888 = 3.4645
Etot4888 = 2.4469
cput4888 = 5055.34
mu4889 = 3.4645
Etot4889 = 2.4469
cput4889 = 5056.39
mu4890 = 3.4644
Etot4890 = 2.4469
cput4890 = 5057.44
mu4891 = 3.4644
Etot4891 = 2.4469
cput4891 = 5058.46
mu4892 = 3.4644
Etot4892 = 2.4469
cput4892 = 5059.49
mu4893 = 3.4644
Etot4893 = 2.4469
cput4893 = 5060.53
mu4894 = 3.4643
Etot4894 = 2.4469
cput4894 = 5061.56
mu4895 = 3.4643
Etot4895 = 2.4469
cput4895 = 5062.59
mu4896 = 3.4643
Etot4896 = 2.4469
cput4896 = 5063.61
mu4897 = 3.4643
Etot4897 = 2.4468
cput4897 = 5064.63
mu4898 = 3.4642
Etot4898 = 2.4468
cput4898 = 5065.65
mu4899 = 3.4642
Etot4899 = 2.4468
cput4899 = 5066.67
mu4900 = 3.4642
Etot4900 = 2.4468
cput4900 = 5067.7
mu4901 = 3.4642
Etot4901 = 2.4468
cput4901 = 5068.72
mu4902 = 3.4641
Etot4902 = 2.4468
cput4902 = 5069.76
mu4903 = 3.4641
Etot4903 = 2.4468
cput4903 = 5070.79
mu4904 = 3.4641
Etot4904 = 2.4468
cput4904 = 5071.81
mu4905 = 3.4641
Etot4905 = 2.4468
cput4905 = 5072.84
mu4906 = 3.464
Etot4906 = 2.4468
cput4906 = 5073.87
mu4907 = 3.464
Etot4907 = 2.4467
cput4907 = 5074.9
mu4908 = 3.464
Etot4908 = 2.4467
cput4908 = 5075.92
mu4909 = 3.464
Etot4909 = 2.4467
cput4909 = 5076.95
mu4910 = 3.4639
Etot4910 = 2.4467
cput4910 = 5077.99
mu4911 = 3.4639
Etot4911 = 2.4467
cput4911 = 5079.03
mu4912 = 3.4639
Etot4912 = 2.4467
cput4912 = 5080.05
mu4913 = 3.4638
Etot4913 = 2.4467
cput4913 = 5081.09
mu4914 = 3.4638
Etot4914 = 2.4467
cput4914 = 5082.12
mu4915 = 3.4638
Etot4915 = 2.4467
cput4915 = 5083.15
mu4916 = 3.4638
Etot4916 = 2.4466
cput4916 = 5084.18
mu4917 = 3.4637
Etot4917 = 2.4466
cput4917 = 5085.21
mu4918 = 3.4637
Etot4918 = 2.4466
cput4918 = 5086.24
mu4919 = 3.4637
Etot4919 = 2.4466
cput4919 = 5087.27
mu4920 = 3.4637
Etot4920 = 2.4466
cput4920 = 5088.29
mu4921 = 3.4636
Etot4921 = 2.4466
cput4921 = 5089.31
mu4922 = 3.4636
Etot4922 = 2.4466
cput4922 = 5090.34
mu4923 = 3.4636
Etot4923 = 2.4466
cput4923 = 5091.36
mu4924 = 3.4636
Etot4924 = 2.4466
cput4924 = 5092.39
mu4925 = 3.4635
Etot4925 = 2.4465
cput4925 = 5093.42
mu4926 = 3.4635
Etot4926 = 2.4465
cput4926 = 5094.45
mu4927 = 3.4635
Etot4927 = 2.4465
cput4927 = 5095.47
mu4928 = 3.4635
Etot4928 = 2.4465
cput4928 = 5096.5
mu4929 = 3.4634
Etot4929 = 2.4465
cput4929 = 5097.52
mu4930 = 3.4634
Etot4930 = 2.4465
cput4930 = 5098.54
mu4931 = 3.4634
Etot4931 = 2.4465
cput4931 = 5099.56
mu4932 = 3.4633
Etot4932 = 2.4465
cput4932 = 5100.58
mu4933 = 3.4633
Etot4933 = 2.4465
cput4933 = 5101.61
mu4934 = 3.4633
Etot4934 = 2.4464
cput4934 = 5102.62
mu4935 = 3.4633
Etot4935 = 2.4464
cput4935 = 5103.63
mu4936 = 3.4632
Etot4936 = 2.4464
cput4936 = 5104.64
mu4937 = 3.4632
Etot4937 = 2.4464
cput4937 = 5105.65
mu4938 = 3.4632
Etot4938 = 2.4464
cput4938 = 5106.67
mu4939 = 3.4632
Etot4939 = 2.4464
cput4939 = 5107.68
mu4940 = 3.4631
Etot4940 = 2.4464
cput4940 = 5108.69
mu4941 = 3.4631
Etot4941 = 2.4464
cput4941 = 5109.69
mu4942 = 3.4631
Etot4942 = 2.4464
cput4942 = 5110.7
mu4943 = 3.4631
Etot4943 = 2.4463
cput4943 = 5111.72
mu4944 = 3.463
Etot4944 = 2.4463
cput4944 = 5112.74
mu4945 = 3.463
Etot4945 = 2.4463
cput4945 = 5113.76
mu4946 = 3.463
Etot4946 = 2.4463
cput4946 = 5114.78
mu4947 = 3.4629
Etot4947 = 2.4463
cput4947 = 5115.8
mu4948 = 3.4629
Etot4948 = 2.4463
cput4948 = 5116.81
mu4949 = 3.4629
Etot4949 = 2.4463
cput4949 = 5117.83
mu4950 = 3.4629
Etot4950 = 2.4463
cput4950 = 5118.85
mu4951 = 3.4628
Etot4951 = 2.4463
cput4951 = 5119.87
mu4952 = 3.4628
Etot4952 = 2.4463
cput4952 = 5120.89
mu4953 = 3.4628
Etot4953 = 2.4462
cput4953 = 5121.92
mu4954 = 3.4628
Etot4954 = 2.4462
cput4954 = 5122.95
mu4955 = 3.4627
Etot4955 = 2.4462
cput4955 = 5123.97
mu4956 = 3.4627
Etot4956 = 2.4462
cput4956 = 5125
mu4957 = 3.4627
Etot4957 = 2.4462
cput4957 = 5126.04
mu4958 = 3.4626
Etot4958 = 2.4462
cput4958 = 5127.06
mu4959 = 3.4626
Etot4959 = 2.4462
cput4959 = 5128.08
mu4960 = 3.4626
Etot4960 = 2.4462
cput4960 = 5129.1
mu4961 = 3.4626
Etot4961 = 2.4462
cput4961 = 5130.13
mu4962 = 3.4625
Etot4962 = 2.4461
cput4962 = 5131.15
mu4963 = 3.4625
Etot4963 = 2.4461
cput4963 = 5132.16
mu4964 = 3.4625
Etot4964 = 2.4461
cput4964 = 5133.17
mu4965 = 3.4625
Etot4965 = 2.4461
cput4965 = 5134.18
mu4966 = 3.4624
Etot4966 = 2.4461
cput4966 = 5135.19
mu4967 = 3.4624
Etot4967 = 2.4461
cput4967 = 5136.2
mu4968 = 3.4624
Etot4968 = 2.4461
cput4968 = 5137.21
mu4969 = 3.4624
Etot4969 = 2.4461
cput4969 = 5138.24
mu4970 = 3.4623
Etot4970 = 2.4461
cput4970 = 5139.27
mu4971 = 3.4623
Etot4971 = 2.446
cput4971 = 5140.29
mu4972 = 3.4623
Etot4972 = 2.446
cput4972 = 5141.31
mu4973 = 3.4622
Etot4973 = 2.446
cput4973 = 5142.34
mu4974 = 3.4622
Etot4974 = 2.446
cput4974 = 5143.37
mu4975 = 3.4622
Etot4975 = 2.446
cput4975 = 5144.4
mu4976 = 3.4622
Etot4976 = 2.446
cput4976 = 5145.43
mu4977 = 3.4621
Etot4977 = 2.446
cput4977 = 5146.45
mu4978 = 3.4621
Etot4978 = 2.446
cput4978 = 5147.48
mu4979 = 3.4621
Etot4979 = 2.446
cput4979 = 5148.51
mu4980 = 3.4621
Etot4980 = 2.4459
cput4980 = 5149.55
mu4981 = 3.462
Etot4981 = 2.4459
cput4981 = 5150.59
mu4982 = 3.462
Etot4982 = 2.4459
cput4982 = 5151.6
mu4983 = 3.462
Etot4983 = 2.4459
cput4983 = 5152.62
mu4984 = 3.4619
Etot4984 = 2.4459
cput4984 = 5153.64
mu4985 = 3.4619
Etot4985 = 2.4459
cput4985 = 5154.66
mu4986 = 3.4619
Etot4986 = 2.4459
cput4986 = 5155.67
mu4987 = 3.4619
Etot4987 = 2.4459
cput4987 = 5156.68
mu4988 = 3.4618
Etot4988 = 2.4459
cput4988 = 5157.69
mu4989 = 3.4618
Etot4989 = 2.4458
cput4989 = 5158.71
mu4990 = 3.4618
Etot4990 = 2.4458
cput4990 = 5159.73
mu4991 = 3.4618
Etot4991 = 2.4458
cput4991 = 5160.75
mu4992 = 3.4617
Etot4992 = 2.4458
cput4992 = 5161.79
mu4993 = 3.4617
Etot4993 = 2.4458
cput4993 = 5162.82
mu4994 = 3.4617
Etot4994 = 2.4458
cput4994 = 5163.85
mu4995 = 3.4616
Etot4995 = 2.4458
cput4995 = 5164.88
mu4996 = 3.4616
Etot4996 = 2.4458
cput4996 = 5165.92
mu4997 = 3.4616
Etot4997 = 2.4458
cput4997 = 5166.95
mu4998 = 3.4616
Etot4998 = 2.4457
cput4998 = 5167.98
mu4999 = 3.4615
Etot4999 = 2.4457
cput4999 = 5169
mu5000 = 3.4615
Etot5000 = 2.4457
cput5000 = 5170.04
mu5001 = 3.4615
Etot5001 = 2.4457
cput5001 = 5171.07
mu5002 = 3.4615
Etot5002 = 2.4457
cput5002 = 5172.09
mu5003 = 3.4614
Etot5003 = 2.4457
cput5003 = 5173.13
mu5004 = 3.4614
Etot5004 = 2.4457
cput5004 = 5174.15
mu5005 = 3.4614
Etot5005 = 2.4457
cput5005 = 5175.16
mu5006 = 3.4613
Etot5006 = 2.4456
cput5006 = 5176.18
mu5007 = 3.4613
Etot5007 = 2.4456
cput5007 = 5177.19
mu5008 = 3.4613
Etot5008 = 2.4456
cput5008 = 5178.21
mu5009 = 3.4613
Etot5009 = 2.4456
cput5009 = 5179.23
mu5010 = 3.4612
Etot5010 = 2.4456
cput5010 = 5180.25
mu5011 = 3.4612
Etot5011 = 2.4456
cput5011 = 5181.27
mu5012 = 3.4612
Etot5012 = 2.4456
cput5012 = 5182.29
mu5013 = 3.4612
Etot5013 = 2.4456
cput5013 = 5183.3
mu5014 = 3.4611
Etot5014 = 2.4456
cput5014 = 5184.32
mu5015 = 3.4611
Etot5015 = 2.4455
cput5015 = 5185.34
mu5016 = 3.4611
Etot5016 = 2.4455
cput5016 = 5186.36
mu5017 = 3.461
Etot5017 = 2.4455
cput5017 = 5187.37
mu5018 = 3.461
Etot5018 = 2.4455
cput5018 = 5188.41
mu5019 = 3.461
Etot5019 = 2.4455
cput5019 = 5189.43
mu5020 = 3.461
Etot5020 = 2.4455
cput5020 = 5190.45
mu5021 = 3.4609
Etot5021 = 2.4455
cput5021 = 5191.48
mu5022 = 3.4609
Etot5022 = 2.4455
cput5022 = 5192.5
mu5023 = 3.4609
Etot5023 = 2.4455
cput5023 = 5193.51
mu5024 = 3.4608
Etot5024 = 2.4454
cput5024 = 5194.54
mu5025 = 3.4608
Etot5025 = 2.4454
cput5025 = 5195.56
mu5026 = 3.4608
Etot5026 = 2.4454
cput5026 = 5196.58
mu5027 = 3.4608
Etot5027 = 2.4454
cput5027 = 5197.61
mu5028 = 3.4607
Etot5028 = 2.4454
cput5028 = 5198.64
mu5029 = 3.4607
Etot5029 = 2.4454
cput5029 = 5199.67
mu5030 = 3.4607
Etot5030 = 2.4454
cput5030 = 5200.7
mu5031 = 3.4607
Etot5031 = 2.4454
cput5031 = 5201.73
mu5032 = 3.4606
Etot5032 = 2.4454
cput5032 = 5202.76
mu5033 = 3.4606
Etot5033 = 2.4453
cput5033 = 5203.79
mu5034 = 3.4606
Etot5034 = 2.4453
cput5034 = 5204.83
mu5035 = 3.4605
Etot5035 = 2.4453
cput5035 = 5205.86
mu5036 = 3.4605
Etot5036 = 2.4453
cput5036 = 5206.89
mu5037 = 3.4605
Etot5037 = 2.4453
cput5037 = 5207.91
mu5038 = 3.4605
Etot5038 = 2.4453
cput5038 = 5208.94
mu5039 = 3.4604
Etot5039 = 2.4453
cput5039 = 5209.96
mu5040 = 3.4604
Etot5040 = 2.4453
cput5040 = 5210.98
mu5041 = 3.4604
Etot5041 = 2.4453
cput5041 = 5212.01
mu5042 = 3.4603
Etot5042 = 2.4452
cput5042 = 5213.05
mu5043 = 3.4603
Etot5043 = 2.4452
cput5043 = 5214.08
mu5044 = 3.4603
Etot5044 = 2.4452
cput5044 = 5215.11
mu5045 = 3.4603
Etot5045 = 2.4452
cput5045 = 5216.13
mu5046 = 3.4602
Etot5046 = 2.4452
cput5046 = 5217.17
mu5047 = 3.4602
Etot5047 = 2.4452
cput5047 = 5218.2
mu5048 = 3.4602
Etot5048 = 2.4452
cput5048 = 5219.22
mu5049 = 3.4602
Etot5049 = 2.4452
cput5049 = 5220.24
mu5050 = 3.4601
Etot5050 = 2.4451
cput5050 = 5221.25
mu5051 = 3.4601
Etot5051 = 2.4451
cput5051 = 5222.26
mu5052 = 3.4601
Etot5052 = 2.4451
cput5052 = 5223.27
mu5053 = 3.46
Etot5053 = 2.4451
cput5053 = 5224.3
mu5054 = 3.46
Etot5054 = 2.4451
cput5054 = 5225.31
mu5055 = 3.46
Etot5055 = 2.4451
cput5055 = 5226.33
mu5056 = 3.46
Etot5056 = 2.4451
cput5056 = 5227.35
mu5057 = 3.4599
Etot5057 = 2.4451
cput5057 = 5228.36
mu5058 = 3.4599
Etot5058 = 2.4451
cput5058 = 5229.38
mu5059 = 3.4599
Etot5059 = 2.445
cput5059 = 5230.41
mu5060 = 3.4598
Etot5060 = 2.445
cput5060 = 5231.44
mu5061 = 3.4598
Etot5061 = 2.445
cput5061 = 5232.46
mu5062 = 3.4598
Etot5062 = 2.445
cput5062 = 5233.49
mu5063 = 3.4598
Etot5063 = 2.445
cput5063 = 5234.51
mu5064 = 3.4597
Etot5064 = 2.445
cput5064 = 5235.54
mu5065 = 3.4597
Etot5065 = 2.445
cput5065 = 5236.57
mu5066 = 3.4597
Etot5066 = 2.445
cput5066 = 5237.6
mu5067 = 3.4596
Etot5067 = 2.445
cput5067 = 5238.62
mu5068 = 3.4596
Etot5068 = 2.4449
cput5068 = 5239.67
mu5069 = 3.4596
Etot5069 = 2.4449
cput5069 = 5240.71
mu5070 = 3.4596
Etot5070 = 2.4449
cput5070 = 5241.75
mu5071 = 3.4595
Etot5071 = 2.4449
cput5071 = 5242.78
mu5072 = 3.4595
Etot5072 = 2.4449
cput5072 = 5243.8
mu5073 = 3.4595
Etot5073 = 2.4449
cput5073 = 5244.83
mu5074 = 3.4594
Etot5074 = 2.4449
cput5074 = 5245.86
mu5075 = 3.4594
Etot5075 = 2.4449
cput5075 = 5246.89
mu5076 = 3.4594
Etot5076 = 2.4448
cput5076 = 5247.92
mu5077 = 3.4594
Etot5077 = 2.4448
cput5077 = 5248.94
mu5078 = 3.4593
Etot5078 = 2.4448
cput5078 = 5249.96
mu5079 = 3.4593
Etot5079 = 2.4448
cput5079 = 5250.98
mu5080 = 3.4593
Etot5080 = 2.4448
cput5080 = 5251.99
mu5081 = 3.4592
Etot5081 = 2.4448
cput5081 = 5253.01
mu5082 = 3.4592
Etot5082 = 2.4448
cput5082 = 5254.03
mu5083 = 3.4592
Etot5083 = 2.4448
cput5083 = 5255.04
mu5084 = 3.4592
Etot5084 = 2.4448
cput5084 = 5256.05
mu5085 = 3.4591
Etot5085 = 2.4447
cput5085 = 5257.06
mu5086 = 3.4591
Etot5086 = 2.4447
cput5086 = 5258.07
mu5087 = 3.4591
Etot5087 = 2.4447
cput5087 = 5259.08
mu5088 = 3.459
Etot5088 = 2.4447
cput5088 = 5260.09
mu5089 = 3.459
Etot5089 = 2.4447
cput5089 = 5261.09
mu5090 = 3.459
Etot5090 = 2.4447
cput5090 = 5262.1
mu5091 = 3.459
Etot5091 = 2.4447
cput5091 = 5263.11
mu5092 = 3.4589
Etot5092 = 2.4447
cput5092 = 5264.13
mu5093 = 3.4589
Etot5093 = 2.4446
cput5093 = 5265.15
mu5094 = 3.4589
Etot5094 = 2.4446
cput5094 = 5266.18
mu5095 = 3.4588
Etot5095 = 2.4446
cput5095 = 5267.2
mu5096 = 3.4588
Etot5096 = 2.4446
cput5096 = 5268.21
mu5097 = 3.4588
Etot5097 = 2.4446
cput5097 = 5269.23
mu5098 = 3.4588
Etot5098 = 2.4446
cput5098 = 5270.28
mu5099 = 3.4587
Etot5099 = 2.4446
cput5099 = 5271.31
mu5100 = 3.4587
Etot5100 = 2.4446
cput5100 = 5272.34
mu5101 = 3.4587
Etot5101 = 2.4446
cput5101 = 5273.37
mu5102 = 3.4586
Etot5102 = 2.4445
cput5102 = 5274.39
mu5103 = 3.4586
Etot5103 = 2.4445
cput5103 = 5275.4
mu5104 = 3.4586
Etot5104 = 2.4445
cput5104 = 5276.42
mu5105 = 3.4586
Etot5105 = 2.4445
cput5105 = 5277.45
mu5106 = 3.4585
Etot5106 = 2.4445
cput5106 = 5278.47
mu5107 = 3.4585
Etot5107 = 2.4445
cput5107 = 5279.49
mu5108 = 3.4585
Etot5108 = 2.4445
cput5108 = 5280.51
mu5109 = 3.4584
Etot5109 = 2.4445
cput5109 = 5281.54
mu5110 = 3.4584
Etot5110 = 2.4444
cput5110 = 5282.56
mu5111 = 3.4584
Etot5111 = 2.4444
cput5111 = 5283.58
mu5112 = 3.4584
Etot5112 = 2.4444
cput5112 = 5284.61
mu5113 = 3.4583
Etot5113 = 2.4444
cput5113 = 5285.63
mu5114 = 3.4583
Etot5114 = 2.4444
cput5114 = 5286.65
mu5115 = 3.4583
Etot5115 = 2.4444
cput5115 = 5287.7
mu5116 = 3.4582
Etot5116 = 2.4444
cput5116 = 5288.73
mu5117 = 3.4582
Etot5117 = 2.4444
cput5117 = 5289.76
mu5118 = 3.4582
Etot5118 = 2.4444
cput5118 = 5290.78
mu5119 = 3.4582
Etot5119 = 2.4443
cput5119 = 5291.8
mu5120 = 3.4581
Etot5120 = 2.4443
cput5120 = 5292.82
mu5121 = 3.4581
Etot5121 = 2.4443
cput5121 = 5293.84
mu5122 = 3.4581
Etot5122 = 2.4443
cput5122 = 5294.86
mu5123 = 3.458
Etot5123 = 2.4443
cput5123 = 5295.88
mu5124 = 3.458
Etot5124 = 2.4443
cput5124 = 5296.9
mu5125 = 3.458
Etot5125 = 2.4443
cput5125 = 5297.92
mu5126 = 3.458
Etot5126 = 2.4443
cput5126 = 5298.94
mu5127 = 3.4579
Etot5127 = 2.4442
cput5127 = 5299.97
mu5128 = 3.4579
Etot5128 = 2.4442
cput5128 = 5300.99
mu5129 = 3.4579
Etot5129 = 2.4442
cput5129 = 5302.01
mu5130 = 3.4578
Etot5130 = 2.4442
cput5130 = 5303.03
mu5131 = 3.4578
Etot5131 = 2.4442
cput5131 = 5304.05
mu5132 = 3.4578
Etot5132 = 2.4442
cput5132 = 5305.06
mu5133 = 3.4577
Etot5133 = 2.4442
cput5133 = 5306.08
mu5134 = 3.4577
Etot5134 = 2.4442
cput5134 = 5307.09
mu5135 = 3.4577
Etot5135 = 2.4442
cput5135 = 5308.1
mu5136 = 3.4577
Etot5136 = 2.4441
cput5136 = 5309.11
mu5137 = 3.4576
Etot5137 = 2.4441
cput5137 = 5310.14
mu5138 = 3.4576
Etot5138 = 2.4441
cput5138 = 5311.16
mu5139 = 3.4576
Etot5139 = 2.4441
cput5139 = 5312.18
mu5140 = 3.4575
Etot5140 = 2.4441
cput5140 = 5313.2
mu5141 = 3.4575
Etot5141 = 2.4441
cput5141 = 5314.22
mu5142 = 3.4575
Etot5142 = 2.4441
cput5142 = 5315.25
mu5143 = 3.4575
Etot5143 = 2.4441
cput5143 = 5316.27
mu5144 = 3.4574
Etot5144 = 2.444
cput5144 = 5317.29
mu5145 = 3.4574
Etot5145 = 2.444
cput5145 = 5318.32
mu5146 = 3.4574
Etot5146 = 2.444
cput5146 = 5319.35
mu5147 = 3.4573
Etot5147 = 2.444
cput5147 = 5320.38
mu5148 = 3.4573
Etot5148 = 2.444
cput5148 = 5321.39
mu5149 = 3.4573
Etot5149 = 2.444
cput5149 = 5322.41
mu5150 = 3.4573
Etot5150 = 2.444
cput5150 = 5323.42
mu5151 = 3.4572
Etot5151 = 2.444
cput5151 = 5324.43
mu5152 = 3.4572
Etot5152 = 2.4439
cput5152 = 5325.46
mu5153 = 3.4572
Etot5153 = 2.4439
cput5153 = 5326.49
mu5154 = 3.4571
Etot5154 = 2.4439
cput5154 = 5327.52
mu5155 = 3.4571
Etot5155 = 2.4439
cput5155 = 5328.55
mu5156 = 3.4571
Etot5156 = 2.4439
cput5156 = 5329.57
mu5157 = 3.457
Etot5157 = 2.4439
cput5157 = 5330.61
mu5158 = 3.457
Etot5158 = 2.4439
cput5158 = 5331.63
mu5159 = 3.457
Etot5159 = 2.4439
cput5159 = 5332.64
mu5160 = 3.457
Etot5160 = 2.4438
cput5160 = 5333.67
mu5161 = 3.4569
Etot5161 = 2.4438
cput5161 = 5334.71
mu5162 = 3.4569
Etot5162 = 2.4438
cput5162 = 5335.72
mu5163 = 3.4569
Etot5163 = 2.4438
cput5163 = 5336.74
mu5164 = 3.4568
Etot5164 = 2.4438
cput5164 = 5337.75
mu5165 = 3.4568
Etot5165 = 2.4438
cput5165 = 5338.77
mu5166 = 3.4568
Etot5166 = 2.4438
cput5166 = 5339.81
mu5167 = 3.4567
Etot5167 = 2.4438
cput5167 = 5340.85
mu5168 = 3.4567
Etot5168 = 2.4438
cput5168 = 5341.89
mu5169 = 3.4567
Etot5169 = 2.4437
cput5169 = 5342.93
mu5170 = 3.4567
Etot5170 = 2.4437
cput5170 = 5343.97
mu5171 = 3.4566
Etot5171 = 2.4437
cput5171 = 5344.99
mu5172 = 3.4566
Etot5172 = 2.4437
cput5172 = 5346.02
mu5173 = 3.4566
Etot5173 = 2.4437
cput5173 = 5347.05
mu5174 = 3.4565
Etot5174 = 2.4437
cput5174 = 5348.07
mu5175 = 3.4565
Etot5175 = 2.4437
cput5175 = 5349.1
mu5176 = 3.4565
Etot5176 = 2.4437
cput5176 = 5350.13
mu5177 = 3.4565
Etot5177 = 2.4436
cput5177 = 5351.17
mu5178 = 3.4564
Etot5178 = 2.4436
cput5178 = 5352.2
mu5179 = 3.4564
Etot5179 = 2.4436
cput5179 = 5353.23
mu5180 = 3.4564
Etot5180 = 2.4436
cput5180 = 5354.26
mu5181 = 3.4563
Etot5181 = 2.4436
cput5181 = 5355.29
mu5182 = 3.4563
Etot5182 = 2.4436
cput5182 = 5356.31
mu5183 = 3.4563
Etot5183 = 2.4436
cput5183 = 5357.33
mu5184 = 3.4562
Etot5184 = 2.4436
cput5184 = 5358.36
mu5185 = 3.4562
Etot5185 = 2.4435
cput5185 = 5359.39
mu5186 = 3.4562
Etot5186 = 2.4435
cput5186 = 5360.41
mu5187 = 3.4562
Etot5187 = 2.4435
cput5187 = 5361.44
mu5188 = 3.4561
Etot5188 = 2.4435
cput5188 = 5362.48
mu5189 = 3.4561
Etot5189 = 2.4435
cput5189 = 5363.51
mu5190 = 3.4561
Etot5190 = 2.4435
cput5190 = 5364.53
mu5191 = 3.456
Etot5191 = 2.4435
cput5191 = 5365.55
mu5192 = 3.456
Etot5192 = 2.4435
cput5192 = 5366.59
mu5193 = 3.456
Etot5193 = 2.4434
cput5193 = 5367.62
mu5194 = 3.4559
Etot5194 = 2.4434
cput5194 = 5368.65
mu5195 = 3.4559
Etot5195 = 2.4434
cput5195 = 5369.68
mu5196 = 3.4559
Etot5196 = 2.4434
cput5196 = 5370.7
mu5197 = 3.4559
Etot5197 = 2.4434
cput5197 = 5371.73
mu5198 = 3.4558
Etot5198 = 2.4434
cput5198 = 5372.74
mu5199 = 3.4558
Etot5199 = 2.4434
cput5199 = 5373.76
mu5200 = 3.4558
Etot5200 = 2.4434
cput5200 = 5374.79
mu5201 = 3.4557
Etot5201 = 2.4433
cput5201 = 5375.82
mu5202 = 3.4557
Etot5202 = 2.4433
cput5202 = 5376.84
mu5203 = 3.4557
Etot5203 = 2.4433
cput5203 = 5377.87
mu5204 = 3.4556
Etot5204 = 2.4433
cput5204 = 5378.92
mu5205 = 3.4556
Etot5205 = 2.4433
cput5205 = 5379.95
mu5206 = 3.4556
Etot5206 = 2.4433
cput5206 = 5380.97
mu5207 = 3.4556
Etot5207 = 2.4433
cput5207 = 5381.99
mu5208 = 3.4555
Etot5208 = 2.4433
cput5208 = 5383
mu5209 = 3.4555
Etot5209 = 2.4432
cput5209 = 5384.03
mu5210 = 3.4555
Etot5210 = 2.4432
cput5210 = 5385.05
mu5211 = 3.4554
Etot5211 = 2.4432
cput5211 = 5386.08
mu5212 = 3.4554
Etot5212 = 2.4432
cput5212 = 5387.12
mu5213 = 3.4554
Etot5213 = 2.4432
cput5213 = 5388.14
mu5214 = 3.4553
Etot5214 = 2.4432
cput5214 = 5389.17
mu5215 = 3.4553
Etot5215 = 2.4432
cput5215 = 5390.2
mu5216 = 3.4553
Etot5216 = 2.4432
cput5216 = 5391.23
mu5217 = 3.4552
Etot5217 = 2.4431
cput5217 = 5392.26
mu5218 = 3.4552
Etot5218 = 2.4431
cput5218 = 5393.28
mu5219 = 3.4552
Etot5219 = 2.4431
cput5219 = 5394.29
mu5220 = 3.4552
Etot5220 = 2.4431
cput5220 = 5395.31
mu5221 = 3.4551
Etot5221 = 2.4431
cput5221 = 5396.33
mu5222 = 3.4551
Etot5222 = 2.4431
cput5222 = 5397.35
mu5223 = 3.4551
Etot5223 = 2.4431
cput5223 = 5398.37
mu5224 = 3.455
Etot5224 = 2.4431
cput5224 = 5399.39
mu5225 = 3.455
Etot5225 = 2.4431
cput5225 = 5400.42
mu5226 = 3.455
Etot5226 = 2.443
cput5226 = 5401.44
mu5227 = 3.4549
Etot5227 = 2.443
cput5227 = 5402.47
mu5228 = 3.4549
Etot5228 = 2.443
cput5228 = 5403.49
mu5229 = 3.4549
Etot5229 = 2.443
cput5229 = 5404.5
mu5230 = 3.4549
Etot5230 = 2.443
cput5230 = 5405.53
mu5231 = 3.4548
Etot5231 = 2.443
cput5231 = 5406.54
mu5232 = 3.4548
Etot5232 = 2.443
cput5232 = 5407.56
mu5233 = 3.4548
Etot5233 = 2.443
cput5233 = 5408.58
mu5234 = 3.4547
Etot5234 = 2.4429
cput5234 = 5409.61
mu5235 = 3.4547
Etot5235 = 2.4429
cput5235 = 5410.63
mu5236 = 3.4547
Etot5236 = 2.4429
cput5236 = 5411.65
mu5237 = 3.4546
Etot5237 = 2.4429
cput5237 = 5412.66
mu5238 = 3.4546
Etot5238 = 2.4429
cput5238 = 5413.68
mu5239 = 3.4546
Etot5239 = 2.4429
cput5239 = 5414.69
mu5240 = 3.4545
Etot5240 = 2.4429
cput5240 = 5415.7
mu5241 = 3.4545
Etot5241 = 2.4428
cput5241 = 5416.7
mu5242 = 3.4545
Etot5242 = 2.4428
cput5242 = 5417.72
mu5243 = 3.4545
Etot5243 = 2.4428
cput5243 = 5418.73
mu5244 = 3.4544
Etot5244 = 2.4428
cput5244 = 5419.73
mu5245 = 3.4544
Etot5245 = 2.4428
cput5245 = 5420.75
mu5246 = 3.4544
Etot5246 = 2.4428
cput5246 = 5421.77
mu5247 = 3.4543
Etot5247 = 2.4428
cput5247 = 5422.79
mu5248 = 3.4543
Etot5248 = 2.4428
cput5248 = 5423.82
mu5249 = 3.4543
Etot5249 = 2.4427
cput5249 = 5424.85
mu5250 = 3.4542
Etot5250 = 2.4427
cput5250 = 5425.86
mu5251 = 3.4542
Etot5251 = 2.4427
cput5251 = 5426.88
mu5252 = 3.4542
Etot5252 = 2.4427
cput5252 = 5427.9
mu5253 = 3.4541
Etot5253 = 2.4427
cput5253 = 5428.94
mu5254 = 3.4541
Etot5254 = 2.4427
cput5254 = 5429.96
mu5255 = 3.4541
Etot5255 = 2.4427
cput5255 = 5430.98
mu5256 = 3.4541
Etot5256 = 2.4427
cput5256 = 5432
mu5257 = 3.454
Etot5257 = 2.4426
cput5257 = 5433.03
mu5258 = 3.454
Etot5258 = 2.4426
cput5258 = 5434.07
mu5259 = 3.454
Etot5259 = 2.4426
cput5259 = 5435.1
mu5260 = 3.4539
Etot5260 = 2.4426
cput5260 = 5436.12
mu5261 = 3.4539
Etot5261 = 2.4426
cput5261 = 5437.15
mu5262 = 3.4539
Etot5262 = 2.4426
cput5262 = 5438.18
mu5263 = 3.4538
Etot5263 = 2.4426
cput5263 = 5439.19
mu5264 = 3.4538
Etot5264 = 2.4426
cput5264 = 5440.21
mu5265 = 3.4538
Etot5265 = 2.4425
cput5265 = 5441.23
mu5266 = 3.4537
Etot5266 = 2.4425
cput5266 = 5442.25
mu5267 = 3.4537
Etot5267 = 2.4425
cput5267 = 5443.26
mu5268 = 3.4537
Etot5268 = 2.4425
cput5268 = 5444.28
mu5269 = 3.4537
Etot5269 = 2.4425
cput5269 = 5445.3
mu5270 = 3.4536
Etot5270 = 2.4425
cput5270 = 5446.32
mu5271 = 3.4536
Etot5271 = 2.4425
cput5271 = 5447.33
mu5272 = 3.4536
Etot5272 = 2.4425
cput5272 = 5448.36
mu5273 = 3.4535
Etot5273 = 2.4424
cput5273 = 5449.39
mu5274 = 3.4535
Etot5274 = 2.4424
cput5274 = 5450.41
mu5275 = 3.4535
Etot5275 = 2.4424
cput5275 = 5451.41
mu5276 = 3.4534
Etot5276 = 2.4424
cput5276 = 5452.43
mu5277 = 3.4534
Etot5277 = 2.4424
cput5277 = 5453.46
mu5278 = 3.4534
Etot5278 = 2.4424
cput5278 = 5454.48
mu5279 = 3.4533
Etot5279 = 2.4424
cput5279 = 5455.49
mu5280 = 3.4533
Etot5280 = 2.4424
cput5280 = 5456.51
mu5281 = 3.4533
Etot5281 = 2.4423
cput5281 = 5457.52
mu5282 = 3.4532
Etot5282 = 2.4423
cput5282 = 5458.53
mu5283 = 3.4532
Etot5283 = 2.4423
cput5283 = 5459.54
mu5284 = 3.4532
Etot5284 = 2.4423
cput5284 = 5460.55
mu5285 = 3.4532
Etot5285 = 2.4423
cput5285 = 5461.57
mu5286 = 3.4531
Etot5286 = 2.4423
cput5286 = 5462.59
mu5287 = 3.4531
Etot5287 = 2.4423
cput5287 = 5463.62
mu5288 = 3.4531
Etot5288 = 2.4423
cput5288 = 5464.64
mu5289 = 3.453
Etot5289 = 2.4422
cput5289 = 5465.66
mu5290 = 3.453
Etot5290 = 2.4422
cput5290 = 5466.68
mu5291 = 3.453
Etot5291 = 2.4422
cput5291 = 5467.69
mu5292 = 3.4529
Etot5292 = 2.4422
cput5292 = 5468.71
mu5293 = 3.4529
Etot5293 = 2.4422
cput5293 = 5469.74
mu5294 = 3.4529
Etot5294 = 2.4422
cput5294 = 5470.76
mu5295 = 3.4528
Etot5295 = 2.4422
cput5295 = 5471.79
mu5296 = 3.4528
Etot5296 = 2.4421
cput5296 = 5472.81
mu5297 = 3.4528
Etot5297 = 2.4421
cput5297 = 5473.84
mu5298 = 3.4527
Etot5298 = 2.4421
cput5298 = 5474.87
mu5299 = 3.4527
Etot5299 = 2.4421
cput5299 = 5475.9
mu5300 = 3.4527
Etot5300 = 2.4421
cput5300 = 5476.93
mu5301 = 3.4527
Etot5301 = 2.4421
cput5301 = 5477.97
mu5302 = 3.4526
Etot5302 = 2.4421
cput5302 = 5479
mu5303 = 3.4526
Etot5303 = 2.4421
cput5303 = 5480.03
mu5304 = 3.4526
Etot5304 = 2.442
cput5304 = 5481.04
mu5305 = 3.4525
Etot5305 = 2.442
cput5305 = 5482.06
mu5306 = 3.4525
Etot5306 = 2.442
cput5306 = 5483.1
mu5307 = 3.4525
Etot5307 = 2.442
cput5307 = 5484.11
mu5308 = 3.4524
Etot5308 = 2.442
cput5308 = 5485.13
mu5309 = 3.4524
Etot5309 = 2.442
cput5309 = 5486.16
mu5310 = 3.4524
Etot5310 = 2.442
cput5310 = 5487.19
mu5311 = 3.4523
Etot5311 = 2.442
cput5311 = 5488.21
mu5312 = 3.4523
Etot5312 = 2.4419
cput5312 = 5489.23
mu5313 = 3.4523
Etot5313 = 2.4419
cput5313 = 5490.26
mu5314 = 3.4522
Etot5314 = 2.4419
cput5314 = 5491.28
mu5315 = 3.4522
Etot5315 = 2.4419
cput5315 = 5492.3
mu5316 = 3.4522
Etot5316 = 2.4419
cput5316 = 5493.32
mu5317 = 3.4521
Etot5317 = 2.4419
cput5317 = 5494.35
mu5318 = 3.4521
Etot5318 = 2.4419
cput5318 = 5495.36
mu5319 = 3.4521
Etot5319 = 2.4419
cput5319 = 5496.38
mu5320 = 3.452
Etot5320 = 2.4418
cput5320 = 5497.4
mu5321 = 3.452
Etot5321 = 2.4418
cput5321 = 5498.42
mu5322 = 3.452
Etot5322 = 2.4418
cput5322 = 5499.46
mu5323 = 3.452
Etot5323 = 2.4418
cput5323 = 5500.48
mu5324 = 3.4519
Etot5324 = 2.4418
cput5324 = 5501.51
mu5325 = 3.4519
Etot5325 = 2.4418
cput5325 = 5502.54
mu5326 = 3.4519
Etot5326 = 2.4418
cput5326 = 5503.57
mu5327 = 3.4518
Etot5327 = 2.4417
cput5327 = 5504.6
mu5328 = 3.4518
Etot5328 = 2.4417
cput5328 = 5505.64
mu5329 = 3.4518
Etot5329 = 2.4417
cput5329 = 5506.67
mu5330 = 3.4517
Etot5330 = 2.4417
cput5330 = 5507.69
mu5331 = 3.4517
Etot5331 = 2.4417
cput5331 = 5508.7
mu5332 = 3.4517
Etot5332 = 2.4417
cput5332 = 5509.73
mu5333 = 3.4516
Etot5333 = 2.4417
cput5333 = 5510.75
mu5334 = 3.4516
Etot5334 = 2.4417
cput5334 = 5511.76
mu5335 = 3.4516
Etot5335 = 2.4416
cput5335 = 5512.77
mu5336 = 3.4515
Etot5336 = 2.4416
cput5336 = 5513.8
mu5337 = 3.4515
Etot5337 = 2.4416
cput5337 = 5514.82
mu5338 = 3.4515
Etot5338 = 2.4416
cput5338 = 5515.83
mu5339 = 3.4514
Etot5339 = 2.4416
cput5339 = 5516.83
mu5340 = 3.4514
Etot5340 = 2.4416
cput5340 = 5517.84
mu5341 = 3.4514
Etot5341 = 2.4416
cput5341 = 5518.86
mu5342 = 3.4513
Etot5342 = 2.4415
cput5342 = 5519.88
mu5343 = 3.4513
Etot5343 = 2.4415
cput5343 = 5520.9
mu5344 = 3.4513
Etot5344 = 2.4415
cput5344 = 5521.93
mu5345 = 3.4512
Etot5345 = 2.4415
cput5345 = 5522.96
mu5346 = 3.4512
Etot5346 = 2.4415
cput5346 = 5523.99
mu5347 = 3.4512
Etot5347 = 2.4415
cput5347 = 5525.01
mu5348 = 3.4512
Etot5348 = 2.4415
cput5348 = 5526.04
mu5349 = 3.4511
Etot5349 = 2.4415
cput5349 = 5527.06
mu5350 = 3.4511
Etot5350 = 2.4414
cput5350 = 5528.08
mu5351 = 3.4511
Etot5351 = 2.4414
cput5351 = 5529.1
mu5352 = 3.451
Etot5352 = 2.4414
cput5352 = 5530.13
mu5353 = 3.451
Etot5353 = 2.4414
cput5353 = 5531.15
mu5354 = 3.451
Etot5354 = 2.4414
cput5354 = 5532.19
mu5355 = 3.4509
Etot5355 = 2.4414
cput5355 = 5533.21
mu5356 = 3.4509
Etot5356 = 2.4414
cput5356 = 5534.25
mu5357 = 3.4509
Etot5357 = 2.4414
cput5357 = 5535.28
mu5358 = 3.4508
Etot5358 = 2.4413
cput5358 = 5536.3
mu5359 = 3.4508
Etot5359 = 2.4413
cput5359 = 5537.32
mu5360 = 3.4508
Etot5360 = 2.4413
cput5360 = 5538.36
mu5361 = 3.4507
Etot5361 = 2.4413
cput5361 = 5539.39
mu5362 = 3.4507
Etot5362 = 2.4413
cput5362 = 5540.42
mu5363 = 3.4507
Etot5363 = 2.4413
cput5363 = 5541.45
mu5364 = 3.4506
Etot5364 = 2.4413
cput5364 = 5542.48
mu5365 = 3.4506
Etot5365 = 2.4412
cput5365 = 5543.51
mu5366 = 3.4506
Etot5366 = 2.4412
cput5366 = 5544.55
mu5367 = 3.4505
Etot5367 = 2.4412
cput5367 = 5545.59
mu5368 = 3.4505
Etot5368 = 2.4412
cput5368 = 5546.62
mu5369 = 3.4505
Etot5369 = 2.4412
cput5369 = 5547.64
mu5370 = 3.4504
Etot5370 = 2.4412
cput5370 = 5548.67
mu5371 = 3.4504
Etot5371 = 2.4412
cput5371 = 5549.7
mu5372 = 3.4504
Etot5372 = 2.4412
cput5372 = 5550.74
mu5373 = 3.4503
Etot5373 = 2.4411
cput5373 = 5551.76
mu5374 = 3.4503
Etot5374 = 2.4411
cput5374 = 5552.79
mu5375 = 3.4503
Etot5375 = 2.4411
cput5375 = 5553.81
mu5376 = 3.4502
Etot5376 = 2.4411
cput5376 = 5554.84
mu5377 = 3.4502
Etot5377 = 2.4411
cput5377 = 5555.87
mu5378 = 3.4502
Etot5378 = 2.4411
cput5378 = 5556.91
mu5379 = 3.4501
Etot5379 = 2.4411
cput5379 = 5557.94
mu5380 = 3.4501
Etot5380 = 2.441
cput5380 = 5558.98
mu5381 = 3.4501
Etot5381 = 2.441
cput5381 = 5560.01
mu5382 = 3.45
Etot5382 = 2.441
cput5382 = 5561.04
mu5383 = 3.45
Etot5383 = 2.441
cput5383 = 5562.07
mu5384 = 3.45
Etot5384 = 2.441
cput5384 = 5563.1
mu5385 = 3.4499
Etot5385 = 2.441
cput5385 = 5564.14
mu5386 = 3.4499
Etot5386 = 2.441
cput5386 = 5565.18
mu5387 = 3.4499
Etot5387 = 2.4409
cput5387 = 5566.21
mu5388 = 3.4498
Etot5388 = 2.4409
cput5388 = 5567.25
mu5389 = 3.4498
Etot5389 = 2.4409
cput5389 = 5568.28
mu5390 = 3.4498
Etot5390 = 2.4409
cput5390 = 5569.31
mu5391 = 3.4497
Etot5391 = 2.4409
cput5391 = 5570.33
mu5392 = 3.4497
Etot5392 = 2.4409
cput5392 = 5571.35
mu5393 = 3.4497
Etot5393 = 2.4409
cput5393 = 5572.37
mu5394 = 3.4497
Etot5394 = 2.4409
cput5394 = 5573.38
mu5395 = 3.4496
Etot5395 = 2.4408
cput5395 = 5574.4
mu5396 = 3.4496
Etot5396 = 2.4408
cput5396 = 5575.42
mu5397 = 3.4496
Etot5397 = 2.4408
cput5397 = 5576.43
mu5398 = 3.4495
Etot5398 = 2.4408
cput5398 = 5577.44
mu5399 = 3.4495
Etot5399 = 2.4408
cput5399 = 5578.45
mu5400 = 3.4495
Etot5400 = 2.4408
cput5400 = 5579.46
mu5401 = 3.4494
Etot5401 = 2.4408
cput5401 = 5580.48
mu5402 = 3.4494
Etot5402 = 2.4407
cput5402 = 5581.5
mu5403 = 3.4494
Etot5403 = 2.4407
cput5403 = 5582.51
mu5404 = 3.4493
Etot5404 = 2.4407
cput5404 = 5583.52
mu5405 = 3.4493
Etot5405 = 2.4407
cput5405 = 5584.55
mu5406 = 3.4493
Etot5406 = 2.4407
cput5406 = 5585.58
mu5407 = 3.4492
Etot5407 = 2.4407
cput5407 = 5586.6
mu5408 = 3.4492
Etot5408 = 2.4407
cput5408 = 5587.63
mu5409 = 3.4492
Etot5409 = 2.4407
cput5409 = 5588.66
mu5410 = 3.4491
Etot5410 = 2.4406
cput5410 = 5589.68
mu5411 = 3.4491
Etot5411 = 2.4406
cput5411 = 5590.69
mu5412 = 3.4491
Etot5412 = 2.4406
cput5412 = 5591.72
mu5413 = 3.449
Etot5413 = 2.4406
cput5413 = 5592.75
mu5414 = 3.449
Etot5414 = 2.4406
cput5414 = 5593.78
mu5415 = 3.449
Etot5415 = 2.4406
cput5415 = 5594.82
mu5416 = 3.4489
Etot5416 = 2.4406
cput5416 = 5595.85
mu5417 = 3.4489
Etot5417 = 2.4405
cput5417 = 5596.88
mu5418 = 3.4489
Etot5418 = 2.4405
cput5418 = 5597.91
mu5419 = 3.4488
Etot5419 = 2.4405
cput5419 = 5598.94
mu5420 = 3.4488
Etot5420 = 2.4405
cput5420 = 5599.98
mu5421 = 3.4488
Etot5421 = 2.4405
cput5421 = 5601
mu5422 = 3.4487
Etot5422 = 2.4405
cput5422 = 5602.03
mu5423 = 3.4487
Etot5423 = 2.4405
cput5423 = 5603.06
mu5424 = 3.4487
Etot5424 = 2.4404
cput5424 = 5604.09
mu5425 = 3.4486
Etot5425 = 2.4404
cput5425 = 5605.13
mu5426 = 3.4486
Etot5426 = 2.4404
cput5426 = 5606.17
mu5427 = 3.4486
Etot5427 = 2.4404
cput5427 = 5607.2
mu5428 = 3.4485
Etot5428 = 2.4404
cput5428 = 5608.23
mu5429 = 3.4485
Etot5429 = 2.4404
cput5429 = 5609.28
mu5430 = 3.4485
Etot5430 = 2.4404
cput5430 = 5610.31
mu5431 = 3.4484
Etot5431 = 2.4404
cput5431 = 5611.32
mu5432 = 3.4484
Etot5432 = 2.4403
cput5432 = 5612.34
mu5433 = 3.4484
Etot5433 = 2.4403
cput5433 = 5613.37
mu5434 = 3.4483
Etot5434 = 2.4403
cput5434 = 5614.4
mu5435 = 3.4483
Etot5435 = 2.4403
cput5435 = 5615.43
mu5436 = 3.4483
Etot5436 = 2.4403
cput5436 = 5616.46
mu5437 = 3.4482
Etot5437 = 2.4403
cput5437 = 5617.5
mu5438 = 3.4482
Etot5438 = 2.4403
cput5438 = 5618.53
mu5439 = 3.4482
Etot5439 = 2.4402
cput5439 = 5619.56
mu5440 = 3.4481
Etot5440 = 2.4402
cput5440 = 5620.6
mu5441 = 3.4481
Etot5441 = 2.4402
cput5441 = 5621.63
mu5442 = 3.448
Etot5442 = 2.4402
cput5442 = 5622.67
mu5443 = 3.448
Etot5443 = 2.4402
cput5443 = 5623.7
mu5444 = 3.448
Etot5444 = 2.4402
cput5444 = 5624.73
mu5445 = 3.4479
Etot5445 = 2.4402
cput5445 = 5625.76
mu5446 = 3.4479
Etot5446 = 2.4401
cput5446 = 5626.78
mu5447 = 3.4479
Etot5447 = 2.4401
cput5447 = 5627.82
mu5448 = 3.4478
Etot5448 = 2.4401
cput5448 = 5628.85
mu5449 = 3.4478
Etot5449 = 2.4401
cput5449 = 5629.88
mu5450 = 3.4478
Etot5450 = 2.4401
cput5450 = 5630.91
mu5451 = 3.4477
Etot5451 = 2.4401
cput5451 = 5631.94
mu5452 = 3.4477
Etot5452 = 2.4401
cput5452 = 5632.96
mu5453 = 3.4477
Etot5453 = 2.44
cput5453 = 5633.99
mu5454 = 3.4476
Etot5454 = 2.44
cput5454 = 5635.02
mu5455 = 3.4476
Etot5455 = 2.44
cput5455 = 5636.05
mu5456 = 3.4476
Etot5456 = 2.44
cput5456 = 5637.08
mu5457 = 3.4475
Etot5457 = 2.44
cput5457 = 5638.1
mu5458 = 3.4475
Etot5458 = 2.44
cput5458 = 5639.12
mu5459 = 3.4475
Etot5459 = 2.44
cput5459 = 5640.14
mu5460 = 3.4474
Etot5460 = 2.4399
cput5460 = 5641.17
mu5461 = 3.4474
Etot5461 = 2.4399
cput5461 = 5642.21
mu5462 = 3.4474
Etot5462 = 2.4399
cput5462 = 5643.24
mu5463 = 3.4473
Etot5463 = 2.4399
cput5463 = 5644.27
mu5464 = 3.4473
Etot5464 = 2.4399
cput5464 = 5645.29
mu5465 = 3.4473
Etot5465 = 2.4399
cput5465 = 5646.31
mu5466 = 3.4472
Etot5466 = 2.4399
cput5466 = 5647.33
mu5467 = 3.4472
Etot5467 = 2.4399
cput5467 = 5648.35
mu5468 = 3.4472
Etot5468 = 2.4398
cput5468 = 5649.36
mu5469 = 3.4471
Etot5469 = 2.4398
cput5469 = 5650.37
mu5470 = 3.4471
Etot5470 = 2.4398
cput5470 = 5651.39
mu5471 = 3.4471
Etot5471 = 2.4398
cput5471 = 5652.41
mu5472 = 3.447
Etot5472 = 2.4398
cput5472 = 5653.43
mu5473 = 3.447
Etot5473 = 2.4398
cput5473 = 5654.44
mu5474 = 3.447
Etot5474 = 2.4398
cput5474 = 5655.46
mu5475 = 3.4469
Etot5475 = 2.4397
cput5475 = 5656.49
mu5476 = 3.4469
Etot5476 = 2.4397
cput5476 = 5657.52
mu5477 = 3.4469
Etot5477 = 2.4397
cput5477 = 5658.54
mu5478 = 3.4468
Etot5478 = 2.4397
cput5478 = 5659.57
mu5479 = 3.4468
Etot5479 = 2.4397
cput5479 = 5660.59
mu5480 = 3.4468
Etot5480 = 2.4397
cput5480 = 5661.62
mu5481 = 3.4467
Etot5481 = 2.4397
cput5481 = 5662.65
mu5482 = 3.4467
Etot5482 = 2.4396
cput5482 = 5663.67
mu5483 = 3.4467
Etot5483 = 2.4396
cput5483 = 5664.69
mu5484 = 3.4466
Etot5484 = 2.4396
cput5484 = 5665.7
mu5485 = 3.4466
Etot5485 = 2.4396
cput5485 = 5666.7
mu5486 = 3.4465
Etot5486 = 2.4396
cput5486 = 5667.71
mu5487 = 3.4465
Etot5487 = 2.4396
cput5487 = 5668.73
mu5488 = 3.4465
Etot5488 = 2.4396
cput5488 = 5669.74
mu5489 = 3.4464
Etot5489 = 2.4395
cput5489 = 5670.75
mu5490 = 3.4464
Etot5490 = 2.4395
cput5490 = 5671.77
mu5491 = 3.4464
Etot5491 = 2.4395
cput5491 = 5672.79
mu5492 = 3.4463
Etot5492 = 2.4395
cput5492 = 5673.81
mu5493 = 3.4463
Etot5493 = 2.4395
cput5493 = 5674.83
mu5494 = 3.4463
Etot5494 = 2.4395
cput5494 = 5675.85
mu5495 = 3.4462
Etot5495 = 2.4395
cput5495 = 5676.86
mu5496 = 3.4462
Etot5496 = 2.4394
cput5496 = 5677.87
mu5497 = 3.4462
Etot5497 = 2.4394
cput5497 = 5678.89
mu5498 = 3.4461
Etot5498 = 2.4394
cput5498 = 5679.92
mu5499 = 3.4461
Etot5499 = 2.4394
cput5499 = 5680.96
mu5500 = 3.4461
Etot5500 = 2.4394
cput5500 = 5682
mu5501 = 3.446
Etot5501 = 2.4394
cput5501 = 5683.03
mu5502 = 3.446
Etot5502 = 2.4394
cput5502 = 5684.05
mu5503 = 3.446
Etot5503 = 2.4393
cput5503 = 5685.08
mu5504 = 3.4459
Etot5504 = 2.4393
cput5504 = 5686.12
mu5505 = 3.4459
Etot5505 = 2.4393
cput5505 = 5687.15
mu5506 = 3.4459
Etot5506 = 2.4393
cput5506 = 5688.18
mu5507 = 3.4458
Etot5507 = 2.4393
cput5507 = 5689.22
mu5508 = 3.4458
Etot5508 = 2.4393
cput5508 = 5690.26
mu5509 = 3.4458
Etot5509 = 2.4393
cput5509 = 5691.3
mu5510 = 3.4457
Etot5510 = 2.4392
cput5510 = 5692.34
mu5511 = 3.4457
Etot5511 = 2.4392
cput5511 = 5693.36
mu5512 = 3.4456
Etot5512 = 2.4392
cput5512 = 5694.38
mu5513 = 3.4456
Etot5513 = 2.4392
cput5513 = 5695.41
mu5514 = 3.4456
Etot5514 = 2.4392
cput5514 = 5696.45
mu5515 = 3.4455
Etot5515 = 2.4392
cput5515 = 5697.48
mu5516 = 3.4455
Etot5516 = 2.4392
cput5516 = 5698.51
mu5517 = 3.4455
Etot5517 = 2.4391
cput5517 = 5699.54
mu5518 = 3.4454
Etot5518 = 2.4391
cput5518 = 5700.58
mu5519 = 3.4454
Etot5519 = 2.4391
cput5519 = 5701.59
mu5520 = 3.4454
Etot5520 = 2.4391
cput5520 = 5702.62
mu5521 = 3.4453
Etot5521 = 2.4391
cput5521 = 5703.64
mu5522 = 3.4453
Etot5522 = 2.4391
cput5522 = 5704.65
mu5523 = 3.4453
Etot5523 = 2.4391
cput5523 = 5705.67
mu5524 = 3.4452
Etot5524 = 2.439
cput5524 = 5706.7
mu5525 = 3.4452
Etot5525 = 2.439
cput5525 = 5707.73
mu5526 = 3.4452
Etot5526 = 2.439
cput5526 = 5708.75
mu5527 = 3.4451
Etot5527 = 2.439
cput5527 = 5709.78
mu5528 = 3.4451
Etot5528 = 2.439
cput5528 = 5710.81
mu5529 = 3.4451
Etot5529 = 2.439
cput5529 = 5711.84
mu5530 = 3.445
Etot5530 = 2.439
cput5530 = 5712.87
mu5531 = 3.445
Etot5531 = 2.4389
cput5531 = 5713.9
mu5532 = 3.4449
Etot5532 = 2.4389
cput5532 = 5714.91
mu5533 = 3.4449
Etot5533 = 2.4389
cput5533 = 5715.93
mu5534 = 3.4449
Etot5534 = 2.4389
cput5534 = 5716.96
mu5535 = 3.4448
Etot5535 = 2.4389
cput5535 = 5717.99
mu5536 = 3.4448
Etot5536 = 2.4389
cput5536 = 5719.01
mu5537 = 3.4448
Etot5537 = 2.4389
cput5537 = 5720.02
mu5538 = 3.4447
Etot5538 = 2.4388
cput5538 = 5721.04
mu5539 = 3.4447
Etot5539 = 2.4388
cput5539 = 5722.06
mu5540 = 3.4447
Etot5540 = 2.4388
cput5540 = 5723.08
mu5541 = 3.4446
Etot5541 = 2.4388
cput5541 = 5724.1
mu5542 = 3.4446
Etot5542 = 2.4388
cput5542 = 5725.12
mu5543 = 3.4446
Etot5543 = 2.4388
cput5543 = 5726.13
mu5544 = 3.4445
Etot5544 = 2.4388
cput5544 = 5727.15
mu5545 = 3.4445
Etot5545 = 2.4387
cput5545 = 5728.17
mu5546 = 3.4445
Etot5546 = 2.4387
cput5546 = 5729.18
mu5547 = 3.4444
Etot5547 = 2.4387
cput5547 = 5730.2
mu5548 = 3.4444
Etot5548 = 2.4387
cput5548 = 5731.21
mu5549 = 3.4443
Etot5549 = 2.4387
cput5549 = 5732.23
mu5550 = 3.4443
Etot5550 = 2.4387
cput5550 = 5733.25
mu5551 = 3.4443
Etot5551 = 2.4387
cput5551 = 5734.27
mu5552 = 3.4442
Etot5552 = 2.4386
cput5552 = 5735.29
mu5553 = 3.4442
Etot5553 = 2.4386
cput5553 = 5736.32
mu5554 = 3.4442
Etot5554 = 2.4386
cput5554 = 5737.34
mu5555 = 3.4441
Etot5555 = 2.4386
cput5555 = 5738.37
mu5556 = 3.4441
Etot5556 = 2.4386
cput5556 = 5739.39
mu5557 = 3.4441
Etot5557 = 2.4386
cput5557 = 5740.41
mu5558 = 3.444
Etot5558 = 2.4386
cput5558 = 5741.42
mu5559 = 3.444
Etot5559 = 2.4385
cput5559 = 5742.43
mu5560 = 3.444
Etot5560 = 2.4385
cput5560 = 5743.45
mu5561 = 3.4439
Etot5561 = 2.4385
cput5561 = 5744.46
mu5562 = 3.4439
Etot5562 = 2.4385
cput5562 = 5745.48
mu5563 = 3.4438
Etot5563 = 2.4385
cput5563 = 5746.5
mu5564 = 3.4438
Etot5564 = 2.4385
cput5564 = 5747.53
mu5565 = 3.4438
Etot5565 = 2.4384
cput5565 = 5748.56
mu5566 = 3.4437
Etot5566 = 2.4384
cput5566 = 5749.58
mu5567 = 3.4437
Etot5567 = 2.4384
cput5567 = 5750.6
mu5568 = 3.4437
Etot5568 = 2.4384
cput5568 = 5751.62
mu5569 = 3.4436
Etot5569 = 2.4384
cput5569 = 5752.65
mu5570 = 3.4436
Etot5570 = 2.4384
cput5570 = 5753.67
mu5571 = 3.4436
Etot5571 = 2.4384
cput5571 = 5754.7
mu5572 = 3.4435
Etot5572 = 2.4383
cput5572 = 5755.72
mu5573 = 3.4435
Etot5573 = 2.4383
cput5573 = 5756.75
mu5574 = 3.4435
Etot5574 = 2.4383
cput5574 = 5757.77
mu5575 = 3.4434
Etot5575 = 2.4383
cput5575 = 5758.79
mu5576 = 3.4434
Etot5576 = 2.4383
cput5576 = 5759.82
mu5577 = 3.4433
Etot5577 = 2.4383
cput5577 = 5760.84
mu5578 = 3.4433
Etot5578 = 2.4383
cput5578 = 5761.87
mu5579 = 3.4433
Etot5579 = 2.4382
cput5579 = 5762.9
mu5580 = 3.4432
Etot5580 = 2.4382
cput5580 = 5763.93
mu5581 = 3.4432
Etot5581 = 2.4382
cput5581 = 5764.96
mu5582 = 3.4432
Etot5582 = 2.4382
cput5582 = 5765.98
mu5583 = 3.4431
Etot5583 = 2.4382
cput5583 = 5767.02
mu5584 = 3.4431
Etot5584 = 2.4382
cput5584 = 5768.05
mu5585 = 3.4431
Etot5585 = 2.4382
cput5585 = 5769.08
mu5586 = 3.443
Etot5586 = 2.4381
cput5586 = 5770.1
mu5587 = 3.443
Etot5587 = 2.4381
cput5587 = 5771.14
mu5588 = 3.443
Etot5588 = 2.4381
cput5588 = 5772.18
mu5589 = 3.4429
Etot5589 = 2.4381
cput5589 = 5773.2
mu5590 = 3.4429
Etot5590 = 2.4381
cput5590 = 5774.23
mu5591 = 3.4428
Etot5591 = 2.4381
cput5591 = 5775.26
mu5592 = 3.4428
Etot5592 = 2.4381
cput5592 = 5776.3
mu5593 = 3.4428
Etot5593 = 2.438
cput5593 = 5777.32
mu5594 = 3.4427
Etot5594 = 2.438
cput5594 = 5778.34
mu5595 = 3.4427
Etot5595 = 2.438
cput5595 = 5779.38
mu5596 = 3.4427
Etot5596 = 2.438
cput5596 = 5780.41
mu5597 = 3.4426
Etot5597 = 2.438
cput5597 = 5781.43
mu5598 = 3.4426
Etot5598 = 2.438
cput5598 = 5782.46
mu5599 = 3.4426
Etot5599 = 2.4379
cput5599 = 5783.49
mu5600 = 3.4425
Etot5600 = 2.4379
cput5600 = 5784.51
mu5601 = 3.4425
Etot5601 = 2.4379
cput5601 = 5785.56
mu5602 = 3.4424
Etot5602 = 2.4379
cput5602 = 5786.58
mu5603 = 3.4424
Etot5603 = 2.4379
cput5603 = 5787.61
mu5604 = 3.4424
Etot5604 = 2.4379
cput5604 = 5788.64
mu5605 = 3.4423
Etot5605 = 2.4379
cput5605 = 5789.67
mu5606 = 3.4423
Etot5606 = 2.4378
cput5606 = 5790.7
mu5607 = 3.4423
Etot5607 = 2.4378
cput5607 = 5791.73
mu5608 = 3.4422
Etot5608 = 2.4378
cput5608 = 5792.77
mu5609 = 3.4422
Etot5609 = 2.4378
cput5609 = 5793.81
mu5610 = 3.4422
Etot5610 = 2.4378
cput5610 = 5794.84
mu5611 = 3.4421
Etot5611 = 2.4378
cput5611 = 5795.87
mu5612 = 3.4421
Etot5612 = 2.4378
cput5612 = 5796.9
mu5613 = 3.442
Etot5613 = 2.4377
cput5613 = 5797.92
mu5614 = 3.442
Etot5614 = 2.4377
cput5614 = 5798.95
mu5615 = 3.442
Etot5615 = 2.4377
cput5615 = 5799.97
mu5616 = 3.4419
Etot5616 = 2.4377
cput5616 = 5800.99
mu5617 = 3.4419
Etot5617 = 2.4377
cput5617 = 5802.02
mu5618 = 3.4419
Etot5618 = 2.4377
cput5618 = 5803.06
mu5619 = 3.4418
Etot5619 = 2.4376
cput5619 = 5804.07
mu5620 = 3.4418
Etot5620 = 2.4376
cput5620 = 5805.09
mu5621 = 3.4417
Etot5621 = 2.4376
cput5621 = 5806.11
mu5622 = 3.4417
Etot5622 = 2.4376
cput5622 = 5807.13
mu5623 = 3.4417
Etot5623 = 2.4376
cput5623 = 5808.16
mu5624 = 3.4416
Etot5624 = 2.4376
cput5624 = 5809.18
mu5625 = 3.4416
Etot5625 = 2.4376
cput5625 = 5810.21
mu5626 = 3.4416
Etot5626 = 2.4375
cput5626 = 5811.23
mu5627 = 3.4415
Etot5627 = 2.4375
cput5627 = 5812.25
mu5628 = 3.4415
Etot5628 = 2.4375
cput5628 = 5813.26
mu5629 = 3.4415
Etot5629 = 2.4375
cput5629 = 5814.27
mu5630 = 3.4414
Etot5630 = 2.4375
cput5630 = 5815.27
mu5631 = 3.4414
Etot5631 = 2.4375
cput5631 = 5816.28
mu5632 = 3.4413
Etot5632 = 2.4375
cput5632 = 5817.29
mu5633 = 3.4413
Etot5633 = 2.4374
cput5633 = 5818.3
mu5634 = 3.4413
Etot5634 = 2.4374
cput5634 = 5819.3
mu5635 = 3.4412
Etot5635 = 2.4374
cput5635 = 5820.32
mu5636 = 3.4412
Etot5636 = 2.4374
cput5636 = 5821.35
mu5637 = 3.4412
Etot5637 = 2.4374
cput5637 = 5822.37
mu5638 = 3.4411
Etot5638 = 2.4374
cput5638 = 5823.38
mu5639 = 3.4411
Etot5639 = 2.4373
cput5639 = 5824.39
mu5640 = 3.441
Etot5640 = 2.4373
cput5640 = 5825.41
mu5641 = 3.441
Etot5641 = 2.4373
cput5641 = 5826.43
mu5642 = 3.441
Etot5642 = 2.4373
cput5642 = 5827.45
mu5643 = 3.4409
Etot5643 = 2.4373
cput5643 = 5828.46
mu5644 = 3.4409
Etot5644 = 2.4373
cput5644 = 5829.48
mu5645 = 3.4409
Etot5645 = 2.4373
cput5645 = 5830.49
mu5646 = 3.4408
Etot5646 = 2.4372
cput5646 = 5831.5
mu5647 = 3.4408
Etot5647 = 2.4372
cput5647 = 5832.51
mu5648 = 3.4408
Etot5648 = 2.4372
cput5648 = 5833.53
mu5649 = 3.4407
Etot5649 = 2.4372
cput5649 = 5834.55
mu5650 = 3.4407
Etot5650 = 2.4372
cput5650 = 5835.56
mu5651 = 3.4406
Etot5651 = 2.4372
cput5651 = 5836.58
mu5652 = 3.4406
Etot5652 = 2.4371
cput5652 = 5837.61
mu5653 = 3.4406
Etot5653 = 2.4371
cput5653 = 5838.64
mu5654 = 3.4405
Etot5654 = 2.4371
cput5654 = 5839.65
mu5655 = 3.4405
Etot5655 = 2.4371
cput5655 = 5840.68
mu5656 = 3.4405
Etot5656 = 2.4371
cput5656 = 5841.7
mu5657 = 3.4404
Etot5657 = 2.4371
cput5657 = 5842.72
mu5658 = 3.4404
Etot5658 = 2.4371
cput5658 = 5843.74
mu5659 = 3.4403
Etot5659 = 2.437
cput5659 = 5844.75
mu5660 = 3.4403
Etot5660 = 2.437
cput5660 = 5845.77
mu5661 = 3.4403
Etot5661 = 2.437
cput5661 = 5846.79
mu5662 = 3.4402
Etot5662 = 2.437
cput5662 = 5847.8
mu5663 = 3.4402
Etot5663 = 2.437
cput5663 = 5848.83
mu5664 = 3.4402
Etot5664 = 2.437
cput5664 = 5849.87
mu5665 = 3.4401
Etot5665 = 2.4369
cput5665 = 5850.91
mu5666 = 3.4401
Etot5666 = 2.4369
cput5666 = 5851.93
mu5667 = 3.44
Etot5667 = 2.4369
cput5667 = 5852.95
mu5668 = 3.44
Etot5668 = 2.4369
cput5668 = 5853.98
mu5669 = 3.44
Etot5669 = 2.4369
cput5669 = 5855
mu5670 = 3.4399
Etot5670 = 2.4369
cput5670 = 5856.02
mu5671 = 3.4399
Etot5671 = 2.4369
cput5671 = 5857.04
mu5672 = 3.4399
Etot5672 = 2.4368
cput5672 = 5858.06
mu5673 = 3.4398
Etot5673 = 2.4368
cput5673 = 5859.08
mu5674 = 3.4398
Etot5674 = 2.4368
cput5674 = 5860.1
mu5675 = 3.4397
Etot5675 = 2.4368
cput5675 = 5861.12
mu5676 = 3.4397
Etot5676 = 2.4368
cput5676 = 5862.16
mu5677 = 3.4397
Etot5677 = 2.4368
cput5677 = 5863.19
mu5678 = 3.4396
Etot5678 = 2.4367
cput5678 = 5864.22
mu5679 = 3.4396
Etot5679 = 2.4367
cput5679 = 5865.25
mu5680 = 3.4396
Etot5680 = 2.4367
cput5680 = 5866.28
mu5681 = 3.4395
Etot5681 = 2.4367
cput5681 = 5867.31
mu5682 = 3.4395
Etot5682 = 2.4367
cput5682 = 5868.33
mu5683 = 3.4394
Etot5683 = 2.4367
cput5683 = 5869.36
mu5684 = 3.4394
Etot5684 = 2.4367
cput5684 = 5870.39
mu5685 = 3.4394
Etot5685 = 2.4366
cput5685 = 5871.41
mu5686 = 3.4393
Etot5686 = 2.4366
cput5686 = 5872.43
mu5687 = 3.4393
Etot5687 = 2.4366
cput5687 = 5873.47
mu5688 = 3.4393
Etot5688 = 2.4366
cput5688 = 5874.49
mu5689 = 3.4392
Etot5689 = 2.4366
cput5689 = 5875.5
mu5690 = 3.4392
Etot5690 = 2.4366
cput5690 = 5876.5
mu5691 = 3.4391
Etot5691 = 2.4365
cput5691 = 5877.51
mu5692 = 3.4391
Etot5692 = 2.4365
cput5692 = 5878.53
mu5693 = 3.4391
Etot5693 = 2.4365
cput5693 = 5879.56
mu5694 = 3.439
Etot5694 = 2.4365
cput5694 = 5880.58
mu5695 = 3.439
Etot5695 = 2.4365
cput5695 = 5881.61
mu5696 = 3.4389
Etot5696 = 2.4365
cput5696 = 5882.63
mu5697 = 3.4389
Etot5697 = 2.4365
cput5697 = 5883.65
mu5698 = 3.4389
Etot5698 = 2.4364
cput5698 = 5884.66
mu5699 = 3.4388
Etot5699 = 2.4364
cput5699 = 5885.69
mu5700 = 3.4388
Etot5700 = 2.4364
cput5700 = 5886.71
mu5701 = 3.4388
Etot5701 = 2.4364
cput5701 = 5887.73
mu5702 = 3.4387
Etot5702 = 2.4364
cput5702 = 5888.75
mu5703 = 3.4387
Etot5703 = 2.4364
cput5703 = 5889.79
mu5704 = 3.4386
Etot5704 = 2.4363
cput5704 = 5890.82
mu5705 = 3.4386
Etot5705 = 2.4363
cput5705 = 5891.85
mu5706 = 3.4386
Etot5706 = 2.4363
cput5706 = 5892.88
mu5707 = 3.4385
Etot5707 = 2.4363
cput5707 = 5893.91
mu5708 = 3.4385
Etot5708 = 2.4363
cput5708 = 5894.93
mu5709 = 3.4385
Etot5709 = 2.4363
cput5709 = 5895.95
mu5710 = 3.4384
Etot5710 = 2.4363
cput5710 = 5896.98
mu5711 = 3.4384
Etot5711 = 2.4362
cput5711 = 5898.01
mu5712 = 3.4383
Etot5712 = 2.4362
cput5712 = 5899.03
mu5713 = 3.4383
Etot5713 = 2.4362
cput5713 = 5900.04
mu5714 = 3.4383
Etot5714 = 2.4362
cput5714 = 5901.05
mu5715 = 3.4382
Etot5715 = 2.4362
cput5715 = 5902.07
mu5716 = 3.4382
Etot5716 = 2.4362
cput5716 = 5903.08
mu5717 = 3.4381
Etot5717 = 2.4361
cput5717 = 5904.1
mu5718 = 3.4381
Etot5718 = 2.4361
cput5718 = 5905.11
mu5719 = 3.4381
Etot5719 = 2.4361
cput5719 = 5906.12
mu5720 = 3.438
Etot5720 = 2.4361
cput5720 = 5907.13
mu5721 = 3.438
Etot5721 = 2.4361
cput5721 = 5908.15
mu5722 = 3.438
Etot5722 = 2.4361
cput5722 = 5909.18
mu5723 = 3.4379
Etot5723 = 2.436
cput5723 = 5910.2
mu5724 = 3.4379
Etot5724 = 2.436
cput5724 = 5911.23
mu5725 = 3.4378
Etot5725 = 2.436
cput5725 = 5912.27
mu5726 = 3.4378
Etot5726 = 2.436
cput5726 = 5913.31
mu5727 = 3.4378
Etot5727 = 2.436
cput5727 = 5914.34
mu5728 = 3.4377
Etot5728 = 2.436
cput5728 = 5915.36
mu5729 = 3.4377
Etot5729 = 2.436
cput5729 = 5916.38
mu5730 = 3.4376
Etot5730 = 2.4359
cput5730 = 5917.41
mu5731 = 3.4376
Etot5731 = 2.4359
cput5731 = 5918.44
mu5732 = 3.4376
Etot5732 = 2.4359
cput5732 = 5919.47
mu5733 = 3.4375
Etot5733 = 2.4359
cput5733 = 5920.49
mu5734 = 3.4375
Etot5734 = 2.4359
cput5734 = 5921.51
mu5735 = 3.4375
Etot5735 = 2.4359
cput5735 = 5922.53
mu5736 = 3.4374
Etot5736 = 2.4358
cput5736 = 5923.54
mu5737 = 3.4374
Etot5737 = 2.4358
cput5737 = 5924.55
mu5738 = 3.4373
Etot5738 = 2.4358
cput5738 = 5925.57
mu5739 = 3.4373
Etot5739 = 2.4358
cput5739 = 5926.6
mu5740 = 3.4373
Etot5740 = 2.4358
cput5740 = 5927.61
mu5741 = 3.4372
Etot5741 = 2.4358
cput5741 = 5928.62
mu5742 = 3.4372
Etot5742 = 2.4357
cput5742 = 5929.64
mu5743 = 3.4371
Etot5743 = 2.4357
cput5743 = 5930.66
mu5744 = 3.4371
Etot5744 = 2.4357
cput5744 = 5931.68
mu5745 = 3.4371
Etot5745 = 2.4357
cput5745 = 5932.7
mu5746 = 3.437
Etot5746 = 2.4357
cput5746 = 5933.74
mu5747 = 3.437
Etot5747 = 2.4357
cput5747 = 5934.77
mu5748 = 3.4369
Etot5748 = 2.4357
cput5748 = 5935.8
mu5749 = 3.4369
Etot5749 = 2.4356
cput5749 = 5936.83
mu5750 = 3.4369
Etot5750 = 2.4356
cput5750 = 5937.86
mu5751 = 3.4368
Etot5751 = 2.4356
cput5751 = 5938.89
mu5752 = 3.4368
Etot5752 = 2.4356
cput5752 = 5939.92
mu5753 = 3.4368
Etot5753 = 2.4356
cput5753 = 5940.95
mu5754 = 3.4367
Etot5754 = 2.4356
cput5754 = 5941.98
mu5755 = 3.4367
Etot5755 = 2.4355
cput5755 = 5943.01
mu5756 = 3.4366
Etot5756 = 2.4355
cput5756 = 5944.05
mu5757 = 3.4366
Etot5757 = 2.4355
cput5757 = 5945.08
mu5758 = 3.4366
Etot5758 = 2.4355
cput5758 = 5946.12
mu5759 = 3.4365
Etot5759 = 2.4355
cput5759 = 5947.15
mu5760 = 3.4365
Etot5760 = 2.4355
cput5760 = 5948.18
mu5761 = 3.4364
Etot5761 = 2.4354
cput5761 = 5949.19
mu5762 = 3.4364
Etot5762 = 2.4354
cput5762 = 5950.2
mu5763 = 3.4364
Etot5763 = 2.4354
cput5763 = 5951.22
mu5764 = 3.4363
Etot5764 = 2.4354
cput5764 = 5952.24
mu5765 = 3.4363
Etot5765 = 2.4354
cput5765 = 5953.28
mu5766 = 3.4362
Etot5766 = 2.4354
cput5766 = 5954.31
mu5767 = 3.4362
Etot5767 = 2.4353
cput5767 = 5955.34
mu5768 = 3.4362
Etot5768 = 2.4353
cput5768 = 5956.37
mu5769 = 3.4361
Etot5769 = 2.4353
cput5769 = 5957.39
mu5770 = 3.4361
Etot5770 = 2.4353
cput5770 = 5958.43
mu5771 = 3.436
Etot5771 = 2.4353
cput5771 = 5959.46
mu5772 = 3.436
Etot5772 = 2.4353
cput5772 = 5960.48
mu5773 = 3.436
Etot5773 = 2.4353
cput5773 = 5961.51
mu5774 = 3.4359
Etot5774 = 2.4352
cput5774 = 5962.54
mu5775 = 3.4359
Etot5775 = 2.4352
cput5775 = 5963.56
mu5776 = 3.4358
Etot5776 = 2.4352
cput5776 = 5964.59
mu5777 = 3.4358
Etot5777 = 2.4352
cput5777 = 5965.62
mu5778 = 3.4358
Etot5778 = 2.4352
cput5778 = 5966.65
mu5779 = 3.4357
Etot5779 = 2.4352
cput5779 = 5967.68
mu5780 = 3.4357
Etot5780 = 2.4351
cput5780 = 5968.71
mu5781 = 3.4356
Etot5781 = 2.4351
cput5781 = 5969.74
mu5782 = 3.4356
Etot5782 = 2.4351
cput5782 = 5970.76
mu5783 = 3.4356
Etot5783 = 2.4351
cput5783 = 5971.79
mu5784 = 3.4355
Etot5784 = 2.4351
cput5784 = 5972.82
mu5785 = 3.4355
Etot5785 = 2.4351
cput5785 = 5973.85
mu5786 = 3.4355
Etot5786 = 2.435
cput5786 = 5974.88
mu5787 = 3.4354
Etot5787 = 2.435
cput5787 = 5975.91
mu5788 = 3.4354
Etot5788 = 2.435
cput5788 = 5976.93
mu5789 = 3.4353
Etot5789 = 2.435
cput5789 = 5977.97
mu5790 = 3.4353
Etot5790 = 2.435
cput5790 = 5979
mu5791 = 3.4353
Etot5791 = 2.435
cput5791 = 5980.04
mu5792 = 3.4352
Etot5792 = 2.4349
cput5792 = 5981.08
mu5793 = 3.4352
Etot5793 = 2.4349
cput5793 = 5982.11
mu5794 = 3.4351
Etot5794 = 2.4349
cput5794 = 5983.15
mu5795 = 3.4351
Etot5795 = 2.4349
cput5795 = 5984.17
mu5796 = 3.4351
Etot5796 = 2.4349
cput5796 = 5985.19
mu5797 = 3.435
Etot5797 = 2.4349
cput5797 = 5986.21
mu5798 = 3.435
Etot5798 = 2.4348
cput5798 = 5987.24
mu5799 = 3.4349
Etot5799 = 2.4348
cput5799 = 5988.27
mu5800 = 3.4349
Etot5800 = 2.4348
cput5800 = 5989.28
mu5801 = 3.4349
Etot5801 = 2.4348
cput5801 = 5990.3
mu5802 = 3.4348
Etot5802 = 2.4348
cput5802 = 5991.32
mu5803 = 3.4348
Etot5803 = 2.4348
cput5803 = 5992.35
mu5804 = 3.4347
Etot5804 = 2.4347
cput5804 = 5993.37
mu5805 = 3.4347
Etot5805 = 2.4347
cput5805 = 5994.38
mu5806 = 3.4347
Etot5806 = 2.4347
cput5806 = 5995.4
mu5807 = 3.4346
Etot5807 = 2.4347
cput5807 = 5996.42
mu5808 = 3.4346
Etot5808 = 2.4347
cput5808 = 5997.44
mu5809 = 3.4345
Etot5809 = 2.4347
cput5809 = 5998.46
mu5810 = 3.4345
Etot5810 = 2.4346
cput5810 = 5999.5
mu5811 = 3.4345
Etot5811 = 2.4346
cput5811 = 6000.52
mu5812 = 3.4344
Etot5812 = 2.4346
cput5812 = 6001.54
mu5813 = 3.4344
Etot5813 = 2.4346
cput5813 = 6002.56
mu5814 = 3.4343
Etot5814 = 2.4346
cput5814 = 6003.58
mu5815 = 3.4343
Etot5815 = 2.4346
cput5815 = 6004.6
mu5816 = 3.4343
Etot5816 = 2.4345
cput5816 = 6005.61
mu5817 = 3.4342
Etot5817 = 2.4345
cput5817 = 6006.63
mu5818 = 3.4342
Etot5818 = 2.4345
cput5818 = 6007.65
mu5819 = 3.4341
Etot5819 = 2.4345
cput5819 = 6008.67
mu5820 = 3.4341
Etot5820 = 2.4345
cput5820 = 6009.69
mu5821 = 3.4341
Etot5821 = 2.4345
cput5821 = 6010.7
mu5822 = 3.434
Etot5822 = 2.4345
cput5822 = 6011.73
mu5823 = 3.434
Etot5823 = 2.4344
cput5823 = 6012.75
mu5824 = 3.4339
Etot5824 = 2.4344
cput5824 = 6013.76
mu5825 = 3.4339
Etot5825 = 2.4344
cput5825 = 6014.79
mu5826 = 3.4339
Etot5826 = 2.4344
cput5826 = 6015.82
mu5827 = 3.4338
Etot5827 = 2.4344
cput5827 = 6016.83
mu5828 = 3.4338
Etot5828 = 2.4344
cput5828 = 6017.84
mu5829 = 3.4337
Etot5829 = 2.4343
cput5829 = 6018.84
mu5830 = 3.4337
Etot5830 = 2.4343
cput5830 = 6019.86
mu5831 = 3.4336
Etot5831 = 2.4343
cput5831 = 6020.87
mu5832 = 3.4336
Etot5832 = 2.4343
cput5832 = 6021.89
mu5833 = 3.4336
Etot5833 = 2.4343
cput5833 = 6022.91
mu5834 = 3.4335
Etot5834 = 2.4343
cput5834 = 6023.94
mu5835 = 3.4335
Etot5835 = 2.4342
cput5835 = 6024.97
mu5836 = 3.4334
Etot5836 = 2.4342
cput5836 = 6025.99
mu5837 = 3.4334
Etot5837 = 2.4342
cput5837 = 6027.02
mu5838 = 3.4334
Etot5838 = 2.4342
cput5838 = 6028.06
mu5839 = 3.4333
Etot5839 = 2.4342
cput5839 = 6029.08
mu5840 = 3.4333
Etot5840 = 2.4342
cput5840 = 6030.1
mu5841 = 3.4332
Etot5841 = 2.4341
cput5841 = 6031.13
mu5842 = 3.4332
Etot5842 = 2.4341
cput5842 = 6032.16
mu5843 = 3.4332
Etot5843 = 2.4341
cput5843 = 6033.18
mu5844 = 3.4331
Etot5844 = 2.4341
cput5844 = 6034.21
mu5845 = 3.4331
Etot5845 = 2.4341
cput5845 = 6035.24
mu5846 = 3.433
Etot5846 = 2.4341
cput5846 = 6036.28
mu5847 = 3.433
Etot5847 = 2.434
cput5847 = 6037.29
mu5848 = 3.433
Etot5848 = 2.434
cput5848 = 6038.32
mu5849 = 3.4329
Etot5849 = 2.434
cput5849 = 6039.35
mu5850 = 3.4329
Etot5850 = 2.434
cput5850 = 6040.38
mu5851 = 3.4328
Etot5851 = 2.434
cput5851 = 6041.4
mu5852 = 3.4328
Etot5852 = 2.434
cput5852 = 6042.42
mu5853 = 3.4328
Etot5853 = 2.4339
cput5853 = 6043.45
mu5854 = 3.4327
Etot5854 = 2.4339
cput5854 = 6044.48
mu5855 = 3.4327
Etot5855 = 2.4339
cput5855 = 6045.5
mu5856 = 3.4326
Etot5856 = 2.4339
cput5856 = 6046.53
mu5857 = 3.4326
Etot5857 = 2.4339
cput5857 = 6047.56
mu5858 = 3.4325
Etot5858 = 2.4339
cput5858 = 6048.57
mu5859 = 3.4325
Etot5859 = 2.4338
cput5859 = 6049.59
mu5860 = 3.4325
Etot5860 = 2.4338
cput5860 = 6050.6
mu5861 = 3.4324
Etot5861 = 2.4338
cput5861 = 6051.62
mu5862 = 3.4324
Etot5862 = 2.4338
cput5862 = 6052.65
mu5863 = 3.4323
Etot5863 = 2.4338
cput5863 = 6053.67
mu5864 = 3.4323
Etot5864 = 2.4338
cput5864 = 6054.7
mu5865 = 3.4323
Etot5865 = 2.4337
cput5865 = 6055.72
mu5866 = 3.4322
Etot5866 = 2.4337
cput5866 = 6056.75
mu5867 = 3.4322
Etot5867 = 2.4337
cput5867 = 6057.78
mu5868 = 3.4321
Etot5868 = 2.4337
cput5868 = 6058.8
mu5869 = 3.4321
Etot5869 = 2.4337
cput5869 = 6059.83
mu5870 = 3.4321
Etot5870 = 2.4336
cput5870 = 6060.85
mu5871 = 3.432
Etot5871 = 2.4336
cput5871 = 6061.87
mu5872 = 3.432
Etot5872 = 2.4336
cput5872 = 6062.9
mu5873 = 3.4319
Etot5873 = 2.4336
cput5873 = 6063.93
mu5874 = 3.4319
Etot5874 = 2.4336
cput5874 = 6064.95
mu5875 = 3.4318
Etot5875 = 2.4336
cput5875 = 6065.98
mu5876 = 3.4318
Etot5876 = 2.4335
cput5876 = 6067
mu5877 = 3.4318
Etot5877 = 2.4335
cput5877 = 6068.02
mu5878 = 3.4317
Etot5878 = 2.4335
cput5878 = 6069.04
mu5879 = 3.4317
Etot5879 = 2.4335
cput5879 = 6070.06
mu5880 = 3.4316
Etot5880 = 2.4335
cput5880 = 6071.08
mu5881 = 3.4316
Etot5881 = 2.4335
cput5881 = 6072.11
mu5882 = 3.4316
Etot5882 = 2.4334
cput5882 = 6073.13
mu5883 = 3.4315
Etot5883 = 2.4334
cput5883 = 6074.15
mu5884 = 3.4315
Etot5884 = 2.4334
cput5884 = 6075.17
mu5885 = 3.4314
Etot5885 = 2.4334
cput5885 = 6076.2
mu5886 = 3.4314
Etot5886 = 2.4334
cput5886 = 6077.23
mu5887 = 3.4314
Etot5887 = 2.4334
cput5887 = 6078.26
mu5888 = 3.4313
Etot5888 = 2.4333
cput5888 = 6079.28
mu5889 = 3.4313
Etot5889 = 2.4333
cput5889 = 6080.31
mu5890 = 3.4312
Etot5890 = 2.4333
cput5890 = 6081.34
mu5891 = 3.4312
Etot5891 = 2.4333
cput5891 = 6082.36
mu5892 = 3.4311
Etot5892 = 2.4333
cput5892 = 6083.39
mu5893 = 3.4311
Etot5893 = 2.4333
cput5893 = 6084.41
mu5894 = 3.4311
Etot5894 = 2.4332
cput5894 = 6085.44
mu5895 = 3.431
Etot5895 = 2.4332
cput5895 = 6086.47
mu5896 = 3.431
Etot5896 = 2.4332
cput5896 = 6087.5
mu5897 = 3.4309
Etot5897 = 2.4332
cput5897 = 6088.52
mu5898 = 3.4309
Etot5898 = 2.4332
cput5898 = 6089.54
mu5899 = 3.4309
Etot5899 = 2.4332
cput5899 = 6090.57
mu5900 = 3.4308
Etot5900 = 2.4331
cput5900 = 6091.59
mu5901 = 3.4308
Etot5901 = 2.4331
cput5901 = 6092.61
mu5902 = 3.4307
Etot5902 = 2.4331
cput5902 = 6093.64
mu5903 = 3.4307
Etot5903 = 2.4331
cput5903 = 6094.66
mu5904 = 3.4306
Etot5904 = 2.4331
cput5904 = 6095.69
mu5905 = 3.4306
Etot5905 = 2.4331
cput5905 = 6096.7
mu5906 = 3.4306
Etot5906 = 2.433
cput5906 = 6097.72
mu5907 = 3.4305
Etot5907 = 2.433
cput5907 = 6098.74
mu5908 = 3.4305
Etot5908 = 2.433
cput5908 = 6099.77
mu5909 = 3.4304
Etot5909 = 2.433
cput5909 = 6100.8
mu5910 = 3.4304
Etot5910 = 2.433
cput5910 = 6101.83
mu5911 = 3.4303
Etot5911 = 2.433
cput5911 = 6102.85
mu5912 = 3.4303
Etot5912 = 2.4329
cput5912 = 6103.89
mu5913 = 3.4303
Etot5913 = 2.4329
cput5913 = 6104.91
mu5914 = 3.4302
Etot5914 = 2.4329
cput5914 = 6105.93
mu5915 = 3.4302
Etot5915 = 2.4329
cput5915 = 6106.95
mu5916 = 3.4301
Etot5916 = 2.4329
cput5916 = 6107.98
mu5917 = 3.4301
Etot5917 = 2.4328
cput5917 = 6109
mu5918 = 3.4301
Etot5918 = 2.4328
cput5918 = 6110.03
mu5919 = 3.43
Etot5919 = 2.4328
cput5919 = 6111.06
mu5920 = 3.43
Etot5920 = 2.4328
cput5920 = 6112.08
mu5921 = 3.4299
Etot5921 = 2.4328
cput5921 = 6113.11
mu5922 = 3.4299
Etot5922 = 2.4328
cput5922 = 6114.15
mu5923 = 3.4298
Etot5923 = 2.4327
cput5923 = 6115.19
mu5924 = 3.4298
Etot5924 = 2.4327
cput5924 = 6116.22
mu5925 = 3.4298
Etot5925 = 2.4327
cput5925 = 6117.25
mu5926 = 3.4297
Etot5926 = 2.4327
cput5926 = 6118.28
mu5927 = 3.4297
Etot5927 = 2.4327
cput5927 = 6119.31
mu5928 = 3.4296
Etot5928 = 2.4327
cput5928 = 6120.35
mu5929 = 3.4296
Etot5929 = 2.4326
cput5929 = 6121.38
mu5930 = 3.4295
Etot5930 = 2.4326
cput5930 = 6122.4
mu5931 = 3.4295
Etot5931 = 2.4326
cput5931 = 6123.42
mu5932 = 3.4295
Etot5932 = 2.4326
cput5932 = 6124.45
mu5933 = 3.4294
Etot5933 = 2.4326
cput5933 = 6125.47
mu5934 = 3.4294
Etot5934 = 2.4326
cput5934 = 6126.5
mu5935 = 3.4293
Etot5935 = 2.4325
cput5935 = 6127.54
mu5936 = 3.4293
Etot5936 = 2.4325
cput5936 = 6128.56
mu5937 = 3.4292
Etot5937 = 2.4325
cput5937 = 6129.58
mu5938 = 3.4292
Etot5938 = 2.4325
cput5938 = 6130.61
mu5939 = 3.4292
Etot5939 = 2.4325
cput5939 = 6131.65
mu5940 = 3.4291
Etot5940 = 2.4324
cput5940 = 6132.68
mu5941 = 3.4291
Etot5941 = 2.4324
cput5941 = 6133.71
mu5942 = 3.429
Etot5942 = 2.4324
cput5942 = 6134.74
mu5943 = 3.429
Etot5943 = 2.4324
cput5943 = 6135.76
mu5944 = 3.429
Etot5944 = 2.4324
cput5944 = 6136.79
mu5945 = 3.4289
Etot5945 = 2.4324
cput5945 = 6137.81
mu5946 = 3.4289
Etot5946 = 2.4323
cput5946 = 6138.83
mu5947 = 3.4288
Etot5947 = 2.4323
cput5947 = 6139.86
mu5948 = 3.4288
Etot5948 = 2.4323
cput5948 = 6140.88
mu5949 = 3.4287
Etot5949 = 2.4323
cput5949 = 6141.9
mu5950 = 3.4287
Etot5950 = 2.4323
cput5950 = 6142.94
mu5951 = 3.4287
Etot5951 = 2.4323
cput5951 = 6143.97
mu5952 = 3.4286
Etot5952 = 2.4322
cput5952 = 6145
mu5953 = 3.4286
Etot5953 = 2.4322
cput5953 = 6146.02
mu5954 = 3.4285
Etot5954 = 2.4322
cput5954 = 6147.05
mu5955 = 3.4285
Etot5955 = 2.4322
cput5955 = 6148.08
mu5956 = 3.4284
Etot5956 = 2.4322
cput5956 = 6149.11
mu5957 = 3.4284
Etot5957 = 2.4322
cput5957 = 6150.13
mu5958 = 3.4284
Etot5958 = 2.4321
cput5958 = 6151.17
mu5959 = 3.4283
Etot5959 = 2.4321
cput5959 = 6152.19
mu5960 = 3.4283
Etot5960 = 2.4321
cput5960 = 6153.22
mu5961 = 3.4282
Etot5961 = 2.4321
cput5961 = 6154.24
mu5962 = 3.4282
Etot5962 = 2.4321
cput5962 = 6155.26
mu5963 = 3.4281
Etot5963 = 2.432
cput5963 = 6156.29
mu5964 = 3.4281
Etot5964 = 2.432
cput5964 = 6157.31
mu5965 = 3.4281
Etot5965 = 2.432
cput5965 = 6158.34
mu5966 = 3.428
Etot5966 = 2.432
cput5966 = 6159.36
mu5967 = 3.428
Etot5967 = 2.432
cput5967 = 6160.39
mu5968 = 3.4279
Etot5968 = 2.432
cput5968 = 6161.42
mu5969 = 3.4279
Etot5969 = 2.4319
cput5969 = 6162.45
mu5970 = 3.4278
Etot5970 = 2.4319
cput5970 = 6163.48
mu5971 = 3.4278
Etot5971 = 2.4319
cput5971 = 6164.51
mu5972 = 3.4277
Etot5972 = 2.4319
cput5972 = 6165.53
mu5973 = 3.4277
Etot5973 = 2.4319
cput5973 = 6166.55
mu5974 = 3.4277
Etot5974 = 2.4319
cput5974 = 6167.57
mu5975 = 3.4276
Etot5975 = 2.4318
cput5975 = 6168.59
mu5976 = 3.4276
Etot5976 = 2.4318
cput5976 = 6169.62
mu5977 = 3.4275
Etot5977 = 2.4318
cput5977 = 6170.64
mu5978 = 3.4275
Etot5978 = 2.4318
cput5978 = 6171.66
mu5979 = 3.4274
Etot5979 = 2.4318
cput5979 = 6172.68
mu5980 = 3.4274
Etot5980 = 2.4317
cput5980 = 6173.71
mu5981 = 3.4274
Etot5981 = 2.4317
cput5981 = 6174.73
mu5982 = 3.4273
Etot5982 = 2.4317
cput5982 = 6175.75
mu5983 = 3.4273
Etot5983 = 2.4317
cput5983 = 6176.77
mu5984 = 3.4272
Etot5984 = 2.4317
cput5984 = 6177.8
mu5985 = 3.4272
Etot5985 = 2.4317
cput5985 = 6178.83
mu5986 = 3.4271
Etot5986 = 2.4316
cput5986 = 6179.87
mu5987 = 3.4271
Etot5987 = 2.4316
cput5987 = 6180.89
mu5988 = 3.4271
Etot5988 = 2.4316
cput5988 = 6181.92
mu5989 = 3.427
Etot5989 = 2.4316
cput5989 = 6182.94
mu5990 = 3.427
Etot5990 = 2.4316
cput5990 = 6183.97
mu5991 = 3.4269
Etot5991 = 2.4316
cput5991 = 6185
mu5992 = 3.4269
Etot5992 = 2.4315
cput5992 = 6186.03
mu5993 = 3.4268
Etot5993 = 2.4315
cput5993 = 6187.05
mu5994 = 3.4268
Etot5994 = 2.4315
cput5994 = 6188.08
mu5995 = 3.4268
Etot5995 = 2.4315
cput5995 = 6189.09
mu5996 = 3.4267
Etot5996 = 2.4315
cput5996 = 6190.1
mu5997 = 3.4267
Etot5997 = 2.4314
cput5997 = 6191.11
mu5998 = 3.4266
Etot5998 = 2.4314
cput5998 = 6192.12
mu5999 = 3.4266
Etot5999 = 2.4314
cput5999 = 6193.13
mu6000 = 3.4265
Etot6000 = 2.4314
cput6000 = 6194.15
mu6001 = 3.4265
Etot6001 = 2.4314
cput6001 = 6195.16
mu6002 = 3.4264
Etot6002 = 2.4314
cput6002 = 6196.17
mu6003 = 3.4264
Etot6003 = 2.4313
cput6003 = 6197.19
mu6004 = 3.4264
Etot6004 = 2.4313
cput6004 = 6198.2
mu6005 = 3.4263
Etot6005 = 2.4313
cput6005 = 6199.21
mu6006 = 3.4263
Etot6006 = 2.4313
cput6006 = 6200.22
mu6007 = 3.4262
Etot6007 = 2.4313
cput6007 = 6201.23
mu6008 = 3.4262
Etot6008 = 2.4312
cput6008 = 6202.24
mu6009 = 3.4261
Etot6009 = 2.4312
cput6009 = 6203.26
mu6010 = 3.4261
Etot6010 = 2.4312
cput6010 = 6204.28
mu6011 = 3.426
Etot6011 = 2.4312
cput6011 = 6205.3
mu6012 = 3.426
Etot6012 = 2.4312
cput6012 = 6206.31
mu6013 = 3.426
Etot6013 = 2.4312
cput6013 = 6207.33
mu6014 = 3.4259
Etot6014 = 2.4311
cput6014 = 6208.35
mu6015 = 3.4259
Etot6015 = 2.4311
cput6015 = 6209.37
mu6016 = 3.4258
Etot6016 = 2.4311
cput6016 = 6210.39
mu6017 = 3.4258
Etot6017 = 2.4311
cput6017 = 6211.41
mu6018 = 3.4257
Etot6018 = 2.4311
cput6018 = 6212.42
mu6019 = 3.4257
Etot6019 = 2.431
cput6019 = 6213.43
mu6020 = 3.4257
Etot6020 = 2.431
cput6020 = 6214.44
mu6021 = 3.4256
Etot6021 = 2.431
cput6021 = 6215.46
mu6022 = 3.4256
Etot6022 = 2.431
cput6022 = 6216.49
mu6023 = 3.4255
Etot6023 = 2.431
cput6023 = 6217.52
mu6024 = 3.4255
Etot6024 = 2.431
cput6024 = 6218.54
mu6025 = 3.4254
Etot6025 = 2.4309
cput6025 = 6219.57
mu6026 = 3.4254
Etot6026 = 2.4309
cput6026 = 6220.59
mu6027 = 3.4253
Etot6027 = 2.4309
cput6027 = 6221.62
mu6028 = 3.4253
Etot6028 = 2.4309
cput6028 = 6222.65
mu6029 = 3.4253
Etot6029 = 2.4309
cput6029 = 6223.68
mu6030 = 3.4252
Etot6030 = 2.4308
cput6030 = 6224.71
mu6031 = 3.4252
Etot6031 = 2.4308
cput6031 = 6225.74
mu6032 = 3.4251
Etot6032 = 2.4308
cput6032 = 6226.77
mu6033 = 3.4251
Etot6033 = 2.4308
cput6033 = 6227.81
mu6034 = 3.425
Etot6034 = 2.4308
cput6034 = 6228.83
mu6035 = 3.425
Etot6035 = 2.4308
cput6035 = 6229.85
mu6036 = 3.4249
Etot6036 = 2.4307
cput6036 = 6230.88
mu6037 = 3.4249
Etot6037 = 2.4307
cput6037 = 6231.9
mu6038 = 3.4249
Etot6038 = 2.4307
cput6038 = 6232.92
mu6039 = 3.4248
Etot6039 = 2.4307
cput6039 = 6233.95
mu6040 = 3.4248
Etot6040 = 2.4307
cput6040 = 6234.98
mu6041 = 3.4247
Etot6041 = 2.4306
cput6041 = 6236
mu6042 = 3.4247
Etot6042 = 2.4306
cput6042 = 6237.03
mu6043 = 3.4246
Etot6043 = 2.4306
cput6043 = 6238.06
mu6044 = 3.4246
Etot6044 = 2.4306
cput6044 = 6239.09
mu6045 = 3.4245
Etot6045 = 2.4306
cput6045 = 6240.13
mu6046 = 3.4245
Etot6046 = 2.4306
cput6046 = 6241.16
mu6047 = 3.4245
Etot6047 = 2.4305
cput6047 = 6242.18
mu6048 = 3.4244
Etot6048 = 2.4305
cput6048 = 6243.2
mu6049 = 3.4244
Etot6049 = 2.4305
cput6049 = 6244.22
mu6050 = 3.4243
Etot6050 = 2.4305
cput6050 = 6245.24
mu6051 = 3.4243
Etot6051 = 2.4305
cput6051 = 6246.26
mu6052 = 3.4242
Etot6052 = 2.4304
cput6052 = 6247.28
mu6053 = 3.4242
Etot6053 = 2.4304
cput6053 = 6248.3
mu6054 = 3.4241
Etot6054 = 2.4304
cput6054 = 6249.33
mu6055 = 3.4241
Etot6055 = 2.4304
cput6055 = 6250.36
mu6056 = 3.424
Etot6056 = 2.4304
cput6056 = 6251.39
mu6057 = 3.424
Etot6057 = 2.4304
cput6057 = 6252.4
mu6058 = 3.424
Etot6058 = 2.4303
cput6058 = 6253.43
mu6059 = 3.4239
Etot6059 = 2.4303
cput6059 = 6254.46
mu6060 = 3.4239
Etot6060 = 2.4303
cput6060 = 6255.5
mu6061 = 3.4238
Etot6061 = 2.4303
cput6061 = 6256.54
mu6062 = 3.4238
Etot6062 = 2.4303
cput6062 = 6257.58
mu6063 = 3.4237
Etot6063 = 2.4302
cput6063 = 6258.61
mu6064 = 3.4237
Etot6064 = 2.4302
cput6064 = 6259.64
mu6065 = 3.4236
Etot6065 = 2.4302
cput6065 = 6260.67
mu6066 = 3.4236
Etot6066 = 2.4302
cput6066 = 6261.7
mu6067 = 3.4236
Etot6067 = 2.4302
cput6067 = 6262.73
mu6068 = 3.4235
Etot6068 = 2.4302
cput6068 = 6263.75
mu6069 = 3.4235
Etot6069 = 2.4301
cput6069 = 6264.78
mu6070 = 3.4234
Etot6070 = 2.4301
cput6070 = 6265.82
mu6071 = 3.4234
Etot6071 = 2.4301
cput6071 = 6266.85
mu6072 = 3.4233
Etot6072 = 2.4301
cput6072 = 6267.88
mu6073 = 3.4233
Etot6073 = 2.4301
cput6073 = 6268.91
mu6074 = 3.4232
Etot6074 = 2.43
cput6074 = 6269.94
mu6075 = 3.4232
Etot6075 = 2.43
cput6075 = 6270.96
mu6076 = 3.4231
Etot6076 = 2.43
cput6076 = 6271.98
mu6077 = 3.4231
Etot6077 = 2.43
cput6077 = 6272.99
mu6078 = 3.4231
Etot6078 = 2.43
cput6078 = 6274.02
mu6079 = 3.423
Etot6079 = 2.43
cput6079 = 6275.05
mu6080 = 3.423
Etot6080 = 2.4299
cput6080 = 6276.07
mu6081 = 3.4229
Etot6081 = 2.4299
cput6081 = 6277.08
mu6082 = 3.4229
Etot6082 = 2.4299
cput6082 = 6278.11
mu6083 = 3.4228
Etot6083 = 2.4299
cput6083 = 6279.14
mu6084 = 3.4228
Etot6084 = 2.4299
cput6084 = 6280.16
mu6085 = 3.4227
Etot6085 = 2.4298
cput6085 = 6281.18
mu6086 = 3.4227
Etot6086 = 2.4298
cput6086 = 6282.21
mu6087 = 3.4226
Etot6087 = 2.4298
cput6087 = 6283.24
mu6088 = 3.4226
Etot6088 = 2.4298
cput6088 = 6284.26
mu6089 = 3.4226
Etot6089 = 2.4298
cput6089 = 6285.27
mu6090 = 3.4225
Etot6090 = 2.4297
cput6090 = 6286.29
mu6091 = 3.4225
Etot6091 = 2.4297
cput6091 = 6287.32
mu6092 = 3.4224
Etot6092 = 2.4297
cput6092 = 6288.34
mu6093 = 3.4224
Etot6093 = 2.4297
cput6093 = 6289.36
mu6094 = 3.4223
Etot6094 = 2.4297
cput6094 = 6290.39
mu6095 = 3.4223
Etot6095 = 2.4297
cput6095 = 6291.42
mu6096 = 3.4222
Etot6096 = 2.4296
cput6096 = 6292.45
mu6097 = 3.4222
Etot6097 = 2.4296
cput6097 = 6293.47
mu6098 = 3.4221
Etot6098 = 2.4296
cput6098 = 6294.49
mu6099 = 3.4221
Etot6099 = 2.4296
cput6099 = 6295.52
mu6100 = 3.4221
Etot6100 = 2.4296
cput6100 = 6296.55
mu6101 = 3.422
Etot6101 = 2.4295
cput6101 = 6297.58
mu6102 = 3.422
Etot6102 = 2.4295
cput6102 = 6298.61
mu6103 = 3.4219
Etot6103 = 2.4295
cput6103 = 6299.64
mu6104 = 3.4219
Etot6104 = 2.4295
cput6104 = 6300.66
mu6105 = 3.4218
Etot6105 = 2.4295
cput6105 = 6301.67
mu6106 = 3.4218
Etot6106 = 2.4294
cput6106 = 6302.69
mu6107 = 3.4217
Etot6107 = 2.4294
cput6107 = 6303.72
mu6108 = 3.4217
Etot6108 = 2.4294
cput6108 = 6304.74
mu6109 = 3.4216
Etot6109 = 2.4294
cput6109 = 6305.76
mu6110 = 3.4216
Etot6110 = 2.4294
cput6110 = 6306.78
mu6111 = 3.4216
Etot6111 = 2.4294
cput6111 = 6307.81
mu6112 = 3.4215
Etot6112 = 2.4293
cput6112 = 6308.83
mu6113 = 3.4215
Etot6113 = 2.4293
cput6113 = 6309.86
mu6114 = 3.4214
Etot6114 = 2.4293
cput6114 = 6310.89
mu6115 = 3.4214
Etot6115 = 2.4293
cput6115 = 6311.92
mu6116 = 3.4213
Etot6116 = 2.4293
cput6116 = 6312.94
mu6117 = 3.4213
Etot6117 = 2.4292
cput6117 = 6313.97
mu6118 = 3.4212
Etot6118 = 2.4292
cput6118 = 6315
mu6119 = 3.4212
Etot6119 = 2.4292
cput6119 = 6316.03
mu6120 = 3.4211
Etot6120 = 2.4292
cput6120 = 6317.07
mu6121 = 3.4211
Etot6121 = 2.4292
cput6121 = 6318.1
mu6122 = 3.421
Etot6122 = 2.4291
cput6122 = 6319.13
mu6123 = 3.421
Etot6123 = 2.4291
cput6123 = 6320.17
mu6124 = 3.421
Etot6124 = 2.4291
cput6124 = 6321.19
mu6125 = 3.4209
Etot6125 = 2.4291
cput6125 = 6322.21
mu6126 = 3.4209
Etot6126 = 2.4291
cput6126 = 6323.24
mu6127 = 3.4208
Etot6127 = 2.4291
cput6127 = 6324.28
mu6128 = 3.4208
Etot6128 = 2.429
cput6128 = 6325.31
mu6129 = 3.4207
Etot6129 = 2.429
cput6129 = 6326.33
mu6130 = 3.4207
Etot6130 = 2.429
cput6130 = 6327.36
mu6131 = 3.4206
Etot6131 = 2.429
cput6131 = 6328.4
mu6132 = 3.4206
Etot6132 = 2.429
cput6132 = 6329.43
mu6133 = 3.4205
Etot6133 = 2.4289
cput6133 = 6330.46
mu6134 = 3.4205
Etot6134 = 2.4289
cput6134 = 6331.49
mu6135 = 3.4204
Etot6135 = 2.4289
cput6135 = 6332.52
mu6136 = 3.4204
Etot6136 = 2.4289
cput6136 = 6333.55
mu6137 = 3.4203
Etot6137 = 2.4289
cput6137 = 6334.57
mu6138 = 3.4203
Etot6138 = 2.4288
cput6138 = 6335.6
mu6139 = 3.4203
Etot6139 = 2.4288
cput6139 = 6336.64
mu6140 = 3.4202
Etot6140 = 2.4288
cput6140 = 6337.68
mu6141 = 3.4202
Etot6141 = 2.4288
cput6141 = 6338.71
mu6142 = 3.4201
Etot6142 = 2.4288
cput6142 = 6339.73
mu6143 = 3.4201
Etot6143 = 2.4287
cput6143 = 6340.77
mu6144 = 3.42
Etot6144 = 2.4287
cput6144 = 6341.79
mu6145 = 3.42
Etot6145 = 2.4287
cput6145 = 6342.82
mu6146 = 3.4199
Etot6146 = 2.4287
cput6146 = 6343.84
mu6147 = 3.4199
Etot6147 = 2.4287
cput6147 = 6344.87
mu6148 = 3.4198
Etot6148 = 2.4287
cput6148 = 6345.89
mu6149 = 3.4198
Etot6149 = 2.4286
cput6149 = 6346.92
mu6150 = 3.4197
Etot6150 = 2.4286
cput6150 = 6347.94
mu6151 = 3.4197
Etot6151 = 2.4286
cput6151 = 6348.97
mu6152 = 3.4196
Etot6152 = 2.4286
cput6152 = 6350
mu6153 = 3.4196
Etot6153 = 2.4286
cput6153 = 6351.03
mu6154 = 3.4196
Etot6154 = 2.4285
cput6154 = 6352.06
mu6155 = 3.4195
Etot6155 = 2.4285
cput6155 = 6353.09
mu6156 = 3.4195
Etot6156 = 2.4285
cput6156 = 6354.12
mu6157 = 3.4194
Etot6157 = 2.4285
cput6157 = 6355.14
mu6158 = 3.4194
Etot6158 = 2.4285
cput6158 = 6356.16
mu6159 = 3.4193
Etot6159 = 2.4284
cput6159 = 6357.18
mu6160 = 3.4193
Etot6160 = 2.4284
cput6160 = 6358.2
mu6161 = 3.4192
Etot6161 = 2.4284
cput6161 = 6359.23
mu6162 = 3.4192
Etot6162 = 2.4284
cput6162 = 6360.25
mu6163 = 3.4191
Etot6163 = 2.4284
cput6163 = 6361.26
mu6164 = 3.4191
Etot6164 = 2.4283
cput6164 = 6362.27
mu6165 = 3.419
Etot6165 = 2.4283
cput6165 = 6363.29
mu6166 = 3.419
Etot6166 = 2.4283
cput6166 = 6364.31
mu6167 = 3.4189
Etot6167 = 2.4283
cput6167 = 6365.34
mu6168 = 3.4189
Etot6168 = 2.4283
cput6168 = 6366.36
mu6169 = 3.4188
Etot6169 = 2.4282
cput6169 = 6367.38
mu6170 = 3.4188
Etot6170 = 2.4282
cput6170 = 6368.41
mu6171 = 3.4188
Etot6171 = 2.4282
cput6171 = 6369.44
mu6172 = 3.4187
Etot6172 = 2.4282
cput6172 = 6370.47
mu6173 = 3.4187
Etot6173 = 2.4282
cput6173 = 6371.51
mu6174 = 3.4186
Etot6174 = 2.4282
cput6174 = 6372.54
mu6175 = 3.4186
Etot6175 = 2.4281
cput6175 = 6373.57
mu6176 = 3.4185
Etot6176 = 2.4281
cput6176 = 6374.6
mu6177 = 3.4185
Etot6177 = 2.4281
cput6177 = 6375.63
mu6178 = 3.4184
Etot6178 = 2.4281
cput6178 = 6376.65
mu6179 = 3.4184
Etot6179 = 2.4281
cput6179 = 6377.68
mu6180 = 3.4183
Etot6180 = 2.428
cput6180 = 6378.72
mu6181 = 3.4183
Etot6181 = 2.428
cput6181 = 6379.75
mu6182 = 3.4182
Etot6182 = 2.428
cput6182 = 6380.78
mu6183 = 3.4182
Etot6183 = 2.428
cput6183 = 6381.8
mu6184 = 3.4181
Etot6184 = 2.428
cput6184 = 6382.83
mu6185 = 3.4181
Etot6185 = 2.4279
cput6185 = 6383.86
mu6186 = 3.418
Etot6186 = 2.4279
cput6186 = 6384.88
mu6187 = 3.418
Etot6187 = 2.4279
cput6187 = 6385.9
mu6188 = 3.4179
Etot6188 = 2.4279
cput6188 = 6386.94
mu6189 = 3.4179
Etot6189 = 2.4279
cput6189 = 6387.97
mu6190 = 3.4179
Etot6190 = 2.4278
cput6190 = 6389
mu6191 = 3.4178
Etot6191 = 2.4278
cput6191 = 6390.02
mu6192 = 3.4178
Etot6192 = 2.4278
cput6192 = 6391.05
mu6193 = 3.4177
Etot6193 = 2.4278
cput6193 = 6392.08
mu6194 = 3.4177
Etot6194 = 2.4278
cput6194 = 6393.1
mu6195 = 3.4176
Etot6195 = 2.4277
cput6195 = 6394.11
mu6196 = 3.4176
Etot6196 = 2.4277
cput6196 = 6395.13
mu6197 = 3.4175
Etot6197 = 2.4277
cput6197 = 6396.16
mu6198 = 3.4175
Etot6198 = 2.4277
cput6198 = 6397.17
mu6199 = 3.4174
Etot6199 = 2.4277
cput6199 = 6398.18
mu6200 = 3.4174
Etot6200 = 2.4276
cput6200 = 6399.2
mu6201 = 3.4173
Etot6201 = 2.4276
cput6201 = 6400.21
mu6202 = 3.4173
Etot6202 = 2.4276
cput6202 = 6401.23
mu6203 = 3.4172
Etot6203 = 2.4276
cput6203 = 6402.25
mu6204 = 3.4172
Etot6204 = 2.4276
cput6204 = 6403.28
mu6205 = 3.4171
Etot6205 = 2.4275
cput6205 = 6404.3
mu6206 = 3.4171
Etot6206 = 2.4275
cput6206 = 6405.32
mu6207 = 3.417
Etot6207 = 2.4275
cput6207 = 6406.34
mu6208 = 3.417
Etot6208 = 2.4275
cput6208 = 6407.36
mu6209 = 3.4169
Etot6209 = 2.4275
cput6209 = 6408.38
mu6210 = 3.4169
Etot6210 = 2.4275
cput6210 = 6409.41
mu6211 = 3.4168
Etot6211 = 2.4274
cput6211 = 6410.43
mu6212 = 3.4168
Etot6212 = 2.4274
cput6212 = 6411.44
mu6213 = 3.4168
Etot6213 = 2.4274
cput6213 = 6412.44
mu6214 = 3.4167
Etot6214 = 2.4274
cput6214 = 6413.45
mu6215 = 3.4167
Etot6215 = 2.4274
cput6215 = 6414.45
mu6216 = 3.4166
Etot6216 = 2.4273
cput6216 = 6415.46
mu6217 = 3.4166
Etot6217 = 2.4273
cput6217 = 6416.46
mu6218 = 3.4165
Etot6218 = 2.4273
cput6218 = 6417.48
mu6219 = 3.4165
Etot6219 = 2.4273
cput6219 = 6418.5
mu6220 = 3.4164
Etot6220 = 2.4273
cput6220 = 6419.52
mu6221 = 3.4164
Etot6221 = 2.4272
cput6221 = 6420.54
mu6222 = 3.4163
Etot6222 = 2.4272
cput6222 = 6421.56
mu6223 = 3.4163
Etot6223 = 2.4272
cput6223 = 6422.58
mu6224 = 3.4162
Etot6224 = 2.4272
cput6224 = 6423.6
mu6225 = 3.4162
Etot6225 = 2.4272
cput6225 = 6424.63
mu6226 = 3.4161
Etot6226 = 2.4271
cput6226 = 6425.66
mu6227 = 3.4161
Etot6227 = 2.4271
cput6227 = 6426.68
mu6228 = 3.416
Etot6228 = 2.4271
cput6228 = 6427.7
mu6229 = 3.416
Etot6229 = 2.4271
cput6229 = 6428.72
mu6230 = 3.4159
Etot6230 = 2.4271
cput6230 = 6429.75
mu6231 = 3.4159
Etot6231 = 2.427
cput6231 = 6430.77
mu6232 = 3.4158
Etot6232 = 2.427
cput6232 = 6431.79
mu6233 = 3.4158
Etot6233 = 2.427
cput6233 = 6432.82
mu6234 = 3.4157
Etot6234 = 2.427
cput6234 = 6433.85
mu6235 = 3.4157
Etot6235 = 2.427
cput6235 = 6434.87
mu6236 = 3.4156
Etot6236 = 2.4269
cput6236 = 6435.89
mu6237 = 3.4156
Etot6237 = 2.4269
cput6237 = 6436.93
mu6238 = 3.4155
Etot6238 = 2.4269
cput6238 = 6437.96
mu6239 = 3.4155
Etot6239 = 2.4269
cput6239 = 6438.98
mu6240 = 3.4154
Etot6240 = 2.4269
cput6240 = 6440.02
mu6241 = 3.4154
Etot6241 = 2.4268
cput6241 = 6441.05
mu6242 = 3.4153
Etot6242 = 2.4268
cput6242 = 6442.06
mu6243 = 3.4153
Etot6243 = 2.4268
cput6243 = 6443.07
mu6244 = 3.4152
Etot6244 = 2.4268
cput6244 = 6444.09
mu6245 = 3.4152
Etot6245 = 2.4268
cput6245 = 6445.12
mu6246 = 3.4152
Etot6246 = 2.4267
cput6246 = 6446.13
mu6247 = 3.4151
Etot6247 = 2.4267
cput6247 = 6447.16
mu6248 = 3.4151
Etot6248 = 2.4267
cput6248 = 6448.19
mu6249 = 3.415
Etot6249 = 2.4267
cput6249 = 6449.22
mu6250 = 3.415
Etot6250 = 2.4267
cput6250 = 6450.24
mu6251 = 3.4149
Etot6251 = 2.4266
cput6251 = 6451.27
mu6252 = 3.4149
Etot6252 = 2.4266
cput6252 = 6452.29
mu6253 = 3.4148
Etot6253 = 2.4266
cput6253 = 6453.32
mu6254 = 3.4148
Etot6254 = 2.4266
cput6254 = 6454.34
mu6255 = 3.4147
Etot6255 = 2.4266
cput6255 = 6455.36
mu6256 = 3.4147
Etot6256 = 2.4265
cput6256 = 6456.39
mu6257 = 3.4146
Etot6257 = 2.4265
cput6257 = 6457.42
mu6258 = 3.4146
Etot6258 = 2.4265
cput6258 = 6458.44
mu6259 = 3.4145
Etot6259 = 2.4265
cput6259 = 6459.46
mu6260 = 3.4145
Etot6260 = 2.4265
cput6260 = 6460.5
mu6261 = 3.4144
Etot6261 = 2.4264
cput6261 = 6461.52
mu6262 = 3.4144
Etot6262 = 2.4264
cput6262 = 6462.54
mu6263 = 3.4143
Etot6263 = 2.4264
cput6263 = 6463.57
mu6264 = 3.4143
Etot6264 = 2.4264
cput6264 = 6464.59
mu6265 = 3.4142
Etot6265 = 2.4264
cput6265 = 6465.6
mu6266 = 3.4142
Etot6266 = 2.4263
cput6266 = 6466.61
mu6267 = 3.4141
Etot6267 = 2.4263
cput6267 = 6467.62
mu6268 = 3.4141
Etot6268 = 2.4263
cput6268 = 6468.62
mu6269 = 3.414
Etot6269 = 2.4263
cput6269 = 6469.63
mu6270 = 3.414
Etot6270 = 2.4263
cput6270 = 6470.66
mu6271 = 3.4139
Etot6271 = 2.4262
cput6271 = 6471.68
mu6272 = 3.4139
Etot6272 = 2.4262
cput6272 = 6472.69
mu6273 = 3.4138
Etot6273 = 2.4262
cput6273 = 6473.71
mu6274 = 3.4138
Etot6274 = 2.4262
cput6274 = 6474.73
mu6275 = 3.4137
Etot6275 = 2.4262
cput6275 = 6475.75
mu6276 = 3.4137
Etot6276 = 2.4261
cput6276 = 6476.76
mu6277 = 3.4136
Etot6277 = 2.4261
cput6277 = 6477.77
mu6278 = 3.4136
Etot6278 = 2.4261
cput6278 = 6478.79
mu6279 = 3.4135
Etot6279 = 2.4261
cput6279 = 6479.8
mu6280 = 3.4135
Etot6280 = 2.4261
cput6280 = 6480.81
mu6281 = 3.4134
Etot6281 = 2.426
cput6281 = 6481.83
mu6282 = 3.4134
Etot6282 = 2.426
cput6282 = 6482.84
mu6283 = 3.4133
Etot6283 = 2.426
cput6283 = 6483.85
mu6284 = 3.4133
Etot6284 = 2.426
cput6284 = 6484.86
mu6285 = 3.4132
Etot6285 = 2.426
cput6285 = 6485.88
mu6286 = 3.4132
Etot6286 = 2.4259
cput6286 = 6486.89
mu6287 = 3.4131
Etot6287 = 2.4259
cput6287 = 6487.9
mu6288 = 3.4131
Etot6288 = 2.4259
cput6288 = 6488.91
mu6289 = 3.413
Etot6289 = 2.4259
cput6289 = 6489.94
mu6290 = 3.413
Etot6290 = 2.4259
cput6290 = 6490.96
mu6291 = 3.4129
Etot6291 = 2.4258
cput6291 = 6491.98
mu6292 = 3.4129
Etot6292 = 2.4258
cput6292 = 6493
mu6293 = 3.4128
Etot6293 = 2.4258
cput6293 = 6494.03
mu6294 = 3.4128
Etot6294 = 2.4258
cput6294 = 6495.06
mu6295 = 3.4127
Etot6295 = 2.4258
cput6295 = 6496.09
mu6296 = 3.4127
Etot6296 = 2.4257
cput6296 = 6497.12
mu6297 = 3.4126
Etot6297 = 2.4257
cput6297 = 6498.14
mu6298 = 3.4126
Etot6298 = 2.4257
cput6298 = 6499.17
mu6299 = 3.4125
Etot6299 = 2.4257
cput6299 = 6500.2
mu6300 = 3.4125
Etot6300 = 2.4256
cput6300 = 6501.23
mu6301 = 3.4124
Etot6301 = 2.4256
cput6301 = 6502.25
mu6302 = 3.4124
Etot6302 = 2.4256
cput6302 = 6503.28
mu6303 = 3.4123
Etot6303 = 2.4256
cput6303 = 6504.32
mu6304 = 3.4123
Etot6304 = 2.4256
cput6304 = 6505.36
mu6305 = 3.4122
Etot6305 = 2.4255
cput6305 = 6506.39
mu6306 = 3.4122
Etot6306 = 2.4255
cput6306 = 6507.4
mu6307 = 3.4121
Etot6307 = 2.4255
cput6307 = 6508.42
mu6308 = 3.4121
Etot6308 = 2.4255
cput6308 = 6509.45
mu6309 = 3.412
Etot6309 = 2.4255
cput6309 = 6510.48
mu6310 = 3.412
Etot6310 = 2.4254
cput6310 = 6511.5
mu6311 = 3.4119
Etot6311 = 2.4254
cput6311 = 6512.52
mu6312 = 3.4119
Etot6312 = 2.4254
cput6312 = 6513.54
mu6313 = 3.4118
Etot6313 = 2.4254
cput6313 = 6514.57
mu6314 = 3.4118
Etot6314 = 2.4254
cput6314 = 6515.59
mu6315 = 3.4117
Etot6315 = 2.4253
cput6315 = 6516.62
mu6316 = 3.4117
Etot6316 = 2.4253
cput6316 = 6517.64
mu6317 = 3.4116
Etot6317 = 2.4253
cput6317 = 6518.68
mu6318 = 3.4116
Etot6318 = 2.4253
cput6318 = 6519.71
mu6319 = 3.4115
Etot6319 = 2.4253
cput6319 = 6520.74
mu6320 = 3.4115
Etot6320 = 2.4252
cput6320 = 6521.78
mu6321 = 3.4114
Etot6321 = 2.4252
cput6321 = 6522.82
mu6322 = 3.4114
Etot6322 = 2.4252
cput6322 = 6523.86
mu6323 = 3.4113
Etot6323 = 2.4252
cput6323 = 6524.89
mu6324 = 3.4113
Etot6324 = 2.4252
cput6324 = 6525.92
mu6325 = 3.4112
Etot6325 = 2.4251
cput6325 = 6526.95
mu6326 = 3.4112
Etot6326 = 2.4251
cput6326 = 6527.98
mu6327 = 3.4111
Etot6327 = 2.4251
cput6327 = 6529.01
mu6328 = 3.4111
Etot6328 = 2.4251
cput6328 = 6530.04
mu6329 = 3.411
Etot6329 = 2.4251
cput6329 = 6531.07
mu6330 = 3.411
Etot6330 = 2.425
cput6330 = 6532.09
mu6331 = 3.4109
Etot6331 = 2.425
cput6331 = 6533.11
mu6332 = 3.4109
Etot6332 = 2.425
cput6332 = 6534.14
mu6333 = 3.4108
Etot6333 = 2.425
cput6333 = 6535.17
mu6334 = 3.4108
Etot6334 = 2.425
cput6334 = 6536.2
mu6335 = 3.4107
Etot6335 = 2.4249
cput6335 = 6537.22
mu6336 = 3.4107
Etot6336 = 2.4249
cput6336 = 6538.24
mu6337 = 3.4106
Etot6337 = 2.4249
cput6337 = 6539.26
mu6338 = 3.4106
Etot6338 = 2.4249
cput6338 = 6540.29
mu6339 = 3.4105
Etot6339 = 2.4248
cput6339 = 6541.31
mu6340 = 3.4105
Etot6340 = 2.4248
cput6340 = 6542.34
mu6341 = 3.4104
Etot6341 = 2.4248
cput6341 = 6543.37
mu6342 = 3.4104
Etot6342 = 2.4248
cput6342 = 6544.41
mu6343 = 3.4103
Etot6343 = 2.4248
cput6343 = 6545.44
mu6344 = 3.4103
Etot6344 = 2.4247
cput6344 = 6546.47
mu6345 = 3.4102
Etot6345 = 2.4247
cput6345 = 6547.51
mu6346 = 3.4102
Etot6346 = 2.4247
cput6346 = 6548.53
mu6347 = 3.4101
Etot6347 = 2.4247
cput6347 = 6549.56
mu6348 = 3.4101
Etot6348 = 2.4247
cput6348 = 6550.59
mu6349 = 3.41
Etot6349 = 2.4246
cput6349 = 6551.62
mu6350 = 3.41
Etot6350 = 2.4246
cput6350 = 6552.64
mu6351 = 3.4099
Etot6351 = 2.4246
cput6351 = 6553.66
mu6352 = 3.4099
Etot6352 = 2.4246
cput6352 = 6554.69
mu6353 = 3.4098
Etot6353 = 2.4246
cput6353 = 6555.72
mu6354 = 3.4098
Etot6354 = 2.4245
cput6354 = 6556.74
mu6355 = 3.4097
Etot6355 = 2.4245
cput6355 = 6557.77
mu6356 = 3.4097
Etot6356 = 2.4245
cput6356 = 6558.8
mu6357 = 3.4096
Etot6357 = 2.4245
cput6357 = 6559.83
mu6358 = 3.4096
Etot6358 = 2.4245
cput6358 = 6560.86
mu6359 = 3.4095
Etot6359 = 2.4244
cput6359 = 6561.89
mu6360 = 3.4094
Etot6360 = 2.4244
cput6360 = 6562.91
mu6361 = 3.4094
Etot6361 = 2.4244
cput6361 = 6563.95
mu6362 = 3.4093
Etot6362 = 2.4244
cput6362 = 6564.99
mu6363 = 3.4093
Etot6363 = 2.4243
cput6363 = 6566.02
mu6364 = 3.4092
Etot6364 = 2.4243
cput6364 = 6567.04
mu6365 = 3.4092
Etot6365 = 2.4243
cput6365 = 6568.07
mu6366 = 3.4091
Etot6366 = 2.4243
cput6366 = 6569.09
mu6367 = 3.4091
Etot6367 = 2.4243
cput6367 = 6570.12
mu6368 = 3.409
Etot6368 = 2.4242
cput6368 = 6571.15
mu6369 = 3.409
Etot6369 = 2.4242
cput6369 = 6572.18
mu6370 = 3.4089
Etot6370 = 2.4242
cput6370 = 6573.2
mu6371 = 3.4089
Etot6371 = 2.4242
cput6371 = 6574.24
mu6372 = 3.4088
Etot6372 = 2.4242
cput6372 = 6575.26
mu6373 = 3.4088
Etot6373 = 2.4241
cput6373 = 6576.28
mu6374 = 3.4087
Etot6374 = 2.4241
cput6374 = 6577.31
mu6375 = 3.4087
Etot6375 = 2.4241
cput6375 = 6578.34
mu6376 = 3.4086
Etot6376 = 2.4241
cput6376 = 6579.36
mu6377 = 3.4086
Etot6377 = 2.4241
cput6377 = 6580.39
mu6378 = 3.4085
Etot6378 = 2.424
cput6378 = 6581.41
mu6379 = 3.4085
Etot6379 = 2.424
cput6379 = 6582.43
mu6380 = 3.4084
Etot6380 = 2.424
cput6380 = 6583.45
mu6381 = 3.4084
Etot6381 = 2.424
cput6381 = 6584.47
mu6382 = 3.4083
Etot6382 = 2.4239
cput6382 = 6585.5
mu6383 = 3.4083
Etot6383 = 2.4239
cput6383 = 6586.53
mu6384 = 3.4082
Etot6384 = 2.4239
cput6384 = 6587.55
mu6385 = 3.4082
Etot6385 = 2.4239
cput6385 = 6588.57
mu6386 = 3.4081
Etot6386 = 2.4239
cput6386 = 6589.59
mu6387 = 3.4081
Etot6387 = 2.4238
cput6387 = 6590.61
mu6388 = 3.408
Etot6388 = 2.4238
cput6388 = 6591.63
mu6389 = 3.408
Etot6389 = 2.4238
cput6389 = 6592.66
mu6390 = 3.4079
Etot6390 = 2.4238
cput6390 = 6593.69
mu6391 = 3.4078
Etot6391 = 2.4238
cput6391 = 6594.7
mu6392 = 3.4078
Etot6392 = 2.4237
cput6392 = 6595.72
mu6393 = 3.4077
Etot6393 = 2.4237
cput6393 = 6596.74
mu6394 = 3.4077
Etot6394 = 2.4237
cput6394 = 6597.76
mu6395 = 3.4076
Etot6395 = 2.4237
cput6395 = 6598.79
mu6396 = 3.4076
Etot6396 = 2.4237
cput6396 = 6599.8
mu6397 = 3.4075
Etot6397 = 2.4236
cput6397 = 6600.82
mu6398 = 3.4075
Etot6398 = 2.4236
cput6398 = 6601.84
mu6399 = 3.4074
Etot6399 = 2.4236
cput6399 = 6602.86
mu6400 = 3.4074
Etot6400 = 2.4236
cput6400 = 6603.88
mu6401 = 3.4073
Etot6401 = 2.4235
cput6401 = 6604.9
mu6402 = 3.4073
Etot6402 = 2.4235
cput6402 = 6605.93
mu6403 = 3.4072
Etot6403 = 2.4235
cput6403 = 6606.95
mu6404 = 3.4072
Etot6404 = 2.4235
cput6404 = 6607.97
mu6405 = 3.4071
Etot6405 = 2.4235
cput6405 = 6609
mu6406 = 3.4071
Etot6406 = 2.4234
cput6406 = 6610.02
mu6407 = 3.407
Etot6407 = 2.4234
cput6407 = 6611.06
mu6408 = 3.407
Etot6408 = 2.4234
cput6408 = 6612.08
mu6409 = 3.4069
Etot6409 = 2.4234
cput6409 = 6613.11
mu6410 = 3.4069
Etot6410 = 2.4234
cput6410 = 6614.14
mu6411 = 3.4068
Etot6411 = 2.4233
cput6411 = 6615.17
mu6412 = 3.4068
Etot6412 = 2.4233
cput6412 = 6616.19
mu6413 = 3.4067
Etot6413 = 2.4233
cput6413 = 6617.22
mu6414 = 3.4066
Etot6414 = 2.4233
cput6414 = 6618.24
mu6415 = 3.4066
Etot6415 = 2.4232
cput6415 = 6619.26
mu6416 = 3.4065
Etot6416 = 2.4232
cput6416 = 6620.29
mu6417 = 3.4065
Etot6417 = 2.4232
cput6417 = 6621.3
mu6418 = 3.4064
Etot6418 = 2.4232
cput6418 = 6622.32
mu6419 = 3.4064
Etot6419 = 2.4232
cput6419 = 6623.35
mu6420 = 3.4063
Etot6420 = 2.4231
cput6420 = 6624.38
mu6421 = 3.4063
Etot6421 = 2.4231
cput6421 = 6625.4
mu6422 = 3.4062
Etot6422 = 2.4231
cput6422 = 6626.4
mu6423 = 3.4062
Etot6423 = 2.4231
cput6423 = 6627.41
mu6424 = 3.4061
Etot6424 = 2.4231
cput6424 = 6628.43
mu6425 = 3.4061
Etot6425 = 2.423
cput6425 = 6629.44
mu6426 = 3.406
Etot6426 = 2.423
cput6426 = 6630.47
mu6427 = 3.406
Etot6427 = 2.423
cput6427 = 6631.49
mu6428 = 3.4059
Etot6428 = 2.423
cput6428 = 6632.52
mu6429 = 3.4059
Etot6429 = 2.4229
cput6429 = 6633.54
mu6430 = 3.4058
Etot6430 = 2.4229
cput6430 = 6634.57
mu6431 = 3.4058
Etot6431 = 2.4229
cput6431 = 6635.59
mu6432 = 3.4057
Etot6432 = 2.4229
cput6432 = 6636.62
mu6433 = 3.4056
Etot6433 = 2.4229
cput6433 = 6637.65
mu6434 = 3.4056
Etot6434 = 2.4228
cput6434 = 6638.67
mu6435 = 3.4055
Etot6435 = 2.4228
cput6435 = 6639.7
mu6436 = 3.4055
Etot6436 = 2.4228
cput6436 = 6640.73
mu6437 = 3.4054
Etot6437 = 2.4228
cput6437 = 6641.76
mu6438 = 3.4054
Etot6438 = 2.4228
cput6438 = 6642.78
mu6439 = 3.4053
Etot6439 = 2.4227
cput6439 = 6643.8
mu6440 = 3.4053
Etot6440 = 2.4227
cput6440 = 6644.83
mu6441 = 3.4052
Etot6441 = 2.4227
cput6441 = 6645.85
mu6442 = 3.4052
Etot6442 = 2.4227
cput6442 = 6646.87
mu6443 = 3.4051
Etot6443 = 2.4226
cput6443 = 6647.9
mu6444 = 3.4051
Etot6444 = 2.4226
cput6444 = 6648.94
mu6445 = 3.405
Etot6445 = 2.4226
cput6445 = 6649.97
mu6446 = 3.405
Etot6446 = 2.4226
cput6446 = 6651
mu6447 = 3.4049
Etot6447 = 2.4226
cput6447 = 6652.03
mu6448 = 3.4049
Etot6448 = 2.4225
cput6448 = 6653.05
mu6449 = 3.4048
Etot6449 = 2.4225
cput6449 = 6654.07
mu6450 = 3.4047
Etot6450 = 2.4225
cput6450 = 6655.09
mu6451 = 3.4047
Etot6451 = 2.4225
cput6451 = 6656.12
mu6452 = 3.4046
Etot6452 = 2.4224
cput6452 = 6657.14
mu6453 = 3.4046
Etot6453 = 2.4224
cput6453 = 6658.16
mu6454 = 3.4045
Etot6454 = 2.4224
cput6454 = 6659.2
mu6455 = 3.4045
Etot6455 = 2.4224
cput6455 = 6660.24
mu6456 = 3.4044
Etot6456 = 2.4224
cput6456 = 6661.27
mu6457 = 3.4044
Etot6457 = 2.4223
cput6457 = 6662.3
mu6458 = 3.4043
Etot6458 = 2.4223
cput6458 = 6663.33
mu6459 = 3.4043
Etot6459 = 2.4223
cput6459 = 6664.33
mu6460 = 3.4042
Etot6460 = 2.4223
cput6460 = 6665.34
mu6461 = 3.4042
Etot6461 = 2.4223
cput6461 = 6666.36
mu6462 = 3.4041
Etot6462 = 2.4222
cput6462 = 6667.36
mu6463 = 3.4041
Etot6463 = 2.4222
cput6463 = 6668.37
mu6464 = 3.404
Etot6464 = 2.4222
cput6464 = 6669.38
mu6465 = 3.4039
Etot6465 = 2.4222
cput6465 = 6670.4
mu6466 = 3.4039
Etot6466 = 2.4221
cput6466 = 6671.42
mu6467 = 3.4038
Etot6467 = 2.4221
cput6467 = 6672.44
mu6468 = 3.4038
Etot6468 = 2.4221
cput6468 = 6673.46
mu6469 = 3.4037
Etot6469 = 2.4221
cput6469 = 6674.48
mu6470 = 3.4037
Etot6470 = 2.4221
cput6470 = 6675.49
mu6471 = 3.4036
Etot6471 = 2.422
cput6471 = 6676.51
mu6472 = 3.4036
Etot6472 = 2.422
cput6472 = 6677.54
mu6473 = 3.4035
Etot6473 = 2.422
cput6473 = 6678.58
mu6474 = 3.4035
Etot6474 = 2.422
cput6474 = 6679.6
mu6475 = 3.4034
Etot6475 = 2.4219
cput6475 = 6680.63
mu6476 = 3.4034
Etot6476 = 2.4219
cput6476 = 6681.65
mu6477 = 3.4033
Etot6477 = 2.4219
cput6477 = 6682.68
mu6478 = 3.4033
Etot6478 = 2.4219
cput6478 = 6683.7
mu6479 = 3.4032
Etot6479 = 2.4219
cput6479 = 6684.72
mu6480 = 3.4031
Etot6480 = 2.4218
cput6480 = 6685.75
mu6481 = 3.4031
Etot6481 = 2.4218
cput6481 = 6686.78
mu6482 = 3.403
Etot6482 = 2.4218
cput6482 = 6687.81
mu6483 = 3.403
Etot6483 = 2.4218
cput6483 = 6688.85
mu6484 = 3.4029
Etot6484 = 2.4217
cput6484 = 6689.88
mu6485 = 3.4029
Etot6485 = 2.4217
cput6485 = 6690.91
mu6486 = 3.4028
Etot6486 = 2.4217
cput6486 = 6691.94
mu6487 = 3.4028
Etot6487 = 2.4217
cput6487 = 6692.97
mu6488 = 3.4027
Etot6488 = 2.4217
cput6488 = 6694
mu6489 = 3.4027
Etot6489 = 2.4216
cput6489 = 6695.02
mu6490 = 3.4026
Etot6490 = 2.4216
cput6490 = 6696.05
mu6491 = 3.4025
Etot6491 = 2.4216
cput6491 = 6697.07
mu6492 = 3.4025
Etot6492 = 2.4216
cput6492 = 6698.09
mu6493 = 3.4024
Etot6493 = 2.4216
cput6493 = 6699.14
mu6494 = 3.4024
Etot6494 = 2.4215
cput6494 = 6700.18
mu6495 = 3.4023
Etot6495 = 2.4215
cput6495 = 6701.2
mu6496 = 3.4023
Etot6496 = 2.4215
cput6496 = 6702.22
mu6497 = 3.4022
Etot6497 = 2.4215
cput6497 = 6703.25
mu6498 = 3.4022
Etot6498 = 2.4214
cput6498 = 6704.28
mu6499 = 3.4021
Etot6499 = 2.4214
cput6499 = 6705.31
mu6500 = 3.4021
Etot6500 = 2.4214
cput6500 = 6706.33
mu6501 = 3.402
Etot6501 = 2.4214
cput6501 = 6707.35
mu6502 = 3.402
Etot6502 = 2.4214
cput6502 = 6708.38
mu6503 = 3.4019
Etot6503 = 2.4213
cput6503 = 6709.4
mu6504 = 3.4018
Etot6504 = 2.4213
cput6504 = 6710.43
mu6505 = 3.4018
Etot6505 = 2.4213
cput6505 = 6711.44
mu6506 = 3.4017
Etot6506 = 2.4213
cput6506 = 6712.46
mu6507 = 3.4017
Etot6507 = 2.4212
cput6507 = 6713.49
mu6508 = 3.4016
Etot6508 = 2.4212
cput6508 = 6714.51
mu6509 = 3.4016
Etot6509 = 2.4212
cput6509 = 6715.54
mu6510 = 3.4015
Etot6510 = 2.4212
cput6510 = 6716.57
mu6511 = 3.4015
Etot6511 = 2.4212
cput6511 = 6717.6
mu6512 = 3.4014
Etot6512 = 2.4211
cput6512 = 6718.63
mu6513 = 3.4014
Etot6513 = 2.4211
cput6513 = 6719.67
mu6514 = 3.4013
Etot6514 = 2.4211
cput6514 = 6720.69
mu6515 = 3.4012
Etot6515 = 2.4211
cput6515 = 6721.72
mu6516 = 3.4012
Etot6516 = 2.421
cput6516 = 6722.74
mu6517 = 3.4011
Etot6517 = 2.421
cput6517 = 6723.76
mu6518 = 3.4011
Etot6518 = 2.421
cput6518 = 6724.8
mu6519 = 3.401
Etot6519 = 2.421
cput6519 = 6725.82
mu6520 = 3.401
Etot6520 = 2.421
cput6520 = 6726.84
mu6521 = 3.4009
Etot6521 = 2.4209
cput6521 = 6727.86
mu6522 = 3.4009
Etot6522 = 2.4209
cput6522 = 6728.9
mu6523 = 3.4008
Etot6523 = 2.4209
cput6523 = 6729.93
mu6524 = 3.4008
Etot6524 = 2.4209
cput6524 = 6730.96
mu6525 = 3.4007
Etot6525 = 2.4208
cput6525 = 6731.99
mu6526 = 3.4006
Etot6526 = 2.4208
cput6526 = 6733.01
mu6527 = 3.4006
Etot6527 = 2.4208
cput6527 = 6734.03
mu6528 = 3.4005
Etot6528 = 2.4208
cput6528 = 6735.05
mu6529 = 3.4005
Etot6529 = 2.4208
cput6529 = 6736.07
mu6530 = 3.4004
Etot6530 = 2.4207
cput6530 = 6737.1
mu6531 = 3.4004
Etot6531 = 2.4207
cput6531 = 6738.13
mu6532 = 3.4003
Etot6532 = 2.4207
cput6532 = 6739.15
mu6533 = 3.4003
Etot6533 = 2.4207
cput6533 = 6740.17
mu6534 = 3.4002
Etot6534 = 2.4206
cput6534 = 6741.2
mu6535 = 3.4001
Etot6535 = 2.4206
cput6535 = 6742.21
mu6536 = 3.4001
Etot6536 = 2.4206
cput6536 = 6743.24
mu6537 = 3.4
Etot6537 = 2.4206
cput6537 = 6744.25
mu6538 = 3.4
Etot6538 = 2.4205
cput6538 = 6745.26
mu6539 = 3.3999
Etot6539 = 2.4205
cput6539 = 6746.27
mu6540 = 3.3999
Etot6540 = 2.4205
cput6540 = 6747.28
mu6541 = 3.3998
Etot6541 = 2.4205
cput6541 = 6748.3
mu6542 = 3.3998
Etot6542 = 2.4205
cput6542 = 6749.33
mu6543 = 3.3997
Etot6543 = 2.4204
cput6543 = 6750.32
mu6544 = 3.3997
Etot6544 = 2.4204
cput6544 = 6751.33
mu6545 = 3.3996
Etot6545 = 2.4204
cput6545 = 6752.33
mu6546 = 3.3995
Etot6546 = 2.4204
cput6546 = 6753.34
mu6547 = 3.3995
Etot6547 = 2.4203
cput6547 = 6754.35
mu6548 = 3.3994
Etot6548 = 2.4203
cput6548 = 6755.36
mu6549 = 3.3994
Etot6549 = 2.4203
cput6549 = 6756.36
mu6550 = 3.3993
Etot6550 = 2.4203
cput6550 = 6757.37
mu6551 = 3.3993
Etot6551 = 2.4203
cput6551 = 6758.39
mu6552 = 3.3992
Etot6552 = 2.4202
cput6552 = 6759.4
mu6553 = 3.3992
Etot6553 = 2.4202
cput6553 = 6760.4
mu6554 = 3.3991
Etot6554 = 2.4202
cput6554 = 6761.41
mu6555 = 3.399
Etot6555 = 2.4202
cput6555 = 6762.42
mu6556 = 3.399
Etot6556 = 2.4201
cput6556 = 6763.42
mu6557 = 3.3989
Etot6557 = 2.4201
cput6557 = 6764.43
mu6558 = 3.3989
Etot6558 = 2.4201
cput6558 = 6765.45
mu6559 = 3.3988
Etot6559 = 2.4201
cput6559 = 6766.46
mu6560 = 3.3988
Etot6560 = 2.4201
cput6560 = 6767.47
mu6561 = 3.3987
Etot6561 = 2.42
cput6561 = 6768.48
mu6562 = 3.3987
Etot6562 = 2.42
cput6562 = 6769.49
mu6563 = 3.3986
Etot6563 = 2.42
cput6563 = 6770.49
mu6564 = 3.3985
Etot6564 = 2.42
cput6564 = 6771.51
mu6565 = 3.3985
Etot6565 = 2.4199
cput6565 = 6772.52
mu6566 = 3.3984
Etot6566 = 2.4199
cput6566 = 6773.54
mu6567 = 3.3984
Etot6567 = 2.4199
cput6567 = 6774.56
mu6568 = 3.3983
Etot6568 = 2.4199
cput6568 = 6775.58
mu6569 = 3.3983
Etot6569 = 2.4198
cput6569 = 6776.59
mu6570 = 3.3982
Etot6570 = 2.4198
cput6570 = 6777.61
mu6571 = 3.3982
Etot6571 = 2.4198
cput6571 = 6778.63
mu6572 = 3.3981
Etot6572 = 2.4198
cput6572 = 6779.64
mu6573 = 3.398
Etot6573 = 2.4198
cput6573 = 6780.67
mu6574 = 3.398
Etot6574 = 2.4197
cput6574 = 6781.7
mu6575 = 3.3979
Etot6575 = 2.4197
cput6575 = 6782.73
mu6576 = 3.3979
Etot6576 = 2.4197
cput6576 = 6783.76
mu6577 = 3.3978
Etot6577 = 2.4197
cput6577 = 6784.78
mu6578 = 3.3978
Etot6578 = 2.4196
cput6578 = 6785.8
mu6579 = 3.3977
Etot6579 = 2.4196
cput6579 = 6786.82
mu6580 = 3.3976
Etot6580 = 2.4196
cput6580 = 6787.84
mu6581 = 3.3976
Etot6581 = 2.4196
cput6581 = 6788.86
mu6582 = 3.3975
Etot6582 = 2.4196
cput6582 = 6789.87
mu6583 = 3.3975
Etot6583 = 2.4195
cput6583 = 6790.89
mu6584 = 3.3974
Etot6584 = 2.4195
cput6584 = 6791.92
mu6585 = 3.3974
Etot6585 = 2.4195
cput6585 = 6792.94
mu6586 = 3.3973
Etot6586 = 2.4195
cput6586 = 6793.96
mu6587 = 3.3973
Etot6587 = 2.4194
cput6587 = 6794.97
mu6588 = 3.3972
Etot6588 = 2.4194
cput6588 = 6796
mu6589 = 3.3971
Etot6589 = 2.4194
cput6589 = 6797.02
mu6590 = 3.3971
Etot6590 = 2.4194
cput6590 = 6798.05
mu6591 = 3.397
Etot6591 = 2.4193
cput6591 = 6799.06
mu6592 = 3.397
Etot6592 = 2.4193
cput6592 = 6800.09
mu6593 = 3.3969
Etot6593 = 2.4193
cput6593 = 6801.12
mu6594 = 3.3969
Etot6594 = 2.4193
cput6594 = 6802.14
mu6595 = 3.3968
Etot6595 = 2.4193
cput6595 = 6803.16
mu6596 = 3.3967
Etot6596 = 2.4192
cput6596 = 6804.2
mu6597 = 3.3967
Etot6597 = 2.4192
cput6597 = 6805.24
mu6598 = 3.3966
Etot6598 = 2.4192
cput6598 = 6806.26
mu6599 = 3.3966
Etot6599 = 2.4192
cput6599 = 6807.28
mu6600 = 3.3965
Etot6600 = 2.4191
cput6600 = 6808.32
mu6601 = 3.3965
Etot6601 = 2.4191
cput6601 = 6809.35
mu6602 = 3.3964
Etot6602 = 2.4191
cput6602 = 6810.38
mu6603 = 3.3964
Etot6603 = 2.4191
cput6603 = 6811.41
mu6604 = 3.3963
Etot6604 = 2.419
cput6604 = 6812.44
mu6605 = 3.3962
Etot6605 = 2.419
cput6605 = 6813.49
mu6606 = 3.3962
Etot6606 = 2.419
cput6606 = 6814.51
mu6607 = 3.3961
Etot6607 = 2.419
cput6607 = 6815.54
mu6608 = 3.3961
Etot6608 = 2.419
cput6608 = 6816.57
mu6609 = 3.396
Etot6609 = 2.4189
cput6609 = 6817.59
mu6610 = 3.396
Etot6610 = 2.4189
cput6610 = 6818.62
mu6611 = 3.3959
Etot6611 = 2.4189
cput6611 = 6819.64
mu6612 = 3.3958
Etot6612 = 2.4189
cput6612 = 6820.66
mu6613 = 3.3958
Etot6613 = 2.4188
cput6613 = 6821.69
mu6614 = 3.3957
Etot6614 = 2.4188
cput6614 = 6822.72
mu6615 = 3.3957
Etot6615 = 2.4188
cput6615 = 6823.75
mu6616 = 3.3956
Etot6616 = 2.4188
cput6616 = 6824.79
mu6617 = 3.3956
Etot6617 = 2.4187
cput6617 = 6825.82
mu6618 = 3.3955
Etot6618 = 2.4187
cput6618 = 6826.86
mu6619 = 3.3954
Etot6619 = 2.4187
cput6619 = 6827.89
mu6620 = 3.3954
Etot6620 = 2.4187
cput6620 = 6828.92
mu6621 = 3.3953
Etot6621 = 2.4187
cput6621 = 6829.95
mu6622 = 3.3953
Etot6622 = 2.4186
cput6622 = 6830.98
mu6623 = 3.3952
Etot6623 = 2.4186
cput6623 = 6832.02
mu6624 = 3.3952
Etot6624 = 2.4186
cput6624 = 6833.05
mu6625 = 3.3951
Etot6625 = 2.4186
cput6625 = 6834.08
mu6626 = 3.395
Etot6626 = 2.4185
cput6626 = 6835.11
mu6627 = 3.395
Etot6627 = 2.4185
cput6627 = 6836.14
mu6628 = 3.3949
Etot6628 = 2.4185
cput6628 = 6837.18
mu6629 = 3.3949
Etot6629 = 2.4185
cput6629 = 6838.22
mu6630 = 3.3948
Etot6630 = 2.4184
cput6630 = 6839.25
mu6631 = 3.3948
Etot6631 = 2.4184
cput6631 = 6840.28
mu6632 = 3.3947
Etot6632 = 2.4184
cput6632 = 6841.3
mu6633 = 3.3946
Etot6633 = 2.4184
cput6633 = 6842.33
mu6634 = 3.3946
Etot6634 = 2.4184
cput6634 = 6843.36
mu6635 = 3.3945
Etot6635 = 2.4183
cput6635 = 6844.39
mu6636 = 3.3945
Etot6636 = 2.4183
cput6636 = 6845.41
mu6637 = 3.3944
Etot6637 = 2.4183
cput6637 = 6846.44
mu6638 = 3.3944
Etot6638 = 2.4183
cput6638 = 6847.47
mu6639 = 3.3943
Etot6639 = 2.4182
cput6639 = 6848.5
mu6640 = 3.3942
Etot6640 = 2.4182
cput6640 = 6849.53
mu6641 = 3.3942
Etot6641 = 2.4182
cput6641 = 6850.56
mu6642 = 3.3941
Etot6642 = 2.4182
cput6642 = 6851.6
mu6643 = 3.3941
Etot6643 = 2.4181
cput6643 = 6852.63
mu6644 = 3.394
Etot6644 = 2.4181
cput6644 = 6853.67
mu6645 = 3.394
Etot6645 = 2.4181
cput6645 = 6854.7
mu6646 = 3.3939
Etot6646 = 2.4181
cput6646 = 6855.73
mu6647 = 3.3938
Etot6647 = 2.418
cput6647 = 6856.76
mu6648 = 3.3938
Etot6648 = 2.418
cput6648 = 6857.79
mu6649 = 3.3937
Etot6649 = 2.418
cput6649 = 6858.82
mu6650 = 3.3937
Etot6650 = 2.418
cput6650 = 6859.85
mu6651 = 3.3936
Etot6651 = 2.418
cput6651 = 6860.89
mu6652 = 3.3936
Etot6652 = 2.4179
cput6652 = 6861.9
mu6653 = 3.3935
Etot6653 = 2.4179
cput6653 = 6862.93
mu6654 = 3.3934
Etot6654 = 2.4179
cput6654 = 6863.95
mu6655 = 3.3934
Etot6655 = 2.4179
cput6655 = 6864.97
mu6656 = 3.3933
Etot6656 = 2.4178
cput6656 = 6865.99
mu6657 = 3.3933
Etot6657 = 2.4178
cput6657 = 6867.03
mu6658 = 3.3932
Etot6658 = 2.4178
cput6658 = 6868.06
mu6659 = 3.3932
Etot6659 = 2.4178
cput6659 = 6869.08
mu6660 = 3.3931
Etot6660 = 2.4177
cput6660 = 6870.12
mu6661 = 3.393
Etot6661 = 2.4177
cput6661 = 6871.15
mu6662 = 3.393
Etot6662 = 2.4177
cput6662 = 6872.17
mu6663 = 3.3929
Etot6663 = 2.4177
cput6663 = 6873.2
mu6664 = 3.3929
Etot6664 = 2.4176
cput6664 = 6874.22
mu6665 = 3.3928
Etot6665 = 2.4176
cput6665 = 6875.26
mu6666 = 3.3927
Etot6666 = 2.4176
cput6666 = 6876.28
mu6667 = 3.3927
Etot6667 = 2.4176
cput6667 = 6877.31
mu6668 = 3.3926
Etot6668 = 2.4176
cput6668 = 6878.33
mu6669 = 3.3926
Etot6669 = 2.4175
cput6669 = 6879.35
mu6670 = 3.3925
Etot6670 = 2.4175
cput6670 = 6880.37
mu6671 = 3.3925
Etot6671 = 2.4175
cput6671 = 6881.39
mu6672 = 3.3924
Etot6672 = 2.4175
cput6672 = 6882.4
mu6673 = 3.3923
Etot6673 = 2.4174
cput6673 = 6883.41
mu6674 = 3.3923
Etot6674 = 2.4174
cput6674 = 6884.42
mu6675 = 3.3922
Etot6675 = 2.4174
cput6675 = 6885.43
mu6676 = 3.3922
Etot6676 = 2.4174
cput6676 = 6886.45
mu6677 = 3.3921
Etot6677 = 2.4173
cput6677 = 6887.48
mu6678 = 3.3921
Etot6678 = 2.4173
cput6678 = 6888.51
mu6679 = 3.392
Etot6679 = 2.4173
cput6679 = 6889.53
mu6680 = 3.3919
Etot6680 = 2.4173
cput6680 = 6890.56
mu6681 = 3.3919
Etot6681 = 2.4172
cput6681 = 6891.58
mu6682 = 3.3918
Etot6682 = 2.4172
cput6682 = 6892.6
mu6683 = 3.3918
Etot6683 = 2.4172
cput6683 = 6893.62
mu6684 = 3.3917
Etot6684 = 2.4172
cput6684 = 6894.65
mu6685 = 3.3916
Etot6685 = 2.4172
cput6685 = 6895.68
mu6686 = 3.3916
Etot6686 = 2.4171
cput6686 = 6896.72
mu6687 = 3.3915
Etot6687 = 2.4171
cput6687 = 6897.75
mu6688 = 3.3915
Etot6688 = 2.4171
cput6688 = 6898.77
mu6689 = 3.3914
Etot6689 = 2.4171
cput6689 = 6899.81
mu6690 = 3.3914
Etot6690 = 2.417
cput6690 = 6900.85
mu6691 = 3.3913
Etot6691 = 2.417
cput6691 = 6901.88
mu6692 = 3.3912
Etot6692 = 2.417
cput6692 = 6902.92
mu6693 = 3.3912
Etot6693 = 2.417
cput6693 = 6903.94
mu6694 = 3.3911
Etot6694 = 2.4169
cput6694 = 6904.97
mu6695 = 3.3911
Etot6695 = 2.4169
cput6695 = 6906
mu6696 = 3.391
Etot6696 = 2.4169
cput6696 = 6907.02
mu6697 = 3.3909
Etot6697 = 2.4169
cput6697 = 6908.05
mu6698 = 3.3909
Etot6698 = 2.4168
cput6698 = 6909.07
mu6699 = 3.3908
Etot6699 = 2.4168
cput6699 = 6910.09
mu6700 = 3.3908
Etot6700 = 2.4168
cput6700 = 6911.11
mu6701 = 3.3907
Etot6701 = 2.4168
cput6701 = 6912.13
mu6702 = 3.3906
Etot6702 = 2.4167
cput6702 = 6913.17
mu6703 = 3.3906
Etot6703 = 2.4167
cput6703 = 6914.19
mu6704 = 3.3905
Etot6704 = 2.4167
cput6704 = 6915.22
mu6705 = 3.3905
Etot6705 = 2.4167
cput6705 = 6916.26
mu6706 = 3.3904
Etot6706 = 2.4166
cput6706 = 6917.3
mu6707 = 3.3904
Etot6707 = 2.4166
cput6707 = 6918.33
mu6708 = 3.3903
Etot6708 = 2.4166
cput6708 = 6919.35
mu6709 = 3.3902
Etot6709 = 2.4166
cput6709 = 6920.37
mu6710 = 3.3902
Etot6710 = 2.4166
cput6710 = 6921.39
mu6711 = 3.3901
Etot6711 = 2.4165
cput6711 = 6922.42
mu6712 = 3.3901
Etot6712 = 2.4165
cput6712 = 6923.45
mu6713 = 3.39
Etot6713 = 2.4165
cput6713 = 6924.48
mu6714 = 3.3899
Etot6714 = 2.4165
cput6714 = 6925.49
mu6715 = 3.3899
Etot6715 = 2.4164
cput6715 = 6926.52
mu6716 = 3.3898
Etot6716 = 2.4164
cput6716 = 6927.55
mu6717 = 3.3898
Etot6717 = 2.4164
cput6717 = 6928.57
mu6718 = 3.3897
Etot6718 = 2.4164
cput6718 = 6929.59
mu6719 = 3.3896
Etot6719 = 2.4163
cput6719 = 6930.6
mu6720 = 3.3896
Etot6720 = 2.4163
cput6720 = 6931.62
mu6721 = 3.3895
Etot6721 = 2.4163
cput6721 = 6932.63
mu6722 = 3.3895
Etot6722 = 2.4163
cput6722 = 6933.65
mu6723 = 3.3894
Etot6723 = 2.4162
cput6723 = 6934.67
mu6724 = 3.3894
Etot6724 = 2.4162
cput6724 = 6935.7
mu6725 = 3.3893
Etot6725 = 2.4162
cput6725 = 6936.73
mu6726 = 3.3892
Etot6726 = 2.4162
cput6726 = 6937.76
mu6727 = 3.3892
Etot6727 = 2.4161
cput6727 = 6938.8
mu6728 = 3.3891
Etot6728 = 2.4161
cput6728 = 6939.84
mu6729 = 3.3891
Etot6729 = 2.4161
cput6729 = 6940.86
mu6730 = 3.389
Etot6730 = 2.4161
cput6730 = 6941.89
mu6731 = 3.3889
Etot6731 = 2.416
cput6731 = 6942.91
mu6732 = 3.3889
Etot6732 = 2.416
cput6732 = 6943.94
mu6733 = 3.3888
Etot6733 = 2.416
cput6733 = 6944.97
mu6734 = 3.3888
Etot6734 = 2.416
cput6734 = 6946.01
mu6735 = 3.3887
Etot6735 = 2.416
cput6735 = 6947.05
mu6736 = 3.3886
Etot6736 = 2.4159
cput6736 = 6948.08
mu6737 = 3.3886
Etot6737 = 2.4159
cput6737 = 6949.11
mu6738 = 3.3885
Etot6738 = 2.4159
cput6738 = 6950.14
mu6739 = 3.3885
Etot6739 = 2.4159
cput6739 = 6951.18
mu6740 = 3.3884
Etot6740 = 2.4158
cput6740 = 6952.22
mu6741 = 3.3883
Etot6741 = 2.4158
cput6741 = 6953.25
mu6742 = 3.3883
Etot6742 = 2.4158
cput6742 = 6954.29
mu6743 = 3.3882
Etot6743 = 2.4158
cput6743 = 6955.32
mu6744 = 3.3882
Etot6744 = 2.4157
cput6744 = 6956.35
mu6745 = 3.3881
Etot6745 = 2.4157
cput6745 = 6957.37
mu6746 = 3.388
Etot6746 = 2.4157
cput6746 = 6958.4
mu6747 = 3.388
Etot6747 = 2.4157
cput6747 = 6959.43
mu6748 = 3.3879
Etot6748 = 2.4156
cput6748 = 6960.46
mu6749 = 3.3879
Etot6749 = 2.4156
cput6749 = 6961.5
mu6750 = 3.3878
Etot6750 = 2.4156
cput6750 = 6962.54
mu6751 = 3.3877
Etot6751 = 2.4156
cput6751 = 6963.57
mu6752 = 3.3877
Etot6752 = 2.4155
cput6752 = 6964.61
mu6753 = 3.3876
Etot6753 = 2.4155
cput6753 = 6965.65
mu6754 = 3.3876
Etot6754 = 2.4155
cput6754 = 6966.68
mu6755 = 3.3875
Etot6755 = 2.4155
cput6755 = 6967.71
mu6756 = 3.3874
Etot6756 = 2.4154
cput6756 = 6968.75
mu6757 = 3.3874
Etot6757 = 2.4154
cput6757 = 6969.78
mu6758 = 3.3873
Etot6758 = 2.4154
cput6758 = 6970.8
mu6759 = 3.3873
Etot6759 = 2.4154
cput6759 = 6971.82
mu6760 = 3.3872
Etot6760 = 2.4153
cput6760 = 6972.84
mu6761 = 3.3871
Etot6761 = 2.4153
cput6761 = 6973.86
mu6762 = 3.3871
Etot6762 = 2.4153
cput6762 = 6974.88
mu6763 = 3.387
Etot6763 = 2.4153
cput6763 = 6975.89
mu6764 = 3.387
Etot6764 = 2.4152
cput6764 = 6976.92
mu6765 = 3.3869
Etot6765 = 2.4152
cput6765 = 6977.94
mu6766 = 3.3868
Etot6766 = 2.4152
cput6766 = 6978.96
mu6767 = 3.3868
Etot6767 = 2.4152
cput6767 = 6979.96
mu6768 = 3.3867
Etot6768 = 2.4151
cput6768 = 6980.98
mu6769 = 3.3867
Etot6769 = 2.4151
cput6769 = 6981.99
mu6770 = 3.3866
Etot6770 = 2.4151
cput6770 = 6983.01
mu6771 = 3.3865
Etot6771 = 2.4151
cput6771 = 6984.03
mu6772 = 3.3865
Etot6772 = 2.4151
cput6772 = 6985.04
mu6773 = 3.3864
Etot6773 = 2.415
cput6773 = 6986.06
mu6774 = 3.3864
Etot6774 = 2.415
cput6774 = 6987.07
mu6775 = 3.3863
Etot6775 = 2.415
cput6775 = 6988.09
mu6776 = 3.3862
Etot6776 = 2.415
cput6776 = 6989.12
mu6777 = 3.3862
Etot6777 = 2.4149
cput6777 = 6990.14
mu6778 = 3.3861
Etot6778 = 2.4149
cput6778 = 6991.17
mu6779 = 3.3861
Etot6779 = 2.4149
cput6779 = 6992.19
mu6780 = 3.386
Etot6780 = 2.4149
cput6780 = 6993.21
mu6781 = 3.3859
Etot6781 = 2.4148
cput6781 = 6994.23
mu6782 = 3.3859
Etot6782 = 2.4148
cput6782 = 6995.25
mu6783 = 3.3858
Etot6783 = 2.4148
cput6783 = 6996.29
mu6784 = 3.3858
Etot6784 = 2.4148
cput6784 = 6997.33
mu6785 = 3.3857
Etot6785 = 2.4147
cput6785 = 6998.36
mu6786 = 3.3856
Etot6786 = 2.4147
cput6786 = 6999.39
mu6787 = 3.3856
Etot6787 = 2.4147
cput6787 = 7000.43
mu6788 = 3.3855
Etot6788 = 2.4147
cput6788 = 7001.47
mu6789 = 3.3855
Etot6789 = 2.4146
cput6789 = 7002.49
mu6790 = 3.3854
Etot6790 = 2.4146
cput6790 = 7003.51
mu6791 = 3.3853
Etot6791 = 2.4146
cput6791 = 7004.54
mu6792 = 3.3853
Etot6792 = 2.4146
cput6792 = 7005.56
mu6793 = 3.3852
Etot6793 = 2.4145
cput6793 = 7006.58
mu6794 = 3.3852
Etot6794 = 2.4145
cput6794 = 7007.61
mu6795 = 3.3851
Etot6795 = 2.4145
cput6795 = 7008.63
mu6796 = 3.385
Etot6796 = 2.4145
cput6796 = 7009.66
mu6797 = 3.385
Etot6797 = 2.4144
cput6797 = 7010.68
mu6798 = 3.3849
Etot6798 = 2.4144
cput6798 = 7011.7
mu6799 = 3.3849
Etot6799 = 2.4144
cput6799 = 7012.73
mu6800 = 3.3848
Etot6800 = 2.4144
cput6800 = 7013.75
mu6801 = 3.3847
Etot6801 = 2.4143
cput6801 = 7014.77
mu6802 = 3.3847
Etot6802 = 2.4143
cput6802 = 7015.78
mu6803 = 3.3846
Etot6803 = 2.4143
cput6803 = 7016.8
mu6804 = 3.3845
Etot6804 = 2.4143
cput6804 = 7017.82
mu6805 = 3.3845
Etot6805 = 2.4142
cput6805 = 7018.84
mu6806 = 3.3844
Etot6806 = 2.4142
cput6806 = 7019.87
mu6807 = 3.3844
Etot6807 = 2.4142
cput6807 = 7020.9
mu6808 = 3.3843
Etot6808 = 2.4142
cput6808 = 7021.93
mu6809 = 3.3842
Etot6809 = 2.4141
cput6809 = 7022.96
mu6810 = 3.3842
Etot6810 = 2.4141
cput6810 = 7023.99
mu6811 = 3.3841
Etot6811 = 2.4141
cput6811 = 7025.03
mu6812 = 3.3841
Etot6812 = 2.4141
cput6812 = 7026.06
mu6813 = 3.384
Etot6813 = 2.414
cput6813 = 7027.08
mu6814 = 3.3839
Etot6814 = 2.414
cput6814 = 7028.1
mu6815 = 3.3839
Etot6815 = 2.414
cput6815 = 7029.12
mu6816 = 3.3838
Etot6816 = 2.414
cput6816 = 7030.15
mu6817 = 3.3838
Etot6817 = 2.4139
cput6817 = 7031.16
mu6818 = 3.3837
Etot6818 = 2.4139
cput6818 = 7032.17
mu6819 = 3.3836
Etot6819 = 2.4139
cput6819 = 7033.19
mu6820 = 3.3836
Etot6820 = 2.4139
cput6820 = 7034.21
mu6821 = 3.3835
Etot6821 = 2.4138
cput6821 = 7035.23
mu6822 = 3.3834
Etot6822 = 2.4138
cput6822 = 7036.24
mu6823 = 3.3834
Etot6823 = 2.4138
cput6823 = 7037.25
mu6824 = 3.3833
Etot6824 = 2.4138
cput6824 = 7038.26
mu6825 = 3.3833
Etot6825 = 2.4137
cput6825 = 7039.27
mu6826 = 3.3832
Etot6826 = 2.4137
cput6826 = 7040.29
mu6827 = 3.3831
Etot6827 = 2.4137
cput6827 = 7041.31
mu6828 = 3.3831
Etot6828 = 2.4137
cput6828 = 7042.33
mu6829 = 3.383
Etot6829 = 2.4136
cput6829 = 7043.33
mu6830 = 3.383
Etot6830 = 2.4136
cput6830 = 7044.34
mu6831 = 3.3829
Etot6831 = 2.4136
cput6831 = 7045.36
mu6832 = 3.3828
Etot6832 = 2.4136
cput6832 = 7046.39
mu6833 = 3.3828
Etot6833 = 2.4135
cput6833 = 7047.41
mu6834 = 3.3827
Etot6834 = 2.4135
cput6834 = 7048.42
mu6835 = 3.3826
Etot6835 = 2.4135
cput6835 = 7049.42
mu6836 = 3.3826
Etot6836 = 2.4135
cput6836 = 7050.42
mu6837 = 3.3825
Etot6837 = 2.4134
cput6837 = 7051.43
mu6838 = 3.3825
Etot6838 = 2.4134
cput6838 = 7052.45
mu6839 = 3.3824
Etot6839 = 2.4134
cput6839 = 7053.47
mu6840 = 3.3823
Etot6840 = 2.4134
cput6840 = 7054.49
mu6841 = 3.3823
Etot6841 = 2.4133
cput6841 = 7055.52
mu6842 = 3.3822
Etot6842 = 2.4133
cput6842 = 7056.54
mu6843 = 3.3822
Etot6843 = 2.4133
cput6843 = 7057.56
mu6844 = 3.3821
Etot6844 = 2.4133
cput6844 = 7058.57
mu6845 = 3.382
Etot6845 = 2.4132
cput6845 = 7059.6
mu6846 = 3.382
Etot6846 = 2.4132
cput6846 = 7060.62
mu6847 = 3.3819
Etot6847 = 2.4132
cput6847 = 7061.65
mu6848 = 3.3818
Etot6848 = 2.4132
cput6848 = 7062.67
mu6849 = 3.3818
Etot6849 = 2.4131
cput6849 = 7063.69
mu6850 = 3.3817
Etot6850 = 2.4131
cput6850 = 7064.71
mu6851 = 3.3817
Etot6851 = 2.4131
cput6851 = 7065.73
mu6852 = 3.3816
Etot6852 = 2.4131
cput6852 = 7066.76
mu6853 = 3.3815
Etot6853 = 2.413
cput6853 = 7067.79
mu6854 = 3.3815
Etot6854 = 2.413
cput6854 = 7068.83
mu6855 = 3.3814
Etot6855 = 2.413
cput6855 = 7069.86
mu6856 = 3.3813
Etot6856 = 2.413
cput6856 = 7070.88
mu6857 = 3.3813
Etot6857 = 2.4129
cput6857 = 7071.92
mu6858 = 3.3812
Etot6858 = 2.4129
cput6858 = 7072.96
mu6859 = 3.3812
Etot6859 = 2.4129
cput6859 = 7073.99
mu6860 = 3.3811
Etot6860 = 2.4129
cput6860 = 7075.02
mu6861 = 3.381
Etot6861 = 2.4128
cput6861 = 7076.05
mu6862 = 3.381
Etot6862 = 2.4128
cput6862 = 7077.07
mu6863 = 3.3809
Etot6863 = 2.4128
cput6863 = 7078.1
mu6864 = 3.3809
Etot6864 = 2.4128
cput6864 = 7079.12
mu6865 = 3.3808
Etot6865 = 2.4127
cput6865 = 7080.14
mu6866 = 3.3807
Etot6866 = 2.4127
cput6866 = 7081.16
mu6867 = 3.3807
Etot6867 = 2.4127
cput6867 = 7082.18
mu6868 = 3.3806
Etot6868 = 2.4127
cput6868 = 7083.21
mu6869 = 3.3805
Etot6869 = 2.4126
cput6869 = 7084.24
mu6870 = 3.3805
Etot6870 = 2.4126
cput6870 = 7085.27
mu6871 = 3.3804
Etot6871 = 2.4126
cput6871 = 7086.3
mu6872 = 3.3804
Etot6872 = 2.4126
cput6872 = 7087.33
mu6873 = 3.3803
Etot6873 = 2.4125
cput6873 = 7088.35
mu6874 = 3.3802
Etot6874 = 2.4125
cput6874 = 7089.37
mu6875 = 3.3802
Etot6875 = 2.4125
cput6875 = 7090.4
mu6876 = 3.3801
Etot6876 = 2.4125
cput6876 = 7091.42
mu6877 = 3.38
Etot6877 = 2.4124
cput6877 = 7092.45
mu6878 = 3.38
Etot6878 = 2.4124
cput6878 = 7093.48
mu6879 = 3.3799
Etot6879 = 2.4124
cput6879 = 7094.5
mu6880 = 3.3799
Etot6880 = 2.4124
cput6880 = 7095.53
mu6881 = 3.3798
Etot6881 = 2.4123
cput6881 = 7096.56
mu6882 = 3.3797
Etot6882 = 2.4123
cput6882 = 7097.58
mu6883 = 3.3797
Etot6883 = 2.4123
cput6883 = 7098.6
mu6884 = 3.3796
Etot6884 = 2.4123
cput6884 = 7099.62
mu6885 = 3.3795
Etot6885 = 2.4122
cput6885 = 7100.64
mu6886 = 3.3795
Etot6886 = 2.4122
cput6886 = 7101.66
mu6887 = 3.3794
Etot6887 = 2.4122
cput6887 = 7102.68
mu6888 = 3.3794
Etot6888 = 2.4121
cput6888 = 7103.69
mu6889 = 3.3793
Etot6889 = 2.4121
cput6889 = 7104.72
mu6890 = 3.3792
Etot6890 = 2.4121
cput6890 = 7105.74
mu6891 = 3.3792
Etot6891 = 2.4121
cput6891 = 7106.77
mu6892 = 3.3791
Etot6892 = 2.412
cput6892 = 7107.79
mu6893 = 3.379
Etot6893 = 2.412
cput6893 = 7108.81
mu6894 = 3.379
Etot6894 = 2.412
cput6894 = 7109.83
mu6895 = 3.3789
Etot6895 = 2.412
cput6895 = 7110.85
mu6896 = 3.3788
Etot6896 = 2.4119
cput6896 = 7111.88
mu6897 = 3.3788
Etot6897 = 2.4119
cput6897 = 7112.91
mu6898 = 3.3787
Etot6898 = 2.4119
cput6898 = 7113.94
mu6899 = 3.3787
Etot6899 = 2.4119
cput6899 = 7114.97
mu6900 = 3.3786
Etot6900 = 2.4118
cput6900 = 7116
mu6901 = 3.3785
Etot6901 = 2.4118
cput6901 = 7117.02
mu6902 = 3.3785
Etot6902 = 2.4118
cput6902 = 7118.04
mu6903 = 3.3784
Etot6903 = 2.4118
cput6903 = 7119.07
mu6904 = 3.3783
Etot6904 = 2.4117
cput6904 = 7120.1
mu6905 = 3.3783
Etot6905 = 2.4117
cput6905 = 7121.14
mu6906 = 3.3782
Etot6906 = 2.4117
cput6906 = 7122.16
mu6907 = 3.3782
Etot6907 = 2.4117
cput6907 = 7123.17
mu6908 = 3.3781
Etot6908 = 2.4116
cput6908 = 7124.18
mu6909 = 3.378
Etot6909 = 2.4116
cput6909 = 7125.2
mu6910 = 3.378
Etot6910 = 2.4116
cput6910 = 7126.22
mu6911 = 3.3779
Etot6911 = 2.4116
cput6911 = 7127.25
mu6912 = 3.3778
Etot6912 = 2.4115
cput6912 = 7128.27
mu6913 = 3.3778
Etot6913 = 2.4115
cput6913 = 7129.29
mu6914 = 3.3777
Etot6914 = 2.4115
cput6914 = 7130.31
mu6915 = 3.3777
Etot6915 = 2.4115
cput6915 = 7131.34
mu6916 = 3.3776
Etot6916 = 2.4114
cput6916 = 7132.36
mu6917 = 3.3775
Etot6917 = 2.4114
cput6917 = 7133.39
mu6918 = 3.3775
Etot6918 = 2.4114
cput6918 = 7134.42
mu6919 = 3.3774
Etot6919 = 2.4114
cput6919 = 7135.45
mu6920 = 3.3773
Etot6920 = 2.4113
cput6920 = 7136.49
mu6921 = 3.3773
Etot6921 = 2.4113
cput6921 = 7137.54
mu6922 = 3.3772
Etot6922 = 2.4113
cput6922 = 7138.57
mu6923 = 3.3771
Etot6923 = 2.4113
cput6923 = 7139.6
mu6924 = 3.3771
Etot6924 = 2.4112
cput6924 = 7140.62
mu6925 = 3.377
Etot6925 = 2.4112
cput6925 = 7141.63
mu6926 = 3.377
Etot6926 = 2.4112
cput6926 = 7142.65
mu6927 = 3.3769
Etot6927 = 2.4111
cput6927 = 7143.68
mu6928 = 3.3768
Etot6928 = 2.4111
cput6928 = 7144.7
mu6929 = 3.3768
Etot6929 = 2.4111
cput6929 = 7145.74
mu6930 = 3.3767
Etot6930 = 2.4111
cput6930 = 7146.77
mu6931 = 3.3766
Etot6931 = 2.411
cput6931 = 7147.81
mu6932 = 3.3766
Etot6932 = 2.411
cput6932 = 7148.85
mu6933 = 3.3765
Etot6933 = 2.411
cput6933 = 7149.88
mu6934 = 3.3764
Etot6934 = 2.411
cput6934 = 7150.91
mu6935 = 3.3764
Etot6935 = 2.4109
cput6935 = 7151.95
mu6936 = 3.3763
Etot6936 = 2.4109
cput6936 = 7152.99
mu6937 = 3.3763
Etot6937 = 2.4109
cput6937 = 7154.01
mu6938 = 3.3762
Etot6938 = 2.4109
cput6938 = 7155.03
mu6939 = 3.3761
Etot6939 = 2.4108
cput6939 = 7156.06
mu6940 = 3.3761
Etot6940 = 2.4108
cput6940 = 7157.09
mu6941 = 3.376
Etot6941 = 2.4108
cput6941 = 7158.12
mu6942 = 3.3759
Etot6942 = 2.4108
cput6942 = 7159.15
mu6943 = 3.3759
Etot6943 = 2.4107
cput6943 = 7160.18
mu6944 = 3.3758
Etot6944 = 2.4107
cput6944 = 7161.2
mu6945 = 3.3757
Etot6945 = 2.4107
cput6945 = 7162.22
mu6946 = 3.3757
Etot6946 = 2.4107
cput6946 = 7163.24
mu6947 = 3.3756
Etot6947 = 2.4106
cput6947 = 7164.27
mu6948 = 3.3755
Etot6948 = 2.4106
cput6948 = 7165.3
mu6949 = 3.3755
Etot6949 = 2.4106
cput6949 = 7166.33
mu6950 = 3.3754
Etot6950 = 2.4106
cput6950 = 7167.36
mu6951 = 3.3754
Etot6951 = 2.4105
cput6951 = 7168.39
mu6952 = 3.3753
Etot6952 = 2.4105
cput6952 = 7169.42
mu6953 = 3.3752
Etot6953 = 2.4105
cput6953 = 7170.45
mu6954 = 3.3752
Etot6954 = 2.4104
cput6954 = 7171.49
mu6955 = 3.3751
Etot6955 = 2.4104
cput6955 = 7172.53
mu6956 = 3.375
Etot6956 = 2.4104
cput6956 = 7173.53
mu6957 = 3.375
Etot6957 = 2.4104
cput6957 = 7174.53
mu6958 = 3.3749
Etot6958 = 2.4103
cput6958 = 7175.55
mu6959 = 3.3748
Etot6959 = 2.4103
cput6959 = 7176.55
mu6960 = 3.3748
Etot6960 = 2.4103
cput6960 = 7177.55
mu6961 = 3.3747
Etot6961 = 2.4103
cput6961 = 7178.56
mu6962 = 3.3747
Etot6962 = 2.4102
cput6962 = 7179.58
mu6963 = 3.3746
Etot6963 = 2.4102
cput6963 = 7180.59
mu6964 = 3.3745
Etot6964 = 2.4102
cput6964 = 7181.59
mu6965 = 3.3745
Etot6965 = 2.4102
cput6965 = 7182.6
mu6966 = 3.3744
Etot6966 = 2.4101
cput6966 = 7183.61
mu6967 = 3.3743
Etot6967 = 2.4101
cput6967 = 7184.62
mu6968 = 3.3743
Etot6968 = 2.4101
cput6968 = 7185.65
mu6969 = 3.3742
Etot6969 = 2.4101
cput6969 = 7186.66
mu6970 = 3.3741
Etot6970 = 2.41
cput6970 = 7187.67
mu6971 = 3.3741
Etot6971 = 2.41
cput6971 = 7188.7
mu6972 = 3.374
Etot6972 = 2.41
cput6972 = 7189.73
mu6973 = 3.3739
Etot6973 = 2.41
cput6973 = 7190.75
mu6974 = 3.3739
Etot6974 = 2.4099
cput6974 = 7191.77
mu6975 = 3.3738
Etot6975 = 2.4099
cput6975 = 7192.79
mu6976 = 3.3737
Etot6976 = 2.4099
cput6976 = 7193.82
mu6977 = 3.3737
Etot6977 = 2.4098
cput6977 = 7194.84
mu6978 = 3.3736
Etot6978 = 2.4098
cput6978 = 7195.85
mu6979 = 3.3736
Etot6979 = 2.4098
cput6979 = 7196.88
mu6980 = 3.3735
Etot6980 = 2.4098
cput6980 = 7197.91
mu6981 = 3.3734
Etot6981 = 2.4097
cput6981 = 7198.93
mu6982 = 3.3734
Etot6982 = 2.4097
cput6982 = 7199.96
mu6983 = 3.3733
Etot6983 = 2.4097
cput6983 = 7200.99
mu6984 = 3.3732
Etot6984 = 2.4097
cput6984 = 7202.01
mu6985 = 3.3732
Etot6985 = 2.4096
cput6985 = 7203.04
mu6986 = 3.3731
Etot6986 = 2.4096
cput6986 = 7204.06
mu6987 = 3.373
Etot6987 = 2.4096
cput6987 = 7205.08
mu6988 = 3.373
Etot6988 = 2.4096
cput6988 = 7206.11
mu6989 = 3.3729
Etot6989 = 2.4095
cput6989 = 7207.13
mu6990 = 3.3728
Etot6990 = 2.4095
cput6990 = 7208.16
mu6991 = 3.3728
Etot6991 = 2.4095
cput6991 = 7209.18
mu6992 = 3.3727
Etot6992 = 2.4095
cput6992 = 7210.21
mu6993 = 3.3726
Etot6993 = 2.4094
cput6993 = 7211.22
mu6994 = 3.3726
Etot6994 = 2.4094
cput6994 = 7212.23
mu6995 = 3.3725
Etot6995 = 2.4094
cput6995 = 7213.25
mu6996 = 3.3725
Etot6996 = 2.4093
cput6996 = 7214.27
mu6997 = 3.3724
Etot6997 = 2.4093
cput6997 = 7215.29
mu6998 = 3.3723
Etot6998 = 2.4093
cput6998 = 7216.31
mu6999 = 3.3723
Etot6999 = 2.4093
cput6999 = 7217.33
mu7000 = 3.3722
Etot7000 = 2.4092
cput7000 = 7218.36
mu7001 = 3.3721
Etot7001 = 2.4092
cput7001 = 7219.38
mu7002 = 3.3721
Etot7002 = 2.4092
cput7002 = 7220.41
mu7003 = 3.372
Etot7003 = 2.4092
cput7003 = 7221.42
mu7004 = 3.3719
Etot7004 = 2.4091
cput7004 = 7222.44
mu7005 = 3.3719
Etot7005 = 2.4091
cput7005 = 7223.46
mu7006 = 3.3718
Etot7006 = 2.4091
cput7006 = 7224.48
mu7007 = 3.3717
Etot7007 = 2.4091
cput7007 = 7225.48
mu7008 = 3.3717
Etot7008 = 2.409
cput7008 = 7226.5
mu7009 = 3.3716
Etot7009 = 2.409
cput7009 = 7227.51
mu7010 = 3.3715
Etot7010 = 2.409
cput7010 = 7228.52
mu7011 = 3.3715
Etot7011 = 2.409
cput7011 = 7229.54
mu7012 = 3.3714
Etot7012 = 2.4089
cput7012 = 7230.57
mu7013 = 3.3713
Etot7013 = 2.4089
cput7013 = 7231.58
mu7014 = 3.3713
Etot7014 = 2.4089
cput7014 = 7232.6
mu7015 = 3.3712
Etot7015 = 2.4088
cput7015 = 7233.63
mu7016 = 3.3711
Etot7016 = 2.4088
cput7016 = 7234.66
mu7017 = 3.3711
Etot7017 = 2.4088
cput7017 = 7235.68
mu7018 = 3.371
Etot7018 = 2.4088
cput7018 = 7236.71
mu7019 = 3.371
Etot7019 = 2.4087
cput7019 = 7237.74
mu7020 = 3.3709
Etot7020 = 2.4087
cput7020 = 7238.78
mu7021 = 3.3708
Etot7021 = 2.4087
cput7021 = 7239.82
mu7022 = 3.3708
Etot7022 = 2.4087
cput7022 = 7240.86
mu7023 = 3.3707
Etot7023 = 2.4086
cput7023 = 7241.89
mu7024 = 3.3706
Etot7024 = 2.4086
cput7024 = 7242.91
mu7025 = 3.3706
Etot7025 = 2.4086
cput7025 = 7243.94
mu7026 = 3.3705
Etot7026 = 2.4086
cput7026 = 7244.96
mu7027 = 3.3704
Etot7027 = 2.4085
cput7027 = 7246
mu7028 = 3.3704
Etot7028 = 2.4085
cput7028 = 7247.01
mu7029 = 3.3703
Etot7029 = 2.4085
cput7029 = 7248.02
mu7030 = 3.3702
Etot7030 = 2.4084
cput7030 = 7249.03
mu7031 = 3.3702
Etot7031 = 2.4084
cput7031 = 7250.05
mu7032 = 3.3701
Etot7032 = 2.4084
cput7032 = 7251.08
mu7033 = 3.37
Etot7033 = 2.4084
cput7033 = 7252.1
mu7034 = 3.37
Etot7034 = 2.4083
cput7034 = 7253.12
mu7035 = 3.3699
Etot7035 = 2.4083
cput7035 = 7254.15
mu7036 = 3.3698
Etot7036 = 2.4083
cput7036 = 7255.18
mu7037 = 3.3698
Etot7037 = 2.4083
cput7037 = 7256.19
mu7038 = 3.3697
Etot7038 = 2.4082
cput7038 = 7257.22
mu7039 = 3.3696
Etot7039 = 2.4082
cput7039 = 7258.25
mu7040 = 3.3696
Etot7040 = 2.4082
cput7040 = 7259.26
mu7041 = 3.3695
Etot7041 = 2.4082
cput7041 = 7260.27
mu7042 = 3.3694
Etot7042 = 2.4081
cput7042 = 7261.27
mu7043 = 3.3694
Etot7043 = 2.4081
cput7043 = 7262.28
mu7044 = 3.3693
Etot7044 = 2.4081
cput7044 = 7263.29
mu7045 = 3.3692
Etot7045 = 2.408
cput7045 = 7264.31
mu7046 = 3.3692
Etot7046 = 2.408
cput7046 = 7265.31
mu7047 = 3.3691
Etot7047 = 2.408
cput7047 = 7266.31
mu7048 = 3.369
Etot7048 = 2.408
cput7048 = 7267.33
mu7049 = 3.369
Etot7049 = 2.4079
cput7049 = 7268.33
mu7050 = 3.3689
Etot7050 = 2.4079
cput7050 = 7269.34
mu7051 = 3.3688
Etot7051 = 2.4079
cput7051 = 7270.35
mu7052 = 3.3688
Etot7052 = 2.4079
cput7052 = 7271.37
mu7053 = 3.3687
Etot7053 = 2.4078
cput7053 = 7272.4
mu7054 = 3.3686
Etot7054 = 2.4078
cput7054 = 7273.42
mu7055 = 3.3686
Etot7055 = 2.4078
cput7055 = 7274.45
mu7056 = 3.3685
Etot7056 = 2.4077
cput7056 = 7275.47
mu7057 = 3.3684
Etot7057 = 2.4077
cput7057 = 7276.49
mu7058 = 3.3684
Etot7058 = 2.4077
cput7058 = 7277.53
mu7059 = 3.3683
Etot7059 = 2.4077
cput7059 = 7278.56
mu7060 = 3.3683
Etot7060 = 2.4076
cput7060 = 7279.59
mu7061 = 3.3682
Etot7061 = 2.4076
cput7061 = 7280.62
mu7062 = 3.3681
Etot7062 = 2.4076
cput7062 = 7281.64
mu7063 = 3.3681
Etot7063 = 2.4076
cput7063 = 7282.66
mu7064 = 3.368
Etot7064 = 2.4075
cput7064 = 7283.68
mu7065 = 3.3679
Etot7065 = 2.4075
cput7065 = 7284.7
mu7066 = 3.3679
Etot7066 = 2.4075
cput7066 = 7285.71
mu7067 = 3.3678
Etot7067 = 2.4075
cput7067 = 7286.72
mu7068 = 3.3677
Etot7068 = 2.4074
cput7068 = 7287.73
mu7069 = 3.3677
Etot7069 = 2.4074
cput7069 = 7288.75
mu7070 = 3.3676
Etot7070 = 2.4074
cput7070 = 7289.76
mu7071 = 3.3675
Etot7071 = 2.4073
cput7071 = 7290.78
mu7072 = 3.3675
Etot7072 = 2.4073
cput7072 = 7291.81
mu7073 = 3.3674
Etot7073 = 2.4073
cput7073 = 7292.83
mu7074 = 3.3673
Etot7074 = 2.4073
cput7074 = 7293.85
mu7075 = 3.3673
Etot7075 = 2.4072
cput7075 = 7294.86
mu7076 = 3.3672
Etot7076 = 2.4072
cput7076 = 7295.87
mu7077 = 3.3671
Etot7077 = 2.4072
cput7077 = 7296.89
mu7078 = 3.3671
Etot7078 = 2.4072
cput7078 = 7297.91
mu7079 = 3.367
Etot7079 = 2.4071
cput7079 = 7298.92
mu7080 = 3.3669
Etot7080 = 2.4071
cput7080 = 7299.94
mu7081 = 3.3669
Etot7081 = 2.4071
cput7081 = 7300.96
mu7082 = 3.3668
Etot7082 = 2.407
cput7082 = 7301.98
mu7083 = 3.3667
Etot7083 = 2.407
cput7083 = 7303.01
mu7084 = 3.3667
Etot7084 = 2.407
cput7084 = 7304.03
mu7085 = 3.3666
Etot7085 = 2.407
cput7085 = 7305.05
mu7086 = 3.3665
Etot7086 = 2.4069
cput7086 = 7306.08
mu7087 = 3.3665
Etot7087 = 2.4069
cput7087 = 7307.11
mu7088 = 3.3664
Etot7088 = 2.4069
cput7088 = 7308.14
mu7089 = 3.3663
Etot7089 = 2.4069
cput7089 = 7309.17
mu7090 = 3.3663
Etot7090 = 2.4068
cput7090 = 7310.2
mu7091 = 3.3662
Etot7091 = 2.4068
cput7091 = 7311.24
mu7092 = 3.3661
Etot7092 = 2.4068
cput7092 = 7312.26
mu7093 = 3.3661
Etot7093 = 2.4067
cput7093 = 7313.28
mu7094 = 3.366
Etot7094 = 2.4067
cput7094 = 7314.29
mu7095 = 3.3659
Etot7095 = 2.4067
cput7095 = 7315.3
mu7096 = 3.3659
Etot7096 = 2.4067
cput7096 = 7316.33
mu7097 = 3.3658
Etot7097 = 2.4066
cput7097 = 7317.35
mu7098 = 3.3657
Etot7098 = 2.4066
cput7098 = 7318.37
mu7099 = 3.3656
Etot7099 = 2.4066
cput7099 = 7319.4
mu7100 = 3.3656
Etot7100 = 2.4066
cput7100 = 7320.42
mu7101 = 3.3655
Etot7101 = 2.4065
cput7101 = 7321.44
mu7102 = 3.3654
Etot7102 = 2.4065
cput7102 = 7322.45
mu7103 = 3.3654
Etot7103 = 2.4065
cput7103 = 7323.46
mu7104 = 3.3653
Etot7104 = 2.4064
cput7104 = 7324.47
mu7105 = 3.3652
Etot7105 = 2.4064
cput7105 = 7325.49
mu7106 = 3.3652
Etot7106 = 2.4064
cput7106 = 7326.51
mu7107 = 3.3651
Etot7107 = 2.4064
cput7107 = 7327.53
mu7108 = 3.365
Etot7108 = 2.4063
cput7108 = 7328.55
mu7109 = 3.365
Etot7109 = 2.4063
cput7109 = 7329.58
mu7110 = 3.3649
Etot7110 = 2.4063
cput7110 = 7330.6
mu7111 = 3.3648
Etot7111 = 2.4063
cput7111 = 7331.61
mu7112 = 3.3648
Etot7112 = 2.4062
cput7112 = 7332.63
mu7113 = 3.3647
Etot7113 = 2.4062
cput7113 = 7333.64
mu7114 = 3.3646
Etot7114 = 2.4062
cput7114 = 7334.66
mu7115 = 3.3646
Etot7115 = 2.4061
cput7115 = 7335.68
mu7116 = 3.3645
Etot7116 = 2.4061
cput7116 = 7336.68
mu7117 = 3.3644
Etot7117 = 2.4061
cput7117 = 7337.7
mu7118 = 3.3644
Etot7118 = 2.4061
cput7118 = 7338.71
mu7119 = 3.3643
Etot7119 = 2.406
cput7119 = 7339.72
mu7120 = 3.3642
Etot7120 = 2.406
cput7120 = 7340.74
mu7121 = 3.3642
Etot7121 = 2.406
cput7121 = 7341.76
mu7122 = 3.3641
Etot7122 = 2.406
cput7122 = 7342.78
mu7123 = 3.364
Etot7123 = 2.4059
cput7123 = 7343.78
mu7124 = 3.364
Etot7124 = 2.4059
cput7124 = 7344.8
mu7125 = 3.3639
Etot7125 = 2.4059
cput7125 = 7345.83
mu7126 = 3.3638
Etot7126 = 2.4058
cput7126 = 7346.85
mu7127 = 3.3638
Etot7127 = 2.4058
cput7127 = 7347.86
mu7128 = 3.3637
Etot7128 = 2.4058
cput7128 = 7348.89
mu7129 = 3.3636
Etot7129 = 2.4058
cput7129 = 7349.91
mu7130 = 3.3636
Etot7130 = 2.4057
cput7130 = 7350.93
mu7131 = 3.3635
Etot7131 = 2.4057
cput7131 = 7351.94
mu7132 = 3.3634
Etot7132 = 2.4057
cput7132 = 7352.95
mu7133 = 3.3634
Etot7133 = 2.4057
cput7133 = 7353.97
mu7134 = 3.3633
Etot7134 = 2.4056
cput7134 = 7354.99
mu7135 = 3.3632
Etot7135 = 2.4056
cput7135 = 7356.02
mu7136 = 3.3632
Etot7136 = 2.4056
cput7136 = 7357.05
mu7137 = 3.3631
Etot7137 = 2.4055
cput7137 = 7358.08
mu7138 = 3.363
Etot7138 = 2.4055
cput7138 = 7359.11
mu7139 = 3.3629
Etot7139 = 2.4055
cput7139 = 7360.14
mu7140 = 3.3629
Etot7140 = 2.4055
cput7140 = 7361.16
mu7141 = 3.3628
Etot7141 = 2.4054
cput7141 = 7362.18
mu7142 = 3.3627
Etot7142 = 2.4054
cput7142 = 7363.21
mu7143 = 3.3627
Etot7143 = 2.4054
cput7143 = 7364.24
mu7144 = 3.3626
Etot7144 = 2.4054
cput7144 = 7365.27
mu7145 = 3.3625
Etot7145 = 2.4053
cput7145 = 7366.3
mu7146 = 3.3625
Etot7146 = 2.4053
cput7146 = 7367.33
mu7147 = 3.3624
Etot7147 = 2.4053
cput7147 = 7368.36
mu7148 = 3.3623
Etot7148 = 2.4052
cput7148 = 7369.39
mu7149 = 3.3623
Etot7149 = 2.4052
cput7149 = 7370.42
mu7150 = 3.3622
Etot7150 = 2.4052
cput7150 = 7371.45
mu7151 = 3.3621
Etot7151 = 2.4052
cput7151 = 7372.47
mu7152 = 3.3621
Etot7152 = 2.4051
cput7152 = 7373.49
mu7153 = 3.362
Etot7153 = 2.4051
cput7153 = 7374.51
mu7154 = 3.3619
Etot7154 = 2.4051
cput7154 = 7375.54
mu7155 = 3.3619
Etot7155 = 2.4051
cput7155 = 7376.56
mu7156 = 3.3618
Etot7156 = 2.405
cput7156 = 7377.59
mu7157 = 3.3617
Etot7157 = 2.405
cput7157 = 7378.63
mu7158 = 3.3617
Etot7158 = 2.405
cput7158 = 7379.67
mu7159 = 3.3616
Etot7159 = 2.4049
cput7159 = 7380.69
mu7160 = 3.3615
Etot7160 = 2.4049
cput7160 = 7381.71
mu7161 = 3.3615
Etot7161 = 2.4049
cput7161 = 7382.74
mu7162 = 3.3614
Etot7162 = 2.4049
cput7162 = 7383.77
mu7163 = 3.3613
Etot7163 = 2.4048
cput7163 = 7384.8
mu7164 = 3.3612
Etot7164 = 2.4048
cput7164 = 7385.83
mu7165 = 3.3612
Etot7165 = 2.4048
cput7165 = 7386.86
mu7166 = 3.3611
Etot7166 = 2.4047
cput7166 = 7387.9
mu7167 = 3.361
Etot7167 = 2.4047
cput7167 = 7388.93
mu7168 = 3.361
Etot7168 = 2.4047
cput7168 = 7389.95
mu7169 = 3.3609
Etot7169 = 2.4047
cput7169 = 7390.98
mu7170 = 3.3608
Etot7170 = 2.4046
cput7170 = 7392.01
mu7171 = 3.3608
Etot7171 = 2.4046
cput7171 = 7393.03
mu7172 = 3.3607
Etot7172 = 2.4046
cput7172 = 7394.05
mu7173 = 3.3606
Etot7173 = 2.4046
cput7173 = 7395.06
mu7174 = 3.3606
Etot7174 = 2.4045
cput7174 = 7396.08
mu7175 = 3.3605
Etot7175 = 2.4045
cput7175 = 7397.1
mu7176 = 3.3604
Etot7176 = 2.4045
cput7176 = 7398.12
mu7177 = 3.3604
Etot7177 = 2.4044
cput7177 = 7399.16
mu7178 = 3.3603
Etot7178 = 2.4044
cput7178 = 7400.19
mu7179 = 3.3602
Etot7179 = 2.4044
cput7179 = 7401.22
mu7180 = 3.3602
Etot7180 = 2.4044
cput7180 = 7402.26
mu7181 = 3.3601
Etot7181 = 2.4043
cput7181 = 7403.29
mu7182 = 3.36
Etot7182 = 2.4043
cput7182 = 7404.32
mu7183 = 3.3599
Etot7183 = 2.4043
cput7183 = 7405.34
mu7184 = 3.3599
Etot7184 = 2.4042
cput7184 = 7406.37
mu7185 = 3.3598
Etot7185 = 2.4042
cput7185 = 7407.39
mu7186 = 3.3597
Etot7186 = 2.4042
cput7186 = 7408.43
mu7187 = 3.3597
Etot7187 = 2.4042
cput7187 = 7409.46
mu7188 = 3.3596
Etot7188 = 2.4041
cput7188 = 7410.48
mu7189 = 3.3595
Etot7189 = 2.4041
cput7189 = 7411.51
mu7190 = 3.3595
Etot7190 = 2.4041
cput7190 = 7412.53
mu7191 = 3.3594
Etot7191 = 2.4041
cput7191 = 7413.57
mu7192 = 3.3593
Etot7192 = 2.404
cput7192 = 7414.6
mu7193 = 3.3593
Etot7193 = 2.404
cput7193 = 7415.62
mu7194 = 3.3592
Etot7194 = 2.404
cput7194 = 7416.64
mu7195 = 3.3591
Etot7195 = 2.4039
cput7195 = 7417.67
mu7196 = 3.359
Etot7196 = 2.4039
cput7196 = 7418.69
mu7197 = 3.359
Etot7197 = 2.4039
cput7197 = 7419.7
mu7198 = 3.3589
Etot7198 = 2.4039
cput7198 = 7420.71
mu7199 = 3.3588
Etot7199 = 2.4038
cput7199 = 7421.71
mu7200 = 3.3588
Etot7200 = 2.4038
cput7200 = 7422.73
mu7201 = 3.3587
Etot7201 = 2.4038
cput7201 = 7423.77
mu7202 = 3.3586
Etot7202 = 2.4037
cput7202 = 7424.8
mu7203 = 3.3586
Etot7203 = 2.4037
cput7203 = 7425.84
mu7204 = 3.3585
Etot7204 = 2.4037
cput7204 = 7426.87
mu7205 = 3.3584
Etot7205 = 2.4037
cput7205 = 7427.9
mu7206 = 3.3584
Etot7206 = 2.4036
cput7206 = 7428.93
mu7207 = 3.3583
Etot7207 = 2.4036
cput7207 = 7429.96
mu7208 = 3.3582
Etot7208 = 2.4036
cput7208 = 7430.99
mu7209 = 3.3582
Etot7209 = 2.4035
cput7209 = 7432.01
mu7210 = 3.3581
Etot7210 = 2.4035
cput7210 = 7433.04
mu7211 = 3.358
Etot7211 = 2.4035
cput7211 = 7434.07
mu7212 = 3.3579
Etot7212 = 2.4035
cput7212 = 7435.11
mu7213 = 3.3579
Etot7213 = 2.4034
cput7213 = 7436.14
mu7214 = 3.3578
Etot7214 = 2.4034
cput7214 = 7437.18
mu7215 = 3.3577
Etot7215 = 2.4034
cput7215 = 7438.2
mu7216 = 3.3577
Etot7216 = 2.4034
cput7216 = 7439.22
mu7217 = 3.3576
Etot7217 = 2.4033
cput7217 = 7440.25
mu7218 = 3.3575
Etot7218 = 2.4033
cput7218 = 7441.28
mu7219 = 3.3575
Etot7219 = 2.4033
cput7219 = 7442.3
mu7220 = 3.3574
Etot7220 = 2.4032
cput7220 = 7443.33
mu7221 = 3.3573
Etot7221 = 2.4032
cput7221 = 7444.36
mu7222 = 3.3572
Etot7222 = 2.4032
cput7222 = 7445.39
mu7223 = 3.3572
Etot7223 = 2.4032
cput7223 = 7446.43
mu7224 = 3.3571
Etot7224 = 2.4031
cput7224 = 7447.45
mu7225 = 3.357
Etot7225 = 2.4031
cput7225 = 7448.48
mu7226 = 3.357
Etot7226 = 2.4031
cput7226 = 7449.5
mu7227 = 3.3569
Etot7227 = 2.403
cput7227 = 7450.52
mu7228 = 3.3568
Etot7228 = 2.403
cput7228 = 7451.55
mu7229 = 3.3568
Etot7229 = 2.403
cput7229 = 7452.57
mu7230 = 3.3567
Etot7230 = 2.403
cput7230 = 7453.6
mu7231 = 3.3566
Etot7231 = 2.4029
cput7231 = 7454.62
mu7232 = 3.3566
Etot7232 = 2.4029
cput7232 = 7455.64
mu7233 = 3.3565
Etot7233 = 2.4029
cput7233 = 7456.67
mu7234 = 3.3564
Etot7234 = 2.4028
cput7234 = 7457.7
mu7235 = 3.3563
Etot7235 = 2.4028
cput7235 = 7458.72
mu7236 = 3.3563
Etot7236 = 2.4028
cput7236 = 7459.75
mu7237 = 3.3562
Etot7237 = 2.4028
cput7237 = 7460.77
mu7238 = 3.3561
Etot7238 = 2.4027
cput7238 = 7461.81
mu7239 = 3.3561
Etot7239 = 2.4027
cput7239 = 7462.82
mu7240 = 3.356
Etot7240 = 2.4027
cput7240 = 7463.83
mu7241 = 3.3559
Etot7241 = 2.4026
cput7241 = 7464.85
mu7242 = 3.3559
Etot7242 = 2.4026
cput7242 = 7465.87
mu7243 = 3.3558
Etot7243 = 2.4026
cput7243 = 7466.89
mu7244 = 3.3557
Etot7244 = 2.4026
cput7244 = 7467.91
mu7245 = 3.3556
Etot7245 = 2.4025
cput7245 = 7468.93
mu7246 = 3.3556
Etot7246 = 2.4025
cput7246 = 7469.96
mu7247 = 3.3555
Etot7247 = 2.4025
cput7247 = 7470.98
mu7248 = 3.3554
Etot7248 = 2.4024
cput7248 = 7472
mu7249 = 3.3554
Etot7249 = 2.4024
cput7249 = 7473.02
mu7250 = 3.3553
Etot7250 = 2.4024
cput7250 = 7474.05
mu7251 = 3.3552
Etot7251 = 2.4024
cput7251 = 7475.07
mu7252 = 3.3552
Etot7252 = 2.4023
cput7252 = 7476.09
mu7253 = 3.3551
Etot7253 = 2.4023
cput7253 = 7477.12
mu7254 = 3.355
Etot7254 = 2.4023
cput7254 = 7478.13
mu7255 = 3.3549
Etot7255 = 2.4022
cput7255 = 7479.15
mu7256 = 3.3549
Etot7256 = 2.4022
cput7256 = 7480.17
mu7257 = 3.3548
Etot7257 = 2.4022
cput7257 = 7481.2
mu7258 = 3.3547
Etot7258 = 2.4022
cput7258 = 7482.22
mu7259 = 3.3547
Etot7259 = 2.4021
cput7259 = 7483.25
mu7260 = 3.3546
Etot7260 = 2.4021
cput7260 = 7484.27
mu7261 = 3.3545
Etot7261 = 2.4021
cput7261 = 7485.29
mu7262 = 3.3545
Etot7262 = 2.4021
cput7262 = 7486.31
mu7263 = 3.3544
Etot7263 = 2.402
cput7263 = 7487.33
mu7264 = 3.3543
Etot7264 = 2.402
cput7264 = 7488.34
mu7265 = 3.3542
Etot7265 = 2.402
cput7265 = 7489.36
mu7266 = 3.3542
Etot7266 = 2.4019
cput7266 = 7490.37
mu7267 = 3.3541
Etot7267 = 2.4019
cput7267 = 7491.38
mu7268 = 3.354
Etot7268 = 2.4019
cput7268 = 7492.4
mu7269 = 3.354
Etot7269 = 2.4019
cput7269 = 7493.42
mu7270 = 3.3539
Etot7270 = 2.4018
cput7270 = 7494.44
mu7271 = 3.3538
Etot7271 = 2.4018
cput7271 = 7495.47
mu7272 = 3.3538
Etot7272 = 2.4018
cput7272 = 7496.51
mu7273 = 3.3537
Etot7273 = 2.4017
cput7273 = 7497.54
mu7274 = 3.3536
Etot7274 = 2.4017
cput7274 = 7498.56
mu7275 = 3.3535
Etot7275 = 2.4017
cput7275 = 7499.58
mu7276 = 3.3535
Etot7276 = 2.4017
cput7276 = 7500.6
mu7277 = 3.3534
Etot7277 = 2.4016
cput7277 = 7501.61
mu7278 = 3.3533
Etot7278 = 2.4016
cput7278 = 7502.62
mu7279 = 3.3533
Etot7279 = 2.4016
cput7279 = 7503.64
mu7280 = 3.3532
Etot7280 = 2.4015
cput7280 = 7504.66
mu7281 = 3.3531
Etot7281 = 2.4015
cput7281 = 7505.67
mu7282 = 3.353
Etot7282 = 2.4015
cput7282 = 7506.68
mu7283 = 3.353
Etot7283 = 2.4015
cput7283 = 7507.69
mu7284 = 3.3529
Etot7284 = 2.4014
cput7284 = 7508.7
mu7285 = 3.3528
Etot7285 = 2.4014
cput7285 = 7509.71
mu7286 = 3.3528
Etot7286 = 2.4014
cput7286 = 7510.73
mu7287 = 3.3527
Etot7287 = 2.4013
cput7287 = 7511.75
mu7288 = 3.3526
Etot7288 = 2.4013
cput7288 = 7512.77
mu7289 = 3.3526
Etot7289 = 2.4013
cput7289 = 7513.79
mu7290 = 3.3525
Etot7290 = 2.4013
cput7290 = 7514.8
mu7291 = 3.3524
Etot7291 = 2.4012
cput7291 = 7515.81
mu7292 = 3.3523
Etot7292 = 2.4012
cput7292 = 7516.82
mu7293 = 3.3523
Etot7293 = 2.4012
cput7293 = 7517.84
mu7294 = 3.3522
Etot7294 = 2.4011
cput7294 = 7518.87
mu7295 = 3.3521
Etot7295 = 2.4011
cput7295 = 7519.9
mu7296 = 3.3521
Etot7296 = 2.4011
cput7296 = 7520.92
mu7297 = 3.352
Etot7297 = 2.4011
cput7297 = 7521.93
mu7298 = 3.3519
Etot7298 = 2.401
cput7298 = 7522.95
mu7299 = 3.3518
Etot7299 = 2.401
cput7299 = 7523.98
mu7300 = 3.3518
Etot7300 = 2.401
cput7300 = 7525
mu7301 = 3.3517
Etot7301 = 2.4009
cput7301 = 7526.01
mu7302 = 3.3516
Etot7302 = 2.4009
cput7302 = 7527.02
mu7303 = 3.3516
Etot7303 = 2.4009
cput7303 = 7528.05
mu7304 = 3.3515
Etot7304 = 2.4009
cput7304 = 7529.07
mu7305 = 3.3514
Etot7305 = 2.4008
cput7305 = 7530.09
mu7306 = 3.3513
Etot7306 = 2.4008
cput7306 = 7531.13
mu7307 = 3.3513
Etot7307 = 2.4008
cput7307 = 7532.15
mu7308 = 3.3512
Etot7308 = 2.4007
cput7308 = 7533.16
mu7309 = 3.3511
Etot7309 = 2.4007
cput7309 = 7534.18
mu7310 = 3.3511
Etot7310 = 2.4007
cput7310 = 7535.19
mu7311 = 3.351
Etot7311 = 2.4006
cput7311 = 7536.2
mu7312 = 3.3509
Etot7312 = 2.4006
cput7312 = 7537.22
mu7313 = 3.3509
Etot7313 = 2.4006
cput7313 = 7538.25
mu7314 = 3.3508
Etot7314 = 2.4006
cput7314 = 7539.27
mu7315 = 3.3507
Etot7315 = 2.4005
cput7315 = 7540.29
mu7316 = 3.3506
Etot7316 = 2.4005
cput7316 = 7541.31
mu7317 = 3.3506
Etot7317 = 2.4005
cput7317 = 7542.34
mu7318 = 3.3505
Etot7318 = 2.4004
cput7318 = 7543.37
mu7319 = 3.3504
Etot7319 = 2.4004
cput7319 = 7544.39
mu7320 = 3.3504
Etot7320 = 2.4004
cput7320 = 7545.41
mu7321 = 3.3503
Etot7321 = 2.4004
cput7321 = 7546.45
mu7322 = 3.3502
Etot7322 = 2.4003
cput7322 = 7547.48
mu7323 = 3.3501
Etot7323 = 2.4003
cput7323 = 7548.5
mu7324 = 3.3501
Etot7324 = 2.4003
cput7324 = 7549.51
mu7325 = 3.35
Etot7325 = 2.4002
cput7325 = 7550.53
mu7326 = 3.3499
Etot7326 = 2.4002
cput7326 = 7551.56
mu7327 = 3.3499
Etot7327 = 2.4002
cput7327 = 7552.59
mu7328 = 3.3498
Etot7328 = 2.4002
cput7328 = 7553.62
mu7329 = 3.3497
Etot7329 = 2.4001
cput7329 = 7554.66
mu7330 = 3.3496
Etot7330 = 2.4001
cput7330 = 7555.69
mu7331 = 3.3496
Etot7331 = 2.4001
cput7331 = 7556.72
mu7332 = 3.3495
Etot7332 = 2.4
cput7332 = 7557.74
mu7333 = 3.3494
Etot7333 = 2.4
cput7333 = 7558.77
mu7334 = 3.3494
Etot7334 = 2.4
cput7334 = 7559.8
mu7335 = 3.3493
Etot7335 = 2.4
cput7335 = 7560.85
mu7336 = 3.3492
Etot7336 = 2.3999
cput7336 = 7561.88
mu7337 = 3.3491
Etot7337 = 2.3999
cput7337 = 7562.92
mu7338 = 3.3491
Etot7338 = 2.3999
cput7338 = 7563.94
mu7339 = 3.349
Etot7339 = 2.3998
cput7339 = 7564.95
mu7340 = 3.3489
Etot7340 = 2.3998
cput7340 = 7565.98
mu7341 = 3.3489
Etot7341 = 2.3998
cput7341 = 7567.01
mu7342 = 3.3488
Etot7342 = 2.3998
cput7342 = 7568.02
mu7343 = 3.3487
Etot7343 = 2.3997
cput7343 = 7569.04
mu7344 = 3.3486
Etot7344 = 2.3997
cput7344 = 7570.07
mu7345 = 3.3486
Etot7345 = 2.3997
cput7345 = 7571.1
mu7346 = 3.3485
Etot7346 = 2.3996
cput7346 = 7572.12
mu7347 = 3.3484
Etot7347 = 2.3996
cput7347 = 7573.14
mu7348 = 3.3483
Etot7348 = 2.3996
cput7348 = 7574.15
mu7349 = 3.3483
Etot7349 = 2.3996
cput7349 = 7575.19
mu7350 = 3.3482
Etot7350 = 2.3995
cput7350 = 7576.21
mu7351 = 3.3481
Etot7351 = 2.3995
cput7351 = 7577.23
mu7352 = 3.3481
Etot7352 = 2.3995
cput7352 = 7578.25
mu7353 = 3.348
Etot7353 = 2.3994
cput7353 = 7579.29
mu7354 = 3.3479
Etot7354 = 2.3994
cput7354 = 7580.31
mu7355 = 3.3478
Etot7355 = 2.3994
cput7355 = 7581.32
mu7356 = 3.3478
Etot7356 = 2.3993
cput7356 = 7582.33
mu7357 = 3.3477
Etot7357 = 2.3993
cput7357 = 7583.33
mu7358 = 3.3476
Etot7358 = 2.3993
cput7358 = 7584.33
mu7359 = 3.3476
Etot7359 = 2.3993
cput7359 = 7585.33
mu7360 = 3.3475
Etot7360 = 2.3992
cput7360 = 7586.34
mu7361 = 3.3474
Etot7361 = 2.3992
cput7361 = 7587.35
mu7362 = 3.3473
Etot7362 = 2.3992
cput7362 = 7588.36
mu7363 = 3.3473
Etot7363 = 2.3991
cput7363 = 7589.37
mu7364 = 3.3472
Etot7364 = 2.3991
cput7364 = 7590.39
mu7365 = 3.3471
Etot7365 = 2.3991
cput7365 = 7591.41
mu7366 = 3.3471
Etot7366 = 2.3991
cput7366 = 7592.42
mu7367 = 3.347
Etot7367 = 2.399
cput7367 = 7593.43
mu7368 = 3.3469
Etot7368 = 2.399
cput7368 = 7594.44
mu7369 = 3.3468
Etot7369 = 2.399
cput7369 = 7595.46
mu7370 = 3.3468
Etot7370 = 2.3989
cput7370 = 7596.47
mu7371 = 3.3467
Etot7371 = 2.3989
cput7371 = 7597.47
mu7372 = 3.3466
Etot7372 = 2.3989
cput7372 = 7598.48
mu7373 = 3.3466
Etot7373 = 2.3989
cput7373 = 7599.5
mu7374 = 3.3465
Etot7374 = 2.3988
cput7374 = 7600.51
mu7375 = 3.3464
Etot7375 = 2.3988
cput7375 = 7601.51
mu7376 = 3.3463
Etot7376 = 2.3988
cput7376 = 7602.51
mu7377 = 3.3463
Etot7377 = 2.3987
cput7377 = 7603.52
mu7378 = 3.3462
Etot7378 = 2.3987
cput7378 = 7604.54
mu7379 = 3.3461
Etot7379 = 2.3987
cput7379 = 7605.55
mu7380 = 3.346
Etot7380 = 2.3986
cput7380 = 7606.56
mu7381 = 3.346
Etot7381 = 2.3986
cput7381 = 7607.58
mu7382 = 3.3459
Etot7382 = 2.3986
cput7382 = 7608.6
mu7383 = 3.3458
Etot7383 = 2.3986
cput7383 = 7609.61
mu7384 = 3.3458
Etot7384 = 2.3985
cput7384 = 7610.63
mu7385 = 3.3457
Etot7385 = 2.3985
cput7385 = 7611.66
mu7386 = 3.3456
Etot7386 = 2.3985
cput7386 = 7612.69
mu7387 = 3.3455
Etot7387 = 2.3984
cput7387 = 7613.71
mu7388 = 3.3455
Etot7388 = 2.3984
cput7388 = 7614.73
mu7389 = 3.3454
Etot7389 = 2.3984
cput7389 = 7615.77
mu7390 = 3.3453
Etot7390 = 2.3984
cput7390 = 7616.79
mu7391 = 3.3452
Etot7391 = 2.3983
cput7391 = 7617.81
mu7392 = 3.3452
Etot7392 = 2.3983
cput7392 = 7618.83
mu7393 = 3.3451
Etot7393 = 2.3983
cput7393 = 7619.86
mu7394 = 3.345
Etot7394 = 2.3982
cput7394 = 7620.89
mu7395 = 3.345
Etot7395 = 2.3982
cput7395 = 7621.91
mu7396 = 3.3449
Etot7396 = 2.3982
cput7396 = 7622.92
mu7397 = 3.3448
Etot7397 = 2.3982
cput7397 = 7623.94
mu7398 = 3.3447
Etot7398 = 2.3981
cput7398 = 7624.96
mu7399 = 3.3447
Etot7399 = 2.3981
cput7399 = 7625.97
mu7400 = 3.3446
Etot7400 = 2.3981
cput7400 = 7626.99
mu7401 = 3.3445
Etot7401 = 2.398
cput7401 = 7628.01
mu7402 = 3.3445
Etot7402 = 2.398
cput7402 = 7629.04
mu7403 = 3.3444
Etot7403 = 2.398
cput7403 = 7630.06
mu7404 = 3.3443
Etot7404 = 2.3979
cput7404 = 7631.08
mu7405 = 3.3442
Etot7405 = 2.3979
cput7405 = 7632.11
mu7406 = 3.3442
Etot7406 = 2.3979
cput7406 = 7633.14
mu7407 = 3.3441
Etot7407 = 2.3979
cput7407 = 7634.16
mu7408 = 3.344
Etot7408 = 2.3978
cput7408 = 7635.19
mu7409 = 3.3439
Etot7409 = 2.3978
cput7409 = 7636.22
mu7410 = 3.3439
Etot7410 = 2.3978
cput7410 = 7637.26
mu7411 = 3.3438
Etot7411 = 2.3977
cput7411 = 7638.28
mu7412 = 3.3437
Etot7412 = 2.3977
cput7412 = 7639.31
mu7413 = 3.3437
Etot7413 = 2.3977
cput7413 = 7640.35
mu7414 = 3.3436
Etot7414 = 2.3977
cput7414 = 7641.37
mu7415 = 3.3435
Etot7415 = 2.3976
cput7415 = 7642.39
mu7416 = 3.3434
Etot7416 = 2.3976
cput7416 = 7643.41
mu7417 = 3.3434
Etot7417 = 2.3976
cput7417 = 7644.42
mu7418 = 3.3433
Etot7418 = 2.3975
cput7418 = 7645.43
mu7419 = 3.3432
Etot7419 = 2.3975
cput7419 = 7646.46
mu7420 = 3.3431
Etot7420 = 2.3975
cput7420 = 7647.48
mu7421 = 3.3431
Etot7421 = 2.3974
cput7421 = 7648.5
mu7422 = 3.343
Etot7422 = 2.3974
cput7422 = 7649.53
mu7423 = 3.3429
Etot7423 = 2.3974
cput7423 = 7650.56
mu7424 = 3.3428
Etot7424 = 2.3974
cput7424 = 7651.58
mu7425 = 3.3428
Etot7425 = 2.3973
cput7425 = 7652.61
mu7426 = 3.3427
Etot7426 = 2.3973
cput7426 = 7653.64
mu7427 = 3.3426
Etot7427 = 2.3973
cput7427 = 7654.67
mu7428 = 3.3426
Etot7428 = 2.3972
cput7428 = 7655.7
mu7429 = 3.3425
Etot7429 = 2.3972
cput7429 = 7656.74
mu7430 = 3.3424
Etot7430 = 2.3972
cput7430 = 7657.76
mu7431 = 3.3423
Etot7431 = 2.3972
cput7431 = 7658.79
mu7432 = 3.3423
Etot7432 = 2.3971
cput7432 = 7659.82
mu7433 = 3.3422
Etot7433 = 2.3971
cput7433 = 7660.85
mu7434 = 3.3421
Etot7434 = 2.3971
cput7434 = 7661.88
mu7435 = 3.342
Etot7435 = 2.397
cput7435 = 7662.91
mu7436 = 3.342
Etot7436 = 2.397
cput7436 = 7663.94
mu7437 = 3.3419
Etot7437 = 2.397
cput7437 = 7664.96
mu7438 = 3.3418
Etot7438 = 2.3969
cput7438 = 7665.99
mu7439 = 3.3418
Etot7439 = 2.3969
cput7439 = 7667.02
mu7440 = 3.3417
Etot7440 = 2.3969
cput7440 = 7668.04
mu7441 = 3.3416
Etot7441 = 2.3969
cput7441 = 7669.07
mu7442 = 3.3415
Etot7442 = 2.3968
cput7442 = 7670.1
mu7443 = 3.3415
Etot7443 = 2.3968
cput7443 = 7671.13
mu7444 = 3.3414
Etot7444 = 2.3968
cput7444 = 7672.15
mu7445 = 3.3413
Etot7445 = 2.3967
cput7445 = 7673.17
mu7446 = 3.3412
Etot7446 = 2.3967
cput7446 = 7674.19
mu7447 = 3.3412
Etot7447 = 2.3967
cput7447 = 7675.22
mu7448 = 3.3411
Etot7448 = 2.3966
cput7448 = 7676.25
mu7449 = 3.341
Etot7449 = 2.3966
cput7449 = 7677.29
mu7450 = 3.3409
Etot7450 = 2.3966
cput7450 = 7678.33
mu7451 = 3.3409
Etot7451 = 2.3966
cput7451 = 7679.37
mu7452 = 3.3408
Etot7452 = 2.3965
cput7452 = 7680.4
mu7453 = 3.3407
Etot7453 = 2.3965
cput7453 = 7681.43
mu7454 = 3.3407
Etot7454 = 2.3965
cput7454 = 7682.46
mu7455 = 3.3406
Etot7455 = 2.3964
cput7455 = 7683.48
mu7456 = 3.3405
Etot7456 = 2.3964
cput7456 = 7684.5
mu7457 = 3.3404
Etot7457 = 2.3964
cput7457 = 7685.53
mu7458 = 3.3404
Etot7458 = 2.3964
cput7458 = 7686.55
mu7459 = 3.3403
Etot7459 = 2.3963
cput7459 = 7687.57
mu7460 = 3.3402
Etot7460 = 2.3963
cput7460 = 7688.6
mu7461 = 3.3401
Etot7461 = 2.3963
cput7461 = 7689.62
mu7462 = 3.3401
Etot7462 = 2.3962
cput7462 = 7690.64
mu7463 = 3.34
Etot7463 = 2.3962
cput7463 = 7691.66
mu7464 = 3.3399
Etot7464 = 2.3962
cput7464 = 7692.68
mu7465 = 3.3398
Etot7465 = 2.3961
cput7465 = 7693.72
mu7466 = 3.3398
Etot7466 = 2.3961
cput7466 = 7694.75
mu7467 = 3.3397
Etot7467 = 2.3961
cput7467 = 7695.78
mu7468 = 3.3396
Etot7468 = 2.3961
cput7468 = 7696.8
mu7469 = 3.3395
Etot7469 = 2.396
cput7469 = 7697.83
mu7470 = 3.3395
Etot7470 = 2.396
cput7470 = 7698.86
mu7471 = 3.3394
Etot7471 = 2.396
cput7471 = 7699.87
mu7472 = 3.3393
Etot7472 = 2.3959
cput7472 = 7700.88
mu7473 = 3.3393
Etot7473 = 2.3959
cput7473 = 7701.9
mu7474 = 3.3392
Etot7474 = 2.3959
cput7474 = 7702.91
mu7475 = 3.3391
Etot7475 = 2.3958
cput7475 = 7703.92
mu7476 = 3.339
Etot7476 = 2.3958
cput7476 = 7704.93
mu7477 = 3.339
Etot7477 = 2.3958
cput7477 = 7705.96
mu7478 = 3.3389
Etot7478 = 2.3958
cput7478 = 7706.98
mu7479 = 3.3388
Etot7479 = 2.3957
cput7479 = 7707.99
mu7480 = 3.3387
Etot7480 = 2.3957
cput7480 = 7709.01
mu7481 = 3.3387
Etot7481 = 2.3957
cput7481 = 7710.04
mu7482 = 3.3386
Etot7482 = 2.3956
cput7482 = 7711.07
mu7483 = 3.3385
Etot7483 = 2.3956
cput7483 = 7712.08
mu7484 = 3.3384
Etot7484 = 2.3956
cput7484 = 7713.1
mu7485 = 3.3384
Etot7485 = 2.3955
cput7485 = 7714.13
mu7486 = 3.3383
Etot7486 = 2.3955
cput7486 = 7715.15
mu7487 = 3.3382
Etot7487 = 2.3955
cput7487 = 7716.18
mu7488 = 3.3381
Etot7488 = 2.3955
cput7488 = 7717.2
mu7489 = 3.3381
Etot7489 = 2.3954
cput7489 = 7718.22
mu7490 = 3.338
Etot7490 = 2.3954
cput7490 = 7719.24
mu7491 = 3.3379
Etot7491 = 2.3954
cput7491 = 7720.27
mu7492 = 3.3378
Etot7492 = 2.3953
cput7492 = 7721.29
mu7493 = 3.3378
Etot7493 = 2.3953
cput7493 = 7722.31
mu7494 = 3.3377
Etot7494 = 2.3953
cput7494 = 7723.34
mu7495 = 3.3376
Etot7495 = 2.3953
cput7495 = 7724.35
mu7496 = 3.3376
Etot7496 = 2.3952
cput7496 = 7725.37
mu7497 = 3.3375
Etot7497 = 2.3952
cput7497 = 7726.39
mu7498 = 3.3374
Etot7498 = 2.3952
cput7498 = 7727.43
mu7499 = 3.3373
Etot7499 = 2.3951
cput7499 = 7728.45
mu7500 = 3.3373
Etot7500 = 2.3951
cput7500 = 7729.47
mu7501 = 3.3372
Etot7501 = 2.3951
cput7501 = 7730.49
mu7502 = 3.3371
Etot7502 = 2.395
cput7502 = 7731.51
mu7503 = 3.337
Etot7503 = 2.395
cput7503 = 7732.52
mu7504 = 3.337
Etot7504 = 2.395
cput7504 = 7733.54
mu7505 = 3.3369
Etot7505 = 2.395
cput7505 = 7734.57
mu7506 = 3.3368
Etot7506 = 2.3949
cput7506 = 7735.6
mu7507 = 3.3367
Etot7507 = 2.3949
cput7507 = 7736.63
mu7508 = 3.3367
Etot7508 = 2.3949
cput7508 = 7737.66
mu7509 = 3.3366
Etot7509 = 2.3948
cput7509 = 7738.69
mu7510 = 3.3365
Etot7510 = 2.3948
cput7510 = 7739.71
mu7511 = 3.3364
Etot7511 = 2.3948
cput7511 = 7740.72
mu7512 = 3.3364
Etot7512 = 2.3947
cput7512 = 7741.75
mu7513 = 3.3363
Etot7513 = 2.3947
cput7513 = 7742.77
mu7514 = 3.3362
Etot7514 = 2.3947
cput7514 = 7743.79
mu7515 = 3.3361
Etot7515 = 2.3947
cput7515 = 7744.83
mu7516 = 3.3361
Etot7516 = 2.3946
cput7516 = 7745.86
mu7517 = 3.336
Etot7517 = 2.3946
cput7517 = 7746.89
mu7518 = 3.3359
Etot7518 = 2.3946
cput7518 = 7747.92
mu7519 = 3.3358
Etot7519 = 2.3945
cput7519 = 7748.95
mu7520 = 3.3358
Etot7520 = 2.3945
cput7520 = 7749.99
mu7521 = 3.3357
Etot7521 = 2.3945
cput7521 = 7751.02
mu7522 = 3.3356
Etot7522 = 2.3944
cput7522 = 7752.05
mu7523 = 3.3355
Etot7523 = 2.3944
cput7523 = 7753.08
mu7524 = 3.3355
Etot7524 = 2.3944
cput7524 = 7754.11
mu7525 = 3.3354
Etot7525 = 2.3944
cput7525 = 7755.14
mu7526 = 3.3353
Etot7526 = 2.3943
cput7526 = 7756.16
mu7527 = 3.3352
Etot7527 = 2.3943
cput7527 = 7757.19
mu7528 = 3.3352
Etot7528 = 2.3943
cput7528 = 7758.22
mu7529 = 3.3351
Etot7529 = 2.3942
cput7529 = 7759.26
mu7530 = 3.335
Etot7530 = 2.3942
cput7530 = 7760.29
mu7531 = 3.3349
Etot7531 = 2.3942
cput7531 = 7761.31
mu7532 = 3.3349
Etot7532 = 2.3941
cput7532 = 7762.35
mu7533 = 3.3348
Etot7533 = 2.3941
cput7533 = 7763.38
mu7534 = 3.3347
Etot7534 = 2.3941
cput7534 = 7764.41
mu7535 = 3.3346
Etot7535 = 2.394
cput7535 = 7765.44
mu7536 = 3.3346
Etot7536 = 2.394
cput7536 = 7766.47
mu7537 = 3.3345
Etot7537 = 2.394
cput7537 = 7767.51
mu7538 = 3.3344
Etot7538 = 2.394
cput7538 = 7768.53
mu7539 = 3.3343
Etot7539 = 2.3939
cput7539 = 7769.56
mu7540 = 3.3343
Etot7540 = 2.3939
cput7540 = 7770.58
mu7541 = 3.3342
Etot7541 = 2.3939
cput7541 = 7771.61
mu7542 = 3.3341
Etot7542 = 2.3938
cput7542 = 7772.62
mu7543 = 3.334
Etot7543 = 2.3938
cput7543 = 7773.64
mu7544 = 3.334
Etot7544 = 2.3938
cput7544 = 7774.66
mu7545 = 3.3339
Etot7545 = 2.3937
cput7545 = 7775.69
mu7546 = 3.3338
Etot7546 = 2.3937
cput7546 = 7776.72
mu7547 = 3.3337
Etot7547 = 2.3937
cput7547 = 7777.74
mu7548 = 3.3337
Etot7548 = 2.3937
cput7548 = 7778.77
mu7549 = 3.3336
Etot7549 = 2.3936
cput7549 = 7779.8
mu7550 = 3.3335
Etot7550 = 2.3936
cput7550 = 7780.81
mu7551 = 3.3335
Etot7551 = 2.3936
cput7551 = 7781.84
mu7552 = 3.3334
Etot7552 = 2.3935
cput7552 = 7782.86
mu7553 = 3.3333
Etot7553 = 2.3935
cput7553 = 7783.89
mu7554 = 3.3332
Etot7554 = 2.3935
cput7554 = 7784.91
mu7555 = 3.3332
Etot7555 = 2.3934
cput7555 = 7785.94
mu7556 = 3.3331
Etot7556 = 2.3934
cput7556 = 7786.97
mu7557 = 3.333
Etot7557 = 2.3934
cput7557 = 7788
mu7558 = 3.3329
Etot7558 = 2.3934
cput7558 = 7789.03
mu7559 = 3.3328
Etot7559 = 2.3933
cput7559 = 7790.06
mu7560 = 3.3328
Etot7560 = 2.3933
cput7560 = 7791.09
mu7561 = 3.3327
Etot7561 = 2.3933
cput7561 = 7792.11
mu7562 = 3.3326
Etot7562 = 2.3932
cput7562 = 7793.14
mu7563 = 3.3325
Etot7563 = 2.3932
cput7563 = 7794.16
mu7564 = 3.3325
Etot7564 = 2.3932
cput7564 = 7795.18
mu7565 = 3.3324
Etot7565 = 2.3931
cput7565 = 7796.21
mu7566 = 3.3323
Etot7566 = 2.3931
cput7566 = 7797.22
mu7567 = 3.3322
Etot7567 = 2.3931
cput7567 = 7798.25
mu7568 = 3.3322
Etot7568 = 2.3931
cput7568 = 7799.27
mu7569 = 3.3321
Etot7569 = 2.393
cput7569 = 7800.29
mu7570 = 3.332
Etot7570 = 2.393
cput7570 = 7801.31
mu7571 = 3.3319
Etot7571 = 2.393
cput7571 = 7802.33
mu7572 = 3.3319
Etot7572 = 2.3929
cput7572 = 7803.37
mu7573 = 3.3318
Etot7573 = 2.3929
cput7573 = 7804.38
mu7574 = 3.3317
Etot7574 = 2.3929
cput7574 = 7805.4
mu7575 = 3.3316
Etot7575 = 2.3928
cput7575 = 7806.4
mu7576 = 3.3316
Etot7576 = 2.3928
cput7576 = 7807.43
mu7577 = 3.3315
Etot7577 = 2.3928
cput7577 = 7808.45
mu7578 = 3.3314
Etot7578 = 2.3927
cput7578 = 7809.47
mu7579 = 3.3313
Etot7579 = 2.3927
cput7579 = 7810.48
mu7580 = 3.3313
Etot7580 = 2.3927
cput7580 = 7811.51
mu7581 = 3.3312
Etot7581 = 2.3927
cput7581 = 7812.53
mu7582 = 3.3311
Etot7582 = 2.3926
cput7582 = 7813.55
mu7583 = 3.331
Etot7583 = 2.3926
cput7583 = 7814.56
mu7584 = 3.331
Etot7584 = 2.3926
cput7584 = 7815.57
mu7585 = 3.3309
Etot7585 = 2.3925
cput7585 = 7816.59
mu7586 = 3.3308
Etot7586 = 2.3925
cput7586 = 7817.61
mu7587 = 3.3307
Etot7587 = 2.3925
cput7587 = 7818.62
mu7588 = 3.3307
Etot7588 = 2.3924
cput7588 = 7819.64
mu7589 = 3.3306
Etot7589 = 2.3924
cput7589 = 7820.66
mu7590 = 3.3305
Etot7590 = 2.3924
cput7590 = 7821.68
mu7591 = 3.3304
Etot7591 = 2.3924
cput7591 = 7822.7
mu7592 = 3.3304
Etot7592 = 2.3923
cput7592 = 7823.72
mu7593 = 3.3303
Etot7593 = 2.3923
cput7593 = 7824.74
mu7594 = 3.3302
Etot7594 = 2.3923
cput7594 = 7825.77
mu7595 = 3.3301
Etot7595 = 2.3922
cput7595 = 7826.79
mu7596 = 3.3301
Etot7596 = 2.3922
cput7596 = 7827.81
mu7597 = 3.33
Etot7597 = 2.3922
cput7597 = 7828.83
mu7598 = 3.3299
Etot7598 = 2.3921
cput7598 = 7829.85
mu7599 = 3.3298
Etot7599 = 2.3921
cput7599 = 7830.86
mu7600 = 3.3298
Etot7600 = 2.3921
cput7600 = 7831.87
mu7601 = 3.3297
Etot7601 = 2.3921
cput7601 = 7832.89
mu7602 = 3.3296
Etot7602 = 2.392
cput7602 = 7833.9
mu7603 = 3.3295
Etot7603 = 2.392
cput7603 = 7834.91
mu7604 = 3.3295
Etot7604 = 2.392
cput7604 = 7835.92
mu7605 = 3.3294
Etot7605 = 2.3919
cput7605 = 7836.93
mu7606 = 3.3293
Etot7606 = 2.3919
cput7606 = 7837.95
mu7607 = 3.3292
Etot7607 = 2.3919
cput7607 = 7838.97
mu7608 = 3.3292
Etot7608 = 2.3918
cput7608 = 7840
mu7609 = 3.3291
Etot7609 = 2.3918
cput7609 = 7841.02
mu7610 = 3.329
Etot7610 = 2.3918
cput7610 = 7842.04
mu7611 = 3.3289
Etot7611 = 2.3917
cput7611 = 7843.07
mu7612 = 3.3289
Etot7612 = 2.3917
cput7612 = 7844.11
mu7613 = 3.3288
Etot7613 = 2.3917
cput7613 = 7845.13
mu7614 = 3.3287
Etot7614 = 2.3917
cput7614 = 7846.15
mu7615 = 3.3286
Etot7615 = 2.3916
cput7615 = 7847.16
mu7616 = 3.3285
Etot7616 = 2.3916
cput7616 = 7848.18
mu7617 = 3.3285
Etot7617 = 2.3916
cput7617 = 7849.2
mu7618 = 3.3284
Etot7618 = 2.3915
cput7618 = 7850.23
mu7619 = 3.3283
Etot7619 = 2.3915
cput7619 = 7851.25
mu7620 = 3.3282
Etot7620 = 2.3915
cput7620 = 7852.27
mu7621 = 3.3282
Etot7621 = 2.3914
cput7621 = 7853.3
mu7622 = 3.3281
Etot7622 = 2.3914
cput7622 = 7854.34
mu7623 = 3.328
Etot7623 = 2.3914
cput7623 = 7855.37
mu7624 = 3.3279
Etot7624 = 2.3913
cput7624 = 7856.39
mu7625 = 3.3279
Etot7625 = 2.3913
cput7625 = 7857.41
mu7626 = 3.3278
Etot7626 = 2.3913
cput7626 = 7858.45
mu7627 = 3.3277
Etot7627 = 2.3913
cput7627 = 7859.49
mu7628 = 3.3276
Etot7628 = 2.3912
cput7628 = 7860.52
mu7629 = 3.3276
Etot7629 = 2.3912
cput7629 = 7861.54
mu7630 = 3.3275
Etot7630 = 2.3912
cput7630 = 7862.57
mu7631 = 3.3274
Etot7631 = 2.3911
cput7631 = 7863.61
mu7632 = 3.3273
Etot7632 = 2.3911
cput7632 = 7864.64
mu7633 = 3.3273
Etot7633 = 2.3911
cput7633 = 7865.66
mu7634 = 3.3272
Etot7634 = 2.391
cput7634 = 7866.71
mu7635 = 3.3271
Etot7635 = 2.391
cput7635 = 7867.74
mu7636 = 3.327
Etot7636 = 2.391
cput7636 = 7868.78
mu7637 = 3.327
Etot7637 = 2.391
cput7637 = 7869.8
mu7638 = 3.3269
Etot7638 = 2.3909
cput7638 = 7870.83
mu7639 = 3.3268
Etot7639 = 2.3909
cput7639 = 7871.87
mu7640 = 3.3267
Etot7640 = 2.3909
cput7640 = 7872.9
mu7641 = 3.3266
Etot7641 = 2.3908
cput7641 = 7873.93
mu7642 = 3.3266
Etot7642 = 2.3908
cput7642 = 7874.97
mu7643 = 3.3265
Etot7643 = 2.3908
cput7643 = 7876
mu7644 = 3.3264
Etot7644 = 2.3907
cput7644 = 7877.03
mu7645 = 3.3263
Etot7645 = 2.3907
cput7645 = 7878.03
mu7646 = 3.3263
Etot7646 = 2.3907
cput7646 = 7879.03
mu7647 = 3.3262
Etot7647 = 2.3906
cput7647 = 7880.05
mu7648 = 3.3261
Etot7648 = 2.3906
cput7648 = 7881.07
mu7649 = 3.326
Etot7649 = 2.3906
cput7649 = 7882.09
mu7650 = 3.326
Etot7650 = 2.3906
cput7650 = 7883.12
mu7651 = 3.3259
Etot7651 = 2.3905
cput7651 = 7884.15
mu7652 = 3.3258
Etot7652 = 2.3905
cput7652 = 7885.18
mu7653 = 3.3257
Etot7653 = 2.3905
cput7653 = 7886.21
mu7654 = 3.3257
Etot7654 = 2.3904
cput7654 = 7887.24
mu7655 = 3.3256
Etot7655 = 2.3904
cput7655 = 7888.28
mu7656 = 3.3255
Etot7656 = 2.3904
cput7656 = 7889.3
mu7657 = 3.3254
Etot7657 = 2.3903
cput7657 = 7890.33
mu7658 = 3.3254
Etot7658 = 2.3903
cput7658 = 7891.35
mu7659 = 3.3253
Etot7659 = 2.3903
cput7659 = 7892.38
mu7660 = 3.3252
Etot7660 = 2.3902
cput7660 = 7893.41
mu7661 = 3.3251
Etot7661 = 2.3902
cput7661 = 7894.42
mu7662 = 3.325
Etot7662 = 2.3902
cput7662 = 7895.44
mu7663 = 3.325
Etot7663 = 2.3902
cput7663 = 7896.45
mu7664 = 3.3249
Etot7664 = 2.3901
cput7664 = 7897.45
mu7665 = 3.3248
Etot7665 = 2.3901
cput7665 = 7898.46
mu7666 = 3.3247
Etot7666 = 2.3901
cput7666 = 7899.47
mu7667 = 3.3247
Etot7667 = 2.39
cput7667 = 7900.48
mu7668 = 3.3246
Etot7668 = 2.39
cput7668 = 7901.5
mu7669 = 3.3245
Etot7669 = 2.39
cput7669 = 7902.52
mu7670 = 3.3244
Etot7670 = 2.3899
cput7670 = 7903.54
mu7671 = 3.3244
Etot7671 = 2.3899
cput7671 = 7904.57
mu7672 = 3.3243
Etot7672 = 2.3899
cput7672 = 7905.6
mu7673 = 3.3242
Etot7673 = 2.3898
cput7673 = 7906.63
mu7674 = 3.3241
Etot7674 = 2.3898
cput7674 = 7907.66
mu7675 = 3.3241
Etot7675 = 2.3898
cput7675 = 7908.69
mu7676 = 3.324
Etot7676 = 2.3898
cput7676 = 7909.71
mu7677 = 3.3239
Etot7677 = 2.3897
cput7677 = 7910.73
mu7678 = 3.3238
Etot7678 = 2.3897
cput7678 = 7911.76
mu7679 = 3.3237
Etot7679 = 2.3897
cput7679 = 7912.78
mu7680 = 3.3237
Etot7680 = 2.3896
cput7680 = 7913.79
mu7681 = 3.3236
Etot7681 = 2.3896
cput7681 = 7914.81
mu7682 = 3.3235
Etot7682 = 2.3896
cput7682 = 7915.83
mu7683 = 3.3234
Etot7683 = 2.3895
cput7683 = 7916.87
mu7684 = 3.3234
Etot7684 = 2.3895
cput7684 = 7917.9
mu7685 = 3.3233
Etot7685 = 2.3895
cput7685 = 7918.91
mu7686 = 3.3232
Etot7686 = 2.3894
cput7686 = 7919.92
mu7687 = 3.3231
Etot7687 = 2.3894
cput7687 = 7920.96
mu7688 = 3.3231
Etot7688 = 2.3894
cput7688 = 7921.98
mu7689 = 3.323
Etot7689 = 2.3894
cput7689 = 7923
mu7690 = 3.3229
Etot7690 = 2.3893
cput7690 = 7924.03
mu7691 = 3.3228
Etot7691 = 2.3893
cput7691 = 7925.05
mu7692 = 3.3227
Etot7692 = 2.3893
cput7692 = 7926.07
mu7693 = 3.3227
Etot7693 = 2.3892
cput7693 = 7927.1
mu7694 = 3.3226
Etot7694 = 2.3892
cput7694 = 7928.12
mu7695 = 3.3225
Etot7695 = 2.3892
cput7695 = 7929.14
mu7696 = 3.3224
Etot7696 = 2.3891
cput7696 = 7930.16
mu7697 = 3.3224
Etot7697 = 2.3891
cput7697 = 7931.19
mu7698 = 3.3223
Etot7698 = 2.3891
cput7698 = 7932.21
mu7699 = 3.3222
Etot7699 = 2.389
cput7699 = 7933.23
mu7700 = 3.3221
Etot7700 = 2.389
cput7700 = 7934.25
mu7701 = 3.3221
Etot7701 = 2.389
cput7701 = 7935.3
mu7702 = 3.322
Etot7702 = 2.389
cput7702 = 7936.32
mu7703 = 3.3219
Etot7703 = 2.3889
cput7703 = 7937.34
mu7704 = 3.3218
Etot7704 = 2.3889
cput7704 = 7938.37
mu7705 = 3.3217
Etot7705 = 2.3889
cput7705 = 7939.38
mu7706 = 3.3217
Etot7706 = 2.3888
cput7706 = 7940.4
mu7707 = 3.3216
Etot7707 = 2.3888
cput7707 = 7941.4
mu7708 = 3.3215
Etot7708 = 2.3888
cput7708 = 7942.42
mu7709 = 3.3214
Etot7709 = 2.3887
cput7709 = 7943.43
mu7710 = 3.3214
Etot7710 = 2.3887
cput7710 = 7944.45
mu7711 = 3.3213
Etot7711 = 2.3887
cput7711 = 7945.46
mu7712 = 3.3212
Etot7712 = 2.3886
cput7712 = 7946.48
mu7713 = 3.3211
Etot7713 = 2.3886
cput7713 = 7947.51
mu7714 = 3.3211
Etot7714 = 2.3886
cput7714 = 7948.53
mu7715 = 3.321
Etot7715 = 2.3885
cput7715 = 7949.55
mu7716 = 3.3209
Etot7716 = 2.3885
cput7716 = 7950.57
mu7717 = 3.3208
Etot7717 = 2.3885
cput7717 = 7951.59
mu7718 = 3.3207
Etot7718 = 2.3885
cput7718 = 7952.61
mu7719 = 3.3207
Etot7719 = 2.3884
cput7719 = 7953.62
mu7720 = 3.3206
Etot7720 = 2.3884
cput7720 = 7954.64
mu7721 = 3.3205
Etot7721 = 2.3884
cput7721 = 7955.68
mu7722 = 3.3204
Etot7722 = 2.3883
cput7722 = 7956.71
mu7723 = 3.3204
Etot7723 = 2.3883
cput7723 = 7957.72
mu7724 = 3.3203
Etot7724 = 2.3883
cput7724 = 7958.73
mu7725 = 3.3202
Etot7725 = 2.3882
cput7725 = 7959.76
mu7726 = 3.3201
Etot7726 = 2.3882
cput7726 = 7960.79
mu7727 = 3.3201
Etot7727 = 2.3882
cput7727 = 7961.82
mu7728 = 3.32
Etot7728 = 2.3881
cput7728 = 7962.84
mu7729 = 3.3199
Etot7729 = 2.3881
cput7729 = 7963.88
mu7730 = 3.3198
Etot7730 = 2.3881
cput7730 = 7964.9
mu7731 = 3.3197
Etot7731 = 2.3881
cput7731 = 7965.92
mu7732 = 3.3197
Etot7732 = 2.388
cput7732 = 7966.94
mu7733 = 3.3196
Etot7733 = 2.388
cput7733 = 7967.96
mu7734 = 3.3195
Etot7734 = 2.388
cput7734 = 7968.99
mu7735 = 3.3194
Etot7735 = 2.3879
cput7735 = 7970.01
mu7736 = 3.3194
Etot7736 = 2.3879
cput7736 = 7971.03
mu7737 = 3.3193
Etot7737 = 2.3879
cput7737 = 7972.05
mu7738 = 3.3192
Etot7738 = 2.3878
cput7738 = 7973.08
mu7739 = 3.3191
Etot7739 = 2.3878
cput7739 = 7974.1
mu7740 = 3.3191
Etot7740 = 2.3878
cput7740 = 7975.13
mu7741 = 3.319
Etot7741 = 2.3877
cput7741 = 7976.16
mu7742 = 3.3189
Etot7742 = 2.3877
cput7742 = 7977.19
mu7743 = 3.3188
Etot7743 = 2.3877
cput7743 = 7978.22
mu7744 = 3.3187
Etot7744 = 2.3876
cput7744 = 7979.26
mu7745 = 3.3187
Etot7745 = 2.3876
cput7745 = 7980.27
mu7746 = 3.3186
Etot7746 = 2.3876
cput7746 = 7981.28
mu7747 = 3.3185
Etot7747 = 2.3876
cput7747 = 7982.29
mu7748 = 3.3184
Etot7748 = 2.3875
cput7748 = 7983.3
mu7749 = 3.3184
Etot7749 = 2.3875
cput7749 = 7984.31
mu7750 = 3.3183
Etot7750 = 2.3875
cput7750 = 7985.32
mu7751 = 3.3182
Etot7751 = 2.3874
cput7751 = 7986.34
mu7752 = 3.3181
Etot7752 = 2.3874
cput7752 = 7987.36
mu7753 = 3.318
Etot7753 = 2.3874
cput7753 = 7988.38
mu7754 = 3.318
Etot7754 = 2.3873
cput7754 = 7989.41
mu7755 = 3.3179
Etot7755 = 2.3873
cput7755 = 7990.44
mu7756 = 3.3178
Etot7756 = 2.3873
cput7756 = 7991.46
mu7757 = 3.3177
Etot7757 = 2.3872
cput7757 = 7992.48
mu7758 = 3.3177
Etot7758 = 2.3872
cput7758 = 7993.51
mu7759 = 3.3176
Etot7759 = 2.3872
cput7759 = 7994.53
mu7760 = 3.3175
Etot7760 = 2.3872
cput7760 = 7995.56
mu7761 = 3.3174
Etot7761 = 2.3871
cput7761 = 7996.58
mu7762 = 3.3173
Etot7762 = 2.3871
cput7762 = 7997.6
mu7763 = 3.3173
Etot7763 = 2.3871
cput7763 = 7998.62
mu7764 = 3.3172
Etot7764 = 2.387
cput7764 = 7999.63
mu7765 = 3.3171
Etot7765 = 2.387
cput7765 = 8000.64
mu7766 = 3.317
Etot7766 = 2.387
cput7766 = 8001.66
mu7767 = 3.317
Etot7767 = 2.3869
cput7767 = 8002.67
mu7768 = 3.3169
Etot7768 = 2.3869
cput7768 = 8003.68
mu7769 = 3.3168
Etot7769 = 2.3869
cput7769 = 8004.69
mu7770 = 3.3167
Etot7770 = 2.3868
cput7770 = 8005.7
mu7771 = 3.3166
Etot7771 = 2.3868
cput7771 = 8006.72
mu7772 = 3.3166
Etot7772 = 2.3868
cput7772 = 8007.74
mu7773 = 3.3165
Etot7773 = 2.3867
cput7773 = 8008.76
mu7774 = 3.3164
Etot7774 = 2.3867
cput7774 = 8009.78
mu7775 = 3.3163
Etot7775 = 2.3867
cput7775 = 8010.81
mu7776 = 3.3163
Etot7776 = 2.3867
cput7776 = 8011.84
mu7777 = 3.3162
Etot7777 = 2.3866
cput7777 = 8012.86
mu7778 = 3.3161
Etot7778 = 2.3866
cput7778 = 8013.89
mu7779 = 3.316
Etot7779 = 2.3866
cput7779 = 8014.92
mu7780 = 3.3159
Etot7780 = 2.3865
cput7780 = 8015.95
mu7781 = 3.3159
Etot7781 = 2.3865
cput7781 = 8016.97
mu7782 = 3.3158
Etot7782 = 2.3865
cput7782 = 8017.99
mu7783 = 3.3157
Etot7783 = 2.3864
cput7783 = 8019.01
mu7784 = 3.3156
Etot7784 = 2.3864
cput7784 = 8020.04
mu7785 = 3.3156
Etot7785 = 2.3864
cput7785 = 8021.06
mu7786 = 3.3155
Etot7786 = 2.3863
cput7786 = 8022.09
mu7787 = 3.3154
Etot7787 = 2.3863
cput7787 = 8023.12
mu7788 = 3.3153
Etot7788 = 2.3863
cput7788 = 8024.15
mu7789 = 3.3152
Etot7789 = 2.3862
cput7789 = 8025.17
mu7790 = 3.3152
Etot7790 = 2.3862
cput7790 = 8026.2
mu7791 = 3.3151
Etot7791 = 2.3862
cput7791 = 8027.23
mu7792 = 3.315
Etot7792 = 2.3862
cput7792 = 8028.26
mu7793 = 3.3149
Etot7793 = 2.3861
cput7793 = 8029.28
mu7794 = 3.3149
Etot7794 = 2.3861
cput7794 = 8030.31
mu7795 = 3.3148
Etot7795 = 2.3861
cput7795 = 8031.33
mu7796 = 3.3147
Etot7796 = 2.386
cput7796 = 8032.35
mu7797 = 3.3146
Etot7797 = 2.386
cput7797 = 8033.38
mu7798 = 3.3145
Etot7798 = 2.386
cput7798 = 8034.4
mu7799 = 3.3145
Etot7799 = 2.3859
cput7799 = 8035.43
mu7800 = 3.3144
Etot7800 = 2.3859
cput7800 = 8036.47
mu7801 = 3.3143
Etot7801 = 2.3859
cput7801 = 8037.5
mu7802 = 3.3142
Etot7802 = 2.3858
cput7802 = 8038.52
mu7803 = 3.3142
Etot7803 = 2.3858
cput7803 = 8039.55
mu7804 = 3.3141
Etot7804 = 2.3858
cput7804 = 8040.58
mu7805 = 3.314
Etot7805 = 2.3857
cput7805 = 8041.61
mu7806 = 3.3139
Etot7806 = 2.3857
cput7806 = 8042.65
mu7807 = 3.3138
Etot7807 = 2.3857
cput7807 = 8043.67
mu7808 = 3.3138
Etot7808 = 2.3857
cput7808 = 8044.7
mu7809 = 3.3137
Etot7809 = 2.3856
cput7809 = 8045.73
mu7810 = 3.3136
Etot7810 = 2.3856
cput7810 = 8046.75
mu7811 = 3.3135
Etot7811 = 2.3856
cput7811 = 8047.77
mu7812 = 3.3135
Etot7812 = 2.3855
cput7812 = 8048.8
mu7813 = 3.3134
Etot7813 = 2.3855
cput7813 = 8049.83
mu7814 = 3.3133
Etot7814 = 2.3855
cput7814 = 8050.87
mu7815 = 3.3132
Etot7815 = 2.3854
cput7815 = 8051.9
mu7816 = 3.3131
Etot7816 = 2.3854
cput7816 = 8052.93
mu7817 = 3.3131
Etot7817 = 2.3854
cput7817 = 8053.95
mu7818 = 3.313
Etot7818 = 2.3853
cput7818 = 8054.98
mu7819 = 3.3129
Etot7819 = 2.3853
cput7819 = 8056
mu7820 = 3.3128
Etot7820 = 2.3853
cput7820 = 8057.01
mu7821 = 3.3128
Etot7821 = 2.3852
cput7821 = 8058.02
mu7822 = 3.3127
Etot7822 = 2.3852
cput7822 = 8059.02
mu7823 = 3.3126
Etot7823 = 2.3852
cput7823 = 8060.03
mu7824 = 3.3125
Etot7824 = 2.3852
cput7824 = 8061.03
mu7825 = 3.3124
Etot7825 = 2.3851
cput7825 = 8062.04
mu7826 = 3.3124
Etot7826 = 2.3851
cput7826 = 8063.06
mu7827 = 3.3123
Etot7827 = 2.3851
cput7827 = 8064.08
mu7828 = 3.3122
Etot7828 = 2.385
cput7828 = 8065.1
mu7829 = 3.3121
Etot7829 = 2.385
cput7829 = 8066.12
mu7830 = 3.312
Etot7830 = 2.385
cput7830 = 8067.15
mu7831 = 3.312
Etot7831 = 2.3849
cput7831 = 8068.17
mu7832 = 3.3119
Etot7832 = 2.3849
cput7832 = 8069.19
mu7833 = 3.3118
Etot7833 = 2.3849
cput7833 = 8070.22
mu7834 = 3.3117
Etot7834 = 2.3848
cput7834 = 8071.24
mu7835 = 3.3117
Etot7835 = 2.3848
cput7835 = 8072.27
mu7836 = 3.3116
Etot7836 = 2.3848
cput7836 = 8073.3
mu7837 = 3.3115
Etot7837 = 2.3847
cput7837 = 8074.33
mu7838 = 3.3114
Etot7838 = 2.3847
cput7838 = 8075.35
mu7839 = 3.3113
Etot7839 = 2.3847
cput7839 = 8076.38
mu7840 = 3.3113
Etot7840 = 2.3846
cput7840 = 8077.4
mu7841 = 3.3112
Etot7841 = 2.3846
cput7841 = 8078.42
mu7842 = 3.3111
Etot7842 = 2.3846
cput7842 = 8079.44
mu7843 = 3.311
Etot7843 = 2.3846
cput7843 = 8080.46
mu7844 = 3.311
Etot7844 = 2.3845
cput7844 = 8081.49
mu7845 = 3.3109
Etot7845 = 2.3845
cput7845 = 8082.52
mu7846 = 3.3108
Etot7846 = 2.3845
cput7846 = 8083.55
mu7847 = 3.3107
Etot7847 = 2.3844
cput7847 = 8084.58
mu7848 = 3.3106
Etot7848 = 2.3844
cput7848 = 8085.61
mu7849 = 3.3106
Etot7849 = 2.3844
cput7849 = 8086.63
mu7850 = 3.3105
Etot7850 = 2.3843
cput7850 = 8087.66
mu7851 = 3.3104
Etot7851 = 2.3843
cput7851 = 8088.68
mu7852 = 3.3103
Etot7852 = 2.3843
cput7852 = 8089.7
mu7853 = 3.3102
Etot7853 = 2.3842
cput7853 = 8090.72
mu7854 = 3.3102
Etot7854 = 2.3842
cput7854 = 8091.75
mu7855 = 3.3101
Etot7855 = 2.3842
cput7855 = 8092.77
mu7856 = 3.31
Etot7856 = 2.3841
cput7856 = 8093.8
mu7857 = 3.3099
Etot7857 = 2.3841
cput7857 = 8094.83
mu7858 = 3.3099
Etot7858 = 2.3841
cput7858 = 8095.86
mu7859 = 3.3098
Etot7859 = 2.3841
cput7859 = 8096.9
mu7860 = 3.3097
Etot7860 = 2.384
cput7860 = 8097.92
mu7861 = 3.3096
Etot7861 = 2.384
cput7861 = 8098.96
mu7862 = 3.3095
Etot7862 = 2.384
cput7862 = 8100
mu7863 = 3.3095
Etot7863 = 2.3839
cput7863 = 8101.04
mu7864 = 3.3094
Etot7864 = 2.3839
cput7864 = 8102.07
mu7865 = 3.3093
Etot7865 = 2.3839
cput7865 = 8103.09
mu7866 = 3.3092
Etot7866 = 2.3838
cput7866 = 8104.12
mu7867 = 3.3091
Etot7867 = 2.3838
cput7867 = 8105.14
mu7868 = 3.3091
Etot7868 = 2.3838
cput7868 = 8106.19
mu7869 = 3.309
Etot7869 = 2.3837
cput7869 = 8107.22
mu7870 = 3.3089
Etot7870 = 2.3837
cput7870 = 8108.24
mu7871 = 3.3088
Etot7871 = 2.3837
cput7871 = 8109.26
mu7872 = 3.3088
Etot7872 = 2.3836
cput7872 = 8110.27
mu7873 = 3.3087
Etot7873 = 2.3836
cput7873 = 8111.29
mu7874 = 3.3086
Etot7874 = 2.3836
cput7874 = 8112.31
mu7875 = 3.3085
Etot7875 = 2.3835
cput7875 = 8113.32
mu7876 = 3.3084
Etot7876 = 2.3835
cput7876 = 8114.33
mu7877 = 3.3084
Etot7877 = 2.3835
cput7877 = 8115.36
mu7878 = 3.3083
Etot7878 = 2.3835
cput7878 = 8116.38
mu7879 = 3.3082
Etot7879 = 2.3834
cput7879 = 8117.39
mu7880 = 3.3081
Etot7880 = 2.3834
cput7880 = 8118.42
mu7881 = 3.308
Etot7881 = 2.3834
cput7881 = 8119.45
mu7882 = 3.308
Etot7882 = 2.3833
cput7882 = 8120.48
mu7883 = 3.3079
Etot7883 = 2.3833
cput7883 = 8121.5
mu7884 = 3.3078
Etot7884 = 2.3833
cput7884 = 8122.51
mu7885 = 3.3077
Etot7885 = 2.3832
cput7885 = 8123.53
mu7886 = 3.3077
Etot7886 = 2.3832
cput7886 = 8124.56
mu7887 = 3.3076
Etot7887 = 2.3832
cput7887 = 8125.58
mu7888 = 3.3075
Etot7888 = 2.3831
cput7888 = 8126.6
mu7889 = 3.3074
Etot7889 = 2.3831
cput7889 = 8127.62
mu7890 = 3.3073
Etot7890 = 2.3831
cput7890 = 8128.64
mu7891 = 3.3073
Etot7891 = 2.383
cput7891 = 8129.65
mu7892 = 3.3072
Etot7892 = 2.383
cput7892 = 8130.66
mu7893 = 3.3071
Etot7893 = 2.383
cput7893 = 8131.68
mu7894 = 3.307
Etot7894 = 2.3829
cput7894 = 8132.7
mu7895 = 3.3069
Etot7895 = 2.3829
cput7895 = 8133.73
mu7896 = 3.3069
Etot7896 = 2.3829
cput7896 = 8134.75
mu7897 = 3.3068
Etot7897 = 2.3829
cput7897 = 8135.77
mu7898 = 3.3067
Etot7898 = 2.3828
cput7898 = 8136.79
mu7899 = 3.3066
Etot7899 = 2.3828
cput7899 = 8137.82
mu7900 = 3.3066
Etot7900 = 2.3828
cput7900 = 8138.84
mu7901 = 3.3065
Etot7901 = 2.3827
cput7901 = 8139.87
mu7902 = 3.3064
Etot7902 = 2.3827
cput7902 = 8140.89
mu7903 = 3.3063
Etot7903 = 2.3827
cput7903 = 8141.91
mu7904 = 3.3062
Etot7904 = 2.3826
cput7904 = 8142.93
mu7905 = 3.3062
Etot7905 = 2.3826
cput7905 = 8143.94
mu7906 = 3.3061
Etot7906 = 2.3826
cput7906 = 8144.95
mu7907 = 3.306
Etot7907 = 2.3825
cput7907 = 8145.96
mu7908 = 3.3059
Etot7908 = 2.3825
cput7908 = 8146.97
mu7909 = 3.3058
Etot7909 = 2.3825
cput7909 = 8147.98
mu7910 = 3.3058
Etot7910 = 2.3824
cput7910 = 8149.01
mu7911 = 3.3057
Etot7911 = 2.3824
cput7911 = 8150.03
mu7912 = 3.3056
Etot7912 = 2.3824
cput7912 = 8151.06
mu7913 = 3.3055
Etot7913 = 2.3823
cput7913 = 8152.08
mu7914 = 3.3054
Etot7914 = 2.3823
cput7914 = 8153.11
mu7915 = 3.3054
Etot7915 = 2.3823
cput7915 = 8154.13
mu7916 = 3.3053
Etot7916 = 2.3823
cput7916 = 8155.16
mu7917 = 3.3052
Etot7917 = 2.3822
cput7917 = 8156.19
mu7918 = 3.3051
Etot7918 = 2.3822
cput7918 = 8157.22
mu7919 = 3.3051
Etot7919 = 2.3822
cput7919 = 8158.24
mu7920 = 3.305
Etot7920 = 2.3821
cput7920 = 8159.26
mu7921 = 3.3049
Etot7921 = 2.3821
cput7921 = 8160.28
mu7922 = 3.3048
Etot7922 = 2.3821
cput7922 = 8161.3
mu7923 = 3.3047
Etot7923 = 2.382
cput7923 = 8162.33
mu7924 = 3.3047
Etot7924 = 2.382
cput7924 = 8163.36
mu7925 = 3.3046
Etot7925 = 2.382
cput7925 = 8164.38
mu7926 = 3.3045
Etot7926 = 2.3819
cput7926 = 8165.41
mu7927 = 3.3044
Etot7927 = 2.3819
cput7927 = 8166.45
mu7928 = 3.3043
Etot7928 = 2.3819
cput7928 = 8167.48
mu7929 = 3.3043
Etot7929 = 2.3818
cput7929 = 8168.51
mu7930 = 3.3042
Etot7930 = 2.3818
cput7930 = 8169.53
mu7931 = 3.3041
Etot7931 = 2.3818
cput7931 = 8170.56
mu7932 = 3.304
Etot7932 = 2.3817
cput7932 = 8171.59
mu7933 = 3.3039
Etot7933 = 2.3817
cput7933 = 8172.63
mu7934 = 3.3039
Etot7934 = 2.3817
cput7934 = 8173.66
mu7935 = 3.3038
Etot7935 = 2.3817
cput7935 = 8174.69
mu7936 = 3.3037
Etot7936 = 2.3816
cput7936 = 8175.73
mu7937 = 3.3036
Etot7937 = 2.3816
cput7937 = 8176.76
mu7938 = 3.3036
Etot7938 = 2.3816
cput7938 = 8177.79
mu7939 = 3.3035
Etot7939 = 2.3815
cput7939 = 8178.82
mu7940 = 3.3034
Etot7940 = 2.3815
cput7940 = 8179.85
mu7941 = 3.3033
Etot7941 = 2.3815
cput7941 = 8180.88
mu7942 = 3.3032
Etot7942 = 2.3814
cput7942 = 8181.91
mu7943 = 3.3032
Etot7943 = 2.3814
cput7943 = 8182.95
mu7944 = 3.3031
Etot7944 = 2.3814
cput7944 = 8183.97
mu7945 = 3.303
Etot7945 = 2.3813
cput7945 = 8185
mu7946 = 3.3029
Etot7946 = 2.3813
cput7946 = 8186.03
mu7947 = 3.3028
Etot7947 = 2.3813
cput7947 = 8187.05
mu7948 = 3.3028
Etot7948 = 2.3812
cput7948 = 8188.07
mu7949 = 3.3027
Etot7949 = 2.3812
cput7949 = 8189.1
mu7950 = 3.3026
Etot7950 = 2.3812
cput7950 = 8190.12
mu7951 = 3.3025
Etot7951 = 2.3811
cput7951 = 8191.15
mu7952 = 3.3024
Etot7952 = 2.3811
cput7952 = 8192.18
mu7953 = 3.3024
Etot7953 = 2.3811
cput7953 = 8193.21
mu7954 = 3.3023
Etot7954 = 2.3811
cput7954 = 8194.24
mu7955 = 3.3022
Etot7955 = 2.381
cput7955 = 8195.27
mu7956 = 3.3021
Etot7956 = 2.381
cput7956 = 8196.3
mu7957 = 3.302
Etot7957 = 2.381
cput7957 = 8197.32
mu7958 = 3.302
Etot7958 = 2.3809
cput7958 = 8198.34
mu7959 = 3.3019
Etot7959 = 2.3809
cput7959 = 8199.36
mu7960 = 3.3018
Etot7960 = 2.3809
cput7960 = 8200.39
mu7961 = 3.3017
Etot7961 = 2.3808
cput7961 = 8201.42
mu7962 = 3.3017
Etot7962 = 2.3808
cput7962 = 8202.44
mu7963 = 3.3016
Etot7963 = 2.3808
cput7963 = 8203.47
mu7964 = 3.3015
Etot7964 = 2.3807
cput7964 = 8204.49
mu7965 = 3.3014
Etot7965 = 2.3807
cput7965 = 8205.5
mu7966 = 3.3013
Etot7966 = 2.3807
cput7966 = 8206.53
mu7967 = 3.3013
Etot7967 = 2.3806
cput7967 = 8207.56
mu7968 = 3.3012
Etot7968 = 2.3806
cput7968 = 8208.59
mu7969 = 3.3011
Etot7969 = 2.3806
cput7969 = 8209.61
mu7970 = 3.301
Etot7970 = 2.3805
cput7970 = 8210.63
mu7971 = 3.3009
Etot7971 = 2.3805
cput7971 = 8211.66
mu7972 = 3.3009
Etot7972 = 2.3805
cput7972 = 8212.68
mu7973 = 3.3008
Etot7973 = 2.3804
cput7973 = 8213.71
mu7974 = 3.3007
Etot7974 = 2.3804
cput7974 = 8214.73
mu7975 = 3.3006
Etot7975 = 2.3804
cput7975 = 8215.76
mu7976 = 3.3005
Etot7976 = 2.3804
cput7976 = 8216.8
mu7977 = 3.3005
Etot7977 = 2.3803
cput7977 = 8217.83
mu7978 = 3.3004
Etot7978 = 2.3803
cput7978 = 8218.85
mu7979 = 3.3003
Etot7979 = 2.3803
cput7979 = 8219.86
mu7980 = 3.3002
Etot7980 = 2.3802
cput7980 = 8220.88
mu7981 = 3.3001
Etot7981 = 2.3802
cput7981 = 8221.9
mu7982 = 3.3001
Etot7982 = 2.3802
cput7982 = 8222.91
mu7983 = 3.3
Etot7983 = 2.3801
cput7983 = 8223.93
mu7984 = 3.2999
Etot7984 = 2.3801
cput7984 = 8224.95
mu7985 = 3.2998
Etot7985 = 2.3801
cput7985 = 8225.97
mu7986 = 3.2997
Etot7986 = 2.38
cput7986 = 8226.99
mu7987 = 3.2997
Etot7987 = 2.38
cput7987 = 8228.03
mu7988 = 3.2996
Etot7988 = 2.38
cput7988 = 8229.06
mu7989 = 3.2995
Etot7989 = 2.3799
cput7989 = 8230.08
mu7990 = 3.2994
Etot7990 = 2.3799
cput7990 = 8231.1
mu7991 = 3.2994
Etot7991 = 2.3799
cput7991 = 8232.13
mu7992 = 3.2993
Etot7992 = 2.3798
cput7992 = 8233.16
mu7993 = 3.2992
Etot7993 = 2.3798
cput7993 = 8234.17
mu7994 = 3.2991
Etot7994 = 2.3798
cput7994 = 8235.19
mu7995 = 3.299
Etot7995 = 2.3798
cput7995 = 8236.21
mu7996 = 3.299
Etot7996 = 2.3797
cput7996 = 8237.24
mu7997 = 3.2989
Etot7997 = 2.3797
cput7997 = 8238.26
mu7998 = 3.2988
Etot7998 = 2.3797
cput7998 = 8239.28
mu7999 = 3.2987
Etot7999 = 2.3796
cput7999 = 8240.29
mu8000 = 3.2986
Etot8000 = 2.3796
cput8000 = 8241.32
mu8001 = 3.2986
Etot8001 = 2.3796
cput8001 = 8242.34
mu8002 = 3.2985
Etot8002 = 2.3795
cput8002 = 8243.36
mu8003 = 3.2984
Etot8003 = 2.3795
cput8003 = 8244.36
mu8004 = 3.2983
Etot8004 = 2.3795
cput8004 = 8245.37
mu8005 = 3.2982
Etot8005 = 2.3794
cput8005 = 8246.38
mu8006 = 3.2982
Etot8006 = 2.3794
cput8006 = 8247.39
mu8007 = 3.2981
Etot8007 = 2.3794
cput8007 = 8248.4
mu8008 = 3.298
Etot8008 = 2.3793
cput8008 = 8249.41
mu8009 = 3.2979
Etot8009 = 2.3793
cput8009 = 8250.43
mu8010 = 3.2978
Etot8010 = 2.3793
cput8010 = 8251.45
mu8011 = 3.2978
Etot8011 = 2.3792
cput8011 = 8252.46
mu8012 = 3.2977
Etot8012 = 2.3792
cput8012 = 8253.47
mu8013 = 3.2976
Etot8013 = 2.3792
cput8013 = 8254.49
mu8014 = 3.2975
Etot8014 = 2.3791
cput8014 = 8255.49
mu8015 = 3.2974
Etot8015 = 2.3791
cput8015 = 8256.51
mu8016 = 3.2974
Etot8016 = 2.3791
cput8016 = 8257.52
mu8017 = 3.2973
Etot8017 = 2.3791
cput8017 = 8258.55
mu8018 = 3.2972
Etot8018 = 2.379
cput8018 = 8259.57
mu8019 = 3.2971
Etot8019 = 2.379
cput8019 = 8260.58
mu8020 = 3.297
Etot8020 = 2.379
cput8020 = 8261.6
mu8021 = 3.297
Etot8021 = 2.3789
cput8021 = 8262.62
mu8022 = 3.2969
Etot8022 = 2.3789
cput8022 = 8263.63
mu8023 = 3.2968
Etot8023 = 2.3789
cput8023 = 8264.66
mu8024 = 3.2967
Etot8024 = 2.3788
cput8024 = 8265.69
mu8025 = 3.2966
Etot8025 = 2.3788
cput8025 = 8266.73
mu8026 = 3.2966
Etot8026 = 2.3788
cput8026 = 8267.74
mu8027 = 3.2965
Etot8027 = 2.3787
cput8027 = 8268.75
mu8028 = 3.2964
Etot8028 = 2.3787
cput8028 = 8269.78
mu8029 = 3.2963
Etot8029 = 2.3787
cput8029 = 8270.8
mu8030 = 3.2963
Etot8030 = 2.3786
cput8030 = 8271.83
mu8031 = 3.2962
Etot8031 = 2.3786
cput8031 = 8272.86
mu8032 = 3.2961
Etot8032 = 2.3786
cput8032 = 8273.89
mu8033 = 3.296
Etot8033 = 2.3785
cput8033 = 8274.91
mu8034 = 3.2959
Etot8034 = 2.3785
cput8034 = 8275.93
mu8035 = 3.2959
Etot8035 = 2.3785
cput8035 = 8276.96
mu8036 = 3.2958
Etot8036 = 2.3784
cput8036 = 8277.99
mu8037 = 3.2957
Etot8037 = 2.3784
cput8037 = 8279.02
mu8038 = 3.2956
Etot8038 = 2.3784
cput8038 = 8280.04
mu8039 = 3.2955
Etot8039 = 2.3784
cput8039 = 8281.07
mu8040 = 3.2955
Etot8040 = 2.3783
cput8040 = 8282.08
mu8041 = 3.2954
Etot8041 = 2.3783
cput8041 = 8283.1
mu8042 = 3.2953
Etot8042 = 2.3783
cput8042 = 8284.12
mu8043 = 3.2952
Etot8043 = 2.3782
cput8043 = 8285.14
mu8044 = 3.2951
Etot8044 = 2.3782
cput8044 = 8286.17
mu8045 = 3.2951
Etot8045 = 2.3782
cput8045 = 8287.19
mu8046 = 3.295
Etot8046 = 2.3781
cput8046 = 8288.22
mu8047 = 3.2949
Etot8047 = 2.3781
cput8047 = 8289.24
mu8048 = 3.2948
Etot8048 = 2.3781
cput8048 = 8290.27
mu8049 = 3.2947
Etot8049 = 2.378
cput8049 = 8291.3
mu8050 = 3.2947
Etot8050 = 2.378
cput8050 = 8292.32
mu8051 = 3.2946
Etot8051 = 2.378
cput8051 = 8293.35
mu8052 = 3.2945
Etot8052 = 2.3779
cput8052 = 8294.38
mu8053 = 3.2944
Etot8053 = 2.3779
cput8053 = 8295.4
mu8054 = 3.2943
Etot8054 = 2.3779
cput8054 = 8296.43
mu8055 = 3.2943
Etot8055 = 2.3778
cput8055 = 8297.46
mu8056 = 3.2942
Etot8056 = 2.3778
cput8056 = 8298.48
mu8057 = 3.2941
Etot8057 = 2.3778
cput8057 = 8299.51
mu8058 = 3.294
Etot8058 = 2.3777
cput8058 = 8300.53
mu8059 = 3.2939
Etot8059 = 2.3777
cput8059 = 8301.55
mu8060 = 3.2939
Etot8060 = 2.3777
cput8060 = 8302.58
mu8061 = 3.2938
Etot8061 = 2.3777
cput8061 = 8303.61
mu8062 = 3.2937
Etot8062 = 2.3776
cput8062 = 8304.63
mu8063 = 3.2936
Etot8063 = 2.3776
cput8063 = 8305.66
mu8064 = 3.2935
Etot8064 = 2.3776
cput8064 = 8306.69
mu8065 = 3.2935
Etot8065 = 2.3775
cput8065 = 8307.72
mu8066 = 3.2934
Etot8066 = 2.3775
cput8066 = 8308.75
mu8067 = 3.2933
Etot8067 = 2.3775
cput8067 = 8309.76
mu8068 = 3.2932
Etot8068 = 2.3774
cput8068 = 8310.79
mu8069 = 3.2931
Etot8069 = 2.3774
cput8069 = 8311.81
mu8070 = 3.2931
Etot8070 = 2.3774
cput8070 = 8312.84
mu8071 = 3.293
Etot8071 = 2.3773
cput8071 = 8313.86
mu8072 = 3.2929
Etot8072 = 2.3773
cput8072 = 8314.88
mu8073 = 3.2928
Etot8073 = 2.3773
cput8073 = 8315.92
mu8074 = 3.2927
Etot8074 = 2.3772
cput8074 = 8316.94
mu8075 = 3.2927
Etot8075 = 2.3772
cput8075 = 8317.97
mu8076 = 3.2926
Etot8076 = 2.3772
cput8076 = 8319
mu8077 = 3.2925
Etot8077 = 2.3771
cput8077 = 8320.02
mu8078 = 3.2924
Etot8078 = 2.3771
cput8078 = 8321.06
mu8079 = 3.2923
Etot8079 = 2.3771
cput8079 = 8322.09
mu8080 = 3.2923
Etot8080 = 2.377
cput8080 = 8323.12
mu8081 = 3.2922
Etot8081 = 2.377
cput8081 = 8324.14
mu8082 = 3.2921
Etot8082 = 2.377
cput8082 = 8325.18
mu8083 = 3.292
Etot8083 = 2.377
cput8083 = 8326.22
mu8084 = 3.2919
Etot8084 = 2.3769
cput8084 = 8327.25
mu8085 = 3.2919
Etot8085 = 2.3769
cput8085 = 8328.28
mu8086 = 3.2918
Etot8086 = 2.3769
cput8086 = 8329.31
mu8087 = 3.2917
Etot8087 = 2.3768
cput8087 = 8330.33
mu8088 = 3.2916
Etot8088 = 2.3768
cput8088 = 8331.37
mu8089 = 3.2915
Etot8089 = 2.3768
cput8089 = 8332.4
mu8090 = 3.2915
Etot8090 = 2.3767
cput8090 = 8333.43
mu8091 = 3.2914
Etot8091 = 2.3767
cput8091 = 8334.44
mu8092 = 3.2913
Etot8092 = 2.3767
cput8092 = 8335.45
mu8093 = 3.2912
Etot8093 = 2.3766
cput8093 = 8336.48
mu8094 = 3.2911
Etot8094 = 2.3766
cput8094 = 8337.5
mu8095 = 3.2911
Etot8095 = 2.3766
cput8095 = 8338.52
mu8096 = 3.291
Etot8096 = 2.3765
cput8096 = 8339.54
mu8097 = 3.2909
Etot8097 = 2.3765
cput8097 = 8340.57
mu8098 = 3.2908
Etot8098 = 2.3765
cput8098 = 8341.62
mu8099 = 3.2907
Etot8099 = 2.3764
cput8099 = 8342.66
mu8100 = 3.2907
Etot8100 = 2.3764
cput8100 = 8343.7
mu8101 = 3.2906
Etot8101 = 2.3764
cput8101 = 8344.74
mu8102 = 3.2905
Etot8102 = 2.3763
cput8102 = 8345.76
mu8103 = 3.2904
Etot8103 = 2.3763
cput8103 = 8346.79
mu8104 = 3.2903
Etot8104 = 2.3763
cput8104 = 8347.81
mu8105 = 3.2903
Etot8105 = 2.3763
cput8105 = 8348.85
mu8106 = 3.2902
Etot8106 = 2.3762
cput8106 = 8349.88
mu8107 = 3.2901
Etot8107 = 2.3762
cput8107 = 8350.91
mu8108 = 3.29
Etot8108 = 2.3762
cput8108 = 8351.95
mu8109 = 3.2899
Etot8109 = 2.3761
cput8109 = 8352.99
mu8110 = 3.2899
Etot8110 = 2.3761
cput8110 = 8354.02
mu8111 = 3.2898
Etot8111 = 2.3761
cput8111 = 8355.04
mu8112 = 3.2897
Etot8112 = 2.376
cput8112 = 8356.06
mu8113 = 3.2896
Etot8113 = 2.376
cput8113 = 8357.09
mu8114 = 3.2895
Etot8114 = 2.376
cput8114 = 8358.11
mu8115 = 3.2895
Etot8115 = 2.3759
cput8115 = 8359.14
mu8116 = 3.2894
Etot8116 = 2.3759
cput8116 = 8360.17
mu8117 = 3.2893
Etot8117 = 2.3759
cput8117 = 8361.21
mu8118 = 3.2892
Etot8118 = 2.3758
cput8118 = 8362.24
mu8119 = 3.2891
Etot8119 = 2.3758
cput8119 = 8363.26
mu8120 = 3.2891
Etot8120 = 2.3758
cput8120 = 8364.29
mu8121 = 3.289
Etot8121 = 2.3757
cput8121 = 8365.3
mu8122 = 3.2889
Etot8122 = 2.3757
cput8122 = 8366.31
mu8123 = 3.2888
Etot8123 = 2.3757
cput8123 = 8367.33
mu8124 = 3.2887
Etot8124 = 2.3756
cput8124 = 8368.34
mu8125 = 3.2887
Etot8125 = 2.3756
cput8125 = 8369.36
mu8126 = 3.2886
Etot8126 = 2.3756
cput8126 = 8370.38
mu8127 = 3.2885
Etot8127 = 2.3755
cput8127 = 8371.39
mu8128 = 3.2884
Etot8128 = 2.3755
cput8128 = 8372.4
mu8129 = 3.2883
Etot8129 = 2.3755
cput8129 = 8373.41
mu8130 = 3.2883
Etot8130 = 2.3755
cput8130 = 8374.43
mu8131 = 3.2882
Etot8131 = 2.3754
cput8131 = 8375.46
mu8132 = 3.2881
Etot8132 = 2.3754
cput8132 = 8376.47
mu8133 = 3.288
Etot8133 = 2.3754
cput8133 = 8377.49
mu8134 = 3.2879
Etot8134 = 2.3753
cput8134 = 8378.53
mu8135 = 3.2879
Etot8135 = 2.3753
cput8135 = 8379.57
mu8136 = 3.2878
Etot8136 = 2.3753
cput8136 = 8380.59
mu8137 = 3.2877
Etot8137 = 2.3752
cput8137 = 8381.61
mu8138 = 3.2876
Etot8138 = 2.3752
cput8138 = 8382.65
mu8139 = 3.2875
Etot8139 = 2.3752
cput8139 = 8383.66
mu8140 = 3.2875
Etot8140 = 2.3751
cput8140 = 8384.69
mu8141 = 3.2874
Etot8141 = 2.3751
cput8141 = 8385.73
mu8142 = 3.2873
Etot8142 = 2.3751
cput8142 = 8386.75
mu8143 = 3.2872
Etot8143 = 2.375
cput8143 = 8387.77
mu8144 = 3.2871
Etot8144 = 2.375
cput8144 = 8388.8
mu8145 = 3.2871
Etot8145 = 2.375
cput8145 = 8389.81
mu8146 = 3.287
Etot8146 = 2.3749
cput8146 = 8390.81
mu8147 = 3.2869
Etot8147 = 2.3749
cput8147 = 8391.82
mu8148 = 3.2868
Etot8148 = 2.3749
cput8148 = 8392.83
mu8149 = 3.2867
Etot8149 = 2.3748
cput8149 = 8393.84
mu8150 = 3.2867
Etot8150 = 2.3748
cput8150 = 8394.85
mu8151 = 3.2866
Etot8151 = 2.3748
cput8151 = 8395.85
mu8152 = 3.2865
Etot8152 = 2.3748
cput8152 = 8396.87
mu8153 = 3.2864
Etot8153 = 2.3747
cput8153 = 8397.87
mu8154 = 3.2863
Etot8154 = 2.3747
cput8154 = 8398.88
mu8155 = 3.2863
Etot8155 = 2.3747
cput8155 = 8399.89
mu8156 = 3.2862
Etot8156 = 2.3746
cput8156 = 8400.91
mu8157 = 3.2861
Etot8157 = 2.3746
cput8157 = 8401.92
mu8158 = 3.286
Etot8158 = 2.3746
cput8158 = 8402.94
mu8159 = 3.2859
Etot8159 = 2.3745
cput8159 = 8403.96
mu8160 = 3.2859
Etot8160 = 2.3745
cput8160 = 8405.01
mu8161 = 3.2858
Etot8161 = 2.3745
cput8161 = 8406.04
mu8162 = 3.2857
Etot8162 = 2.3744
cput8162 = 8407.06
mu8163 = 3.2856
Etot8163 = 2.3744
cput8163 = 8408.07
mu8164 = 3.2855
Etot8164 = 2.3744
cput8164 = 8409.09
mu8165 = 3.2855
Etot8165 = 2.3743
cput8165 = 8410.13
mu8166 = 3.2854
Etot8166 = 2.3743
cput8166 = 8411.17
mu8167 = 3.2853
Etot8167 = 2.3743
cput8167 = 8412.2
mu8168 = 3.2852
Etot8168 = 2.3742
cput8168 = 8413.24
mu8169 = 3.2851
Etot8169 = 2.3742
cput8169 = 8414.26
mu8170 = 3.2851
Etot8170 = 2.3742
cput8170 = 8415.27
mu8171 = 3.285
Etot8171 = 2.3741
cput8171 = 8416.3
mu8172 = 3.2849
Etot8172 = 2.3741
cput8172 = 8417.31
mu8173 = 3.2848
Etot8173 = 2.3741
cput8173 = 8418.34
mu8174 = 3.2847
Etot8174 = 2.374
cput8174 = 8419.35
mu8175 = 3.2847
Etot8175 = 2.374
cput8175 = 8420.36
mu8176 = 3.2846
Etot8176 = 2.374
cput8176 = 8421.36
mu8177 = 3.2845
Etot8177 = 2.374
cput8177 = 8422.38
mu8178 = 3.2844
Etot8178 = 2.3739
cput8178 = 8423.41
mu8179 = 3.2843
Etot8179 = 2.3739
cput8179 = 8424.42
mu8180 = 3.2843
Etot8180 = 2.3739
cput8180 = 8425.44
mu8181 = 3.2842
Etot8181 = 2.3738
cput8181 = 8426.46
mu8182 = 3.2841
Etot8182 = 2.3738
cput8182 = 8427.48
mu8183 = 3.284
Etot8183 = 2.3738
cput8183 = 8428.51
mu8184 = 3.2839
Etot8184 = 2.3737
cput8184 = 8429.53
mu8185 = 3.2839
Etot8185 = 2.3737
cput8185 = 8430.56
mu8186 = 3.2838
Etot8186 = 2.3737
cput8186 = 8431.6
mu8187 = 3.2837
Etot8187 = 2.3736
cput8187 = 8432.63
mu8188 = 3.2836
Etot8188 = 2.3736
cput8188 = 8433.65
mu8189 = 3.2835
Etot8189 = 2.3736
cput8189 = 8434.68
mu8190 = 3.2835
Etot8190 = 2.3735
cput8190 = 8435.71
mu8191 = 3.2834
Etot8191 = 2.3735
cput8191 = 8436.73
mu8192 = 3.2833
Etot8192 = 2.3735
cput8192 = 8437.76
mu8193 = 3.2832
Etot8193 = 2.3734
cput8193 = 8438.78
mu8194 = 3.2831
Etot8194 = 2.3734
cput8194 = 8439.79
mu8195 = 3.2831
Etot8195 = 2.3734
cput8195 = 8440.82
mu8196 = 3.283
Etot8196 = 2.3733
cput8196 = 8441.84
mu8197 = 3.2829
Etot8197 = 2.3733
cput8197 = 8442.84
mu8198 = 3.2828
Etot8198 = 2.3733
cput8198 = 8443.86
mu8199 = 3.2827
Etot8199 = 2.3733
cput8199 = 8444.87
mu8200 = 3.2827
Etot8200 = 2.3732
cput8200 = 8445.87
mu8201 = 3.2826
Etot8201 = 2.3732
cput8201 = 8446.87
mu8202 = 3.2825
Etot8202 = 2.3732
cput8202 = 8447.88
mu8203 = 3.2824
Etot8203 = 2.3731
cput8203 = 8448.89
mu8204 = 3.2823
Etot8204 = 2.3731
cput8204 = 8449.91
mu8205 = 3.2823
Etot8205 = 2.3731
cput8205 = 8450.92
mu8206 = 3.2822
Etot8206 = 2.373
cput8206 = 8451.92
mu8207 = 3.2821
Etot8207 = 2.373
cput8207 = 8452.93
mu8208 = 3.282
Etot8208 = 2.373
cput8208 = 8453.94
mu8209 = 3.2819
Etot8209 = 2.3729
cput8209 = 8454.96
mu8210 = 3.2819
Etot8210 = 2.3729
cput8210 = 8455.99
mu8211 = 3.2818
Etot8211 = 2.3729
cput8211 = 8457
mu8212 = 3.2817
Etot8212 = 2.3728
cput8212 = 8458.02
mu8213 = 3.2816
Etot8213 = 2.3728
cput8213 = 8459.04
mu8214 = 3.2815
Etot8214 = 2.3728
cput8214 = 8460.06
mu8215 = 3.2815
Etot8215 = 2.3727
cput8215 = 8461.09
mu8216 = 3.2814
Etot8216 = 2.3727
cput8216 = 8462.12
mu8217 = 3.2813
Etot8217 = 2.3727
cput8217 = 8463.14
mu8218 = 3.2812
Etot8218 = 2.3726
cput8218 = 8464.15
mu8219 = 3.2811
Etot8219 = 2.3726
cput8219 = 8465.15
mu8220 = 3.2811
Etot8220 = 2.3726
cput8220 = 8466.16
mu8221 = 3.281
Etot8221 = 2.3726
cput8221 = 8467.16
mu8222 = 3.2809
Etot8222 = 2.3725
cput8222 = 8468.16
mu8223 = 3.2808
Etot8223 = 2.3725
cput8223 = 8469.18
mu8224 = 3.2807
Etot8224 = 2.3725
cput8224 = 8470.2
mu8225 = 3.2807
Etot8225 = 2.3724
cput8225 = 8471.21
mu8226 = 3.2806
Etot8226 = 2.3724
cput8226 = 8472.24
mu8227 = 3.2805
Etot8227 = 2.3724
cput8227 = 8473.26
mu8228 = 3.2804
Etot8228 = 2.3723
cput8228 = 8474.28
mu8229 = 3.2803
Etot8229 = 2.3723
cput8229 = 8475.3
mu8230 = 3.2803
Etot8230 = 2.3723
cput8230 = 8476.32
mu8231 = 3.2802
Etot8231 = 2.3722
cput8231 = 8477.34
mu8232 = 3.2801
Etot8232 = 2.3722
cput8232 = 8478.36
mu8233 = 3.28
Etot8233 = 2.3722
cput8233 = 8479.38
mu8234 = 3.2799
Etot8234 = 2.3721
cput8234 = 8480.41
mu8235 = 3.2799
Etot8235 = 2.3721
cput8235 = 8481.44
mu8236 = 3.2798
Etot8236 = 2.3721
cput8236 = 8482.46
mu8237 = 3.2797
Etot8237 = 2.372
cput8237 = 8483.48
mu8238 = 3.2796
Etot8238 = 2.372
cput8238 = 8484.5
mu8239 = 3.2795
Etot8239 = 2.372
cput8239 = 8485.53
mu8240 = 3.2795
Etot8240 = 2.3719
cput8240 = 8486.55
mu8241 = 3.2794
Etot8241 = 2.3719
cput8241 = 8487.57
mu8242 = 3.2793
Etot8242 = 2.3719
cput8242 = 8488.59
mu8243 = 3.2792
Etot8243 = 2.3718
cput8243 = 8489.61
mu8244 = 3.2791
Etot8244 = 2.3718
cput8244 = 8490.63
mu8245 = 3.2791
Etot8245 = 2.3718
cput8245 = 8491.65
mu8246 = 3.279
Etot8246 = 2.3718
cput8246 = 8492.67
mu8247 = 3.2789
Etot8247 = 2.3717
cput8247 = 8493.68
mu8248 = 3.2788
Etot8248 = 2.3717
cput8248 = 8494.71
mu8249 = 3.2787
Etot8249 = 2.3717
cput8249 = 8495.73
mu8250 = 3.2787
Etot8250 = 2.3716
cput8250 = 8496.75
mu8251 = 3.2786
Etot8251 = 2.3716
cput8251 = 8497.77
mu8252 = 3.2785
Etot8252 = 2.3716
cput8252 = 8498.8
mu8253 = 3.2784
Etot8253 = 2.3715
cput8253 = 8499.83
mu8254 = 3.2783
Etot8254 = 2.3715
cput8254 = 8500.86
mu8255 = 3.2783
Etot8255 = 2.3715
cput8255 = 8501.87
mu8256 = 3.2782
Etot8256 = 2.3714
cput8256 = 8502.89
mu8257 = 3.2781
Etot8257 = 2.3714
cput8257 = 8503.92
mu8258 = 3.278
Etot8258 = 2.3714
cput8258 = 8504.94
mu8259 = 3.2779
Etot8259 = 2.3713
cput8259 = 8505.95
mu8260 = 3.2779
Etot8260 = 2.3713
cput8260 = 8506.98
mu8261 = 3.2778
Etot8261 = 2.3713
cput8261 = 8508
mu8262 = 3.2777
Etot8262 = 2.3712
cput8262 = 8509.03
mu8263 = 3.2776
Etot8263 = 2.3712
cput8263 = 8510.05
mu8264 = 3.2775
Etot8264 = 2.3712
cput8264 = 8511.09
mu8265 = 3.2775
Etot8265 = 2.3711
cput8265 = 8512.11
mu8266 = 3.2774
Etot8266 = 2.3711
cput8266 = 8513.13
mu8267 = 3.2773
Etot8267 = 2.3711
cput8267 = 8514.16
mu8268 = 3.2772
Etot8268 = 2.3711
cput8268 = 8515.19
mu8269 = 3.2771
Etot8269 = 2.371
cput8269 = 8516.22
mu8270 = 3.2771
Etot8270 = 2.371
cput8270 = 8517.24
mu8271 = 3.277
Etot8271 = 2.371
cput8271 = 8518.27
mu8272 = 3.2769
Etot8272 = 2.3709
cput8272 = 8519.29
mu8273 = 3.2768
Etot8273 = 2.3709
cput8273 = 8520.32
mu8274 = 3.2767
Etot8274 = 2.3709
cput8274 = 8521.34
mu8275 = 3.2767
Etot8275 = 2.3708
cput8275 = 8522.36
mu8276 = 3.2766
Etot8276 = 2.3708
cput8276 = 8523.38
mu8277 = 3.2765
Etot8277 = 2.3708
cput8277 = 8524.41
mu8278 = 3.2764
Etot8278 = 2.3707
cput8278 = 8525.43
mu8279 = 3.2763
Etot8279 = 2.3707
cput8279 = 8526.44
mu8280 = 3.2762
Etot8280 = 2.3707
cput8280 = 8527.47
mu8281 = 3.2762
Etot8281 = 2.3706
cput8281 = 8528.49
mu8282 = 3.2761
Etot8282 = 2.3706
cput8282 = 8529.52
mu8283 = 3.276
Etot8283 = 2.3706
cput8283 = 8530.54
mu8284 = 3.2759
Etot8284 = 2.3705
cput8284 = 8531.57
mu8285 = 3.2758
Etot8285 = 2.3705
cput8285 = 8532.6
mu8286 = 3.2758
Etot8286 = 2.3705
cput8286 = 8533.62
mu8287 = 3.2757
Etot8287 = 2.3704
cput8287 = 8534.64
mu8288 = 3.2756
Etot8288 = 2.3704
cput8288 = 8535.65
mu8289 = 3.2755
Etot8289 = 2.3704
cput8289 = 8536.68
mu8290 = 3.2754
Etot8290 = 2.3704
cput8290 = 8537.7
mu8291 = 3.2754
Etot8291 = 2.3703
cput8291 = 8538.72
mu8292 = 3.2753
Etot8292 = 2.3703
cput8292 = 8539.75
mu8293 = 3.2752
Etot8293 = 2.3703
cput8293 = 8540.78
mu8294 = 3.2751
Etot8294 = 2.3702
cput8294 = 8541.8
mu8295 = 3.275
Etot8295 = 2.3702
cput8295 = 8542.83
mu8296 = 3.275
Etot8296 = 2.3702
cput8296 = 8543.87
mu8297 = 3.2749
Etot8297 = 2.3701
cput8297 = 8544.9
mu8298 = 3.2748
Etot8298 = 2.3701
cput8298 = 8545.9
mu8299 = 3.2747
Etot8299 = 2.3701
cput8299 = 8546.9
mu8300 = 3.2746
Etot8300 = 2.37
cput8300 = 8547.92
mu8301 = 3.2746
Etot8301 = 2.37
cput8301 = 8548.93
mu8302 = 3.2745
Etot8302 = 2.37
cput8302 = 8549.93
mu8303 = 3.2744
Etot8303 = 2.3699
cput8303 = 8550.95
mu8304 = 3.2743
Etot8304 = 2.3699
cput8304 = 8551.98
mu8305 = 3.2742
Etot8305 = 2.3699
cput8305 = 8552.99
mu8306 = 3.2742
Etot8306 = 2.3698
cput8306 = 8554
mu8307 = 3.2741
Etot8307 = 2.3698
cput8307 = 8555
mu8308 = 3.274
Etot8308 = 2.3698
cput8308 = 8556.03
mu8309 = 3.2739
Etot8309 = 2.3697
cput8309 = 8557.05
mu8310 = 3.2738
Etot8310 = 2.3697
cput8310 = 8558.07
mu8311 = 3.2738
Etot8311 = 2.3697
cput8311 = 8559.09
mu8312 = 3.2737
Etot8312 = 2.3697
cput8312 = 8560.11
mu8313 = 3.2736
Etot8313 = 2.3696
cput8313 = 8561.13
mu8314 = 3.2735
Etot8314 = 2.3696
cput8314 = 8562.15
mu8315 = 3.2734
Etot8315 = 2.3696
cput8315 = 8563.18
mu8316 = 3.2734
Etot8316 = 2.3695
cput8316 = 8564.21
mu8317 = 3.2733
Etot8317 = 2.3695
cput8317 = 8565.23
mu8318 = 3.2732
Etot8318 = 2.3695
cput8318 = 8566.24
mu8319 = 3.2731
Etot8319 = 2.3694
cput8319 = 8567.26
mu8320 = 3.273
Etot8320 = 2.3694
cput8320 = 8568.29
mu8321 = 3.273
Etot8321 = 2.3694
cput8321 = 8569.3
mu8322 = 3.2729
Etot8322 = 2.3693
cput8322 = 8570.32
mu8323 = 3.2728
Etot8323 = 2.3693
cput8323 = 8571.34
mu8324 = 3.2727
Etot8324 = 2.3693
cput8324 = 8572.36
mu8325 = 3.2726
Etot8325 = 2.3692
cput8325 = 8573.39
mu8326 = 3.2726
Etot8326 = 2.3692
cput8326 = 8574.42
mu8327 = 3.2725
Etot8327 = 2.3692
cput8327 = 8575.45
mu8328 = 3.2724
Etot8328 = 2.3691
cput8328 = 8576.47
mu8329 = 3.2723
Etot8329 = 2.3691
cput8329 = 8577.49
mu8330 = 3.2722
Etot8330 = 2.3691
cput8330 = 8578.52
mu8331 = 3.2722
Etot8331 = 2.369
cput8331 = 8579.55
mu8332 = 3.2721
Etot8332 = 2.369
cput8332 = 8580.57
mu8333 = 3.272
Etot8333 = 2.369
cput8333 = 8581.59
mu8334 = 3.2719
Etot8334 = 2.369
cput8334 = 8582.62
mu8335 = 3.2718
Etot8335 = 2.3689
cput8335 = 8583.65
mu8336 = 3.2718
Etot8336 = 2.3689
cput8336 = 8584.67
mu8337 = 3.2717
Etot8337 = 2.3689
cput8337 = 8585.69
mu8338 = 3.2716
Etot8338 = 2.3688
cput8338 = 8586.73
mu8339 = 3.2715
Etot8339 = 2.3688
cput8339 = 8587.76
mu8340 = 3.2714
Etot8340 = 2.3688
cput8340 = 8588.79
mu8341 = 3.2714
Etot8341 = 2.3687
cput8341 = 8589.82
mu8342 = 3.2713
Etot8342 = 2.3687
cput8342 = 8590.84
mu8343 = 3.2712
Etot8343 = 2.3687
cput8343 = 8591.86
mu8344 = 3.2711
Etot8344 = 2.3686
cput8344 = 8592.88
mu8345 = 3.271
Etot8345 = 2.3686
cput8345 = 8593.9
mu8346 = 3.271
Etot8346 = 2.3686
cput8346 = 8594.92
mu8347 = 3.2709
Etot8347 = 2.3685
cput8347 = 8595.96
mu8348 = 3.2708
Etot8348 = 2.3685
cput8348 = 8596.99
mu8349 = 3.2707
Etot8349 = 2.3685
cput8349 = 8598.02
mu8350 = 3.2706
Etot8350 = 2.3684
cput8350 = 8599.06
mu8351 = 3.2706
Etot8351 = 2.3684
cput8351 = 8600.09
mu8352 = 3.2705
Etot8352 = 2.3684
cput8352 = 8601.11
mu8353 = 3.2704
Etot8353 = 2.3683
cput8353 = 8602.13
mu8354 = 3.2703
Etot8354 = 2.3683
cput8354 = 8603.15
mu8355 = 3.2702
Etot8355 = 2.3683
cput8355 = 8604.18
mu8356 = 3.2702
Etot8356 = 2.3683
cput8356 = 8605.21
mu8357 = 3.2701
Etot8357 = 2.3682
cput8357 = 8606.23
mu8358 = 3.27
Etot8358 = 2.3682
cput8358 = 8607.26
mu8359 = 3.2699
Etot8359 = 2.3682
cput8359 = 8608.29
mu8360 = 3.2698
Etot8360 = 2.3681
cput8360 = 8609.32
mu8361 = 3.2698
Etot8361 = 2.3681
cput8361 = 8610.34
mu8362 = 3.2697
Etot8362 = 2.3681
cput8362 = 8611.37
mu8363 = 3.2696
Etot8363 = 2.368
cput8363 = 8612.4
mu8364 = 3.2695
Etot8364 = 2.368
cput8364 = 8613.44
mu8365 = 3.2694
Etot8365 = 2.368
cput8365 = 8614.48
mu8366 = 3.2694
Etot8366 = 2.3679
cput8366 = 8615.52
mu8367 = 3.2693
Etot8367 = 2.3679
cput8367 = 8616.55
mu8368 = 3.2692
Etot8368 = 2.3679
cput8368 = 8617.57
mu8369 = 3.2691
Etot8369 = 2.3678
cput8369 = 8618.59
mu8370 = 3.269
Etot8370 = 2.3678
cput8370 = 8619.61
mu8371 = 3.269
Etot8371 = 2.3678
cput8371 = 8620.63
mu8372 = 3.2689
Etot8372 = 2.3677
cput8372 = 8621.66
mu8373 = 3.2688
Etot8373 = 2.3677
cput8373 = 8622.68
mu8374 = 3.2687
Etot8374 = 2.3677
cput8374 = 8623.69
mu8375 = 3.2686
Etot8375 = 2.3677
cput8375 = 8624.69
mu8376 = 3.2686
Etot8376 = 2.3676
cput8376 = 8625.71
mu8377 = 3.2685
Etot8377 = 2.3676
cput8377 = 8626.72
mu8378 = 3.2684
Etot8378 = 2.3676
cput8378 = 8627.72
mu8379 = 3.2683
Etot8379 = 2.3675
cput8379 = 8628.73
mu8380 = 3.2682
Etot8380 = 2.3675
cput8380 = 8629.76
mu8381 = 3.2682
Etot8381 = 2.3675
cput8381 = 8630.77
mu8382 = 3.2681
Etot8382 = 2.3674
cput8382 = 8631.79
mu8383 = 3.268
Etot8383 = 2.3674
cput8383 = 8632.81
mu8384 = 3.2679
Etot8384 = 2.3674
cput8384 = 8633.84
mu8385 = 3.2678
Etot8385 = 2.3673
cput8385 = 8634.84
mu8386 = 3.2678
Etot8386 = 2.3673
cput8386 = 8635.85
mu8387 = 3.2677
Etot8387 = 2.3673
cput8387 = 8636.88
mu8388 = 3.2676
Etot8388 = 2.3672
cput8388 = 8637.91
mu8389 = 3.2675
Etot8389 = 2.3672
cput8389 = 8638.94
mu8390 = 3.2674
Etot8390 = 2.3672
cput8390 = 8639.98
mu8391 = 3.2674
Etot8391 = 2.3671
cput8391 = 8641
mu8392 = 3.2673
Etot8392 = 2.3671
cput8392 = 8642.03
mu8393 = 3.2672
Etot8393 = 2.3671
cput8393 = 8643.06
mu8394 = 3.2671
Etot8394 = 2.367
cput8394 = 8644.09
mu8395 = 3.267
Etot8395 = 2.367
cput8395 = 8645.11
mu8396 = 3.267
Etot8396 = 2.367
cput8396 = 8646.14
mu8397 = 3.2669
Etot8397 = 2.367
cput8397 = 8647.18
mu8398 = 3.2668
Etot8398 = 2.3669
cput8398 = 8648.2
mu8399 = 3.2667
Etot8399 = 2.3669
cput8399 = 8649.24
mu8400 = 3.2666
Etot8400 = 2.3669
cput8400 = 8650.27
mu8401 = 3.2666
Etot8401 = 2.3668
cput8401 = 8651.3
mu8402 = 3.2665
Etot8402 = 2.3668
cput8402 = 8652.32
mu8403 = 3.2664
Etot8403 = 2.3668
cput8403 = 8653.35
mu8404 = 3.2663
Etot8404 = 2.3667
cput8404 = 8654.38
mu8405 = 3.2662
Etot8405 = 2.3667
cput8405 = 8655.4
mu8406 = 3.2662
Etot8406 = 2.3667
cput8406 = 8656.43
mu8407 = 3.2661
Etot8407 = 2.3666
cput8407 = 8657.46
mu8408 = 3.266
Etot8408 = 2.3666
cput8408 = 8658.48
mu8409 = 3.2659
Etot8409 = 2.3666
cput8409 = 8659.5
mu8410 = 3.2658
Etot8410 = 2.3665
cput8410 = 8660.51
mu8411 = 3.2658
Etot8411 = 2.3665
cput8411 = 8661.53
mu8412 = 3.2657
Etot8412 = 2.3665
cput8412 = 8662.55
mu8413 = 3.2656
Etot8413 = 2.3664
cput8413 = 8663.58
mu8414 = 3.2655
Etot8414 = 2.3664
cput8414 = 8664.61
mu8415 = 3.2654
Etot8415 = 2.3664
cput8415 = 8665.64
mu8416 = 3.2654
Etot8416 = 2.3664
cput8416 = 8666.68
mu8417 = 3.2653
Etot8417 = 2.3663
cput8417 = 8667.71
mu8418 = 3.2652
Etot8418 = 2.3663
cput8418 = 8668.72
mu8419 = 3.2651
Etot8419 = 2.3663
cput8419 = 8669.73
mu8420 = 3.265
Etot8420 = 2.3662
cput8420 = 8670.76
mu8421 = 3.265
Etot8421 = 2.3662
cput8421 = 8671.79
mu8422 = 3.2649
Etot8422 = 2.3662
cput8422 = 8672.82
mu8423 = 3.2648
Etot8423 = 2.3661
cput8423 = 8673.83
mu8424 = 3.2647
Etot8424 = 2.3661
cput8424 = 8674.85
mu8425 = 3.2646
Etot8425 = 2.3661
cput8425 = 8675.87
mu8426 = 3.2646
Etot8426 = 2.366
cput8426 = 8676.89
mu8427 = 3.2645
Etot8427 = 2.366
cput8427 = 8677.9
mu8428 = 3.2644
Etot8428 = 2.366
cput8428 = 8678.93
mu8429 = 3.2643
Etot8429 = 2.3659
cput8429 = 8679.94
mu8430 = 3.2642
Etot8430 = 2.3659
cput8430 = 8680.94
mu8431 = 3.2642
Etot8431 = 2.3659
cput8431 = 8681.96
mu8432 = 3.2641
Etot8432 = 2.3658
cput8432 = 8682.97
mu8433 = 3.264
Etot8433 = 2.3658
cput8433 = 8684
mu8434 = 3.2639
Etot8434 = 2.3658
cput8434 = 8685.02
mu8435 = 3.2638
Etot8435 = 2.3658
cput8435 = 8686.04
mu8436 = 3.2638
Etot8436 = 2.3657
cput8436 = 8687.07
mu8437 = 3.2637
Etot8437 = 2.3657
cput8437 = 8688.1
mu8438 = 3.2636
Etot8438 = 2.3657
cput8438 = 8689.12
mu8439 = 3.2635
Etot8439 = 2.3656
cput8439 = 8690.15
mu8440 = 3.2634
Etot8440 = 2.3656
cput8440 = 8691.17
mu8441 = 3.2634
Etot8441 = 2.3656
cput8441 = 8692.2
mu8442 = 3.2633
Etot8442 = 2.3655
cput8442 = 8693.23
mu8443 = 3.2632
Etot8443 = 2.3655
cput8443 = 8694.26
mu8444 = 3.2631
Etot8444 = 2.3655
cput8444 = 8695.29
mu8445 = 3.263
Etot8445 = 2.3654
cput8445 = 8696.32
mu8446 = 3.263
Etot8446 = 2.3654
cput8446 = 8697.34
mu8447 = 3.2629
Etot8447 = 2.3654
cput8447 = 8698.35
mu8448 = 3.2628
Etot8448 = 2.3653
cput8448 = 8699.37
mu8449 = 3.2627
Etot8449 = 2.3653
cput8449 = 8700.39
mu8450 = 3.2626
Etot8450 = 2.3653
cput8450 = 8701.41
mu8451 = 3.2626
Etot8451 = 2.3652
cput8451 = 8702.42
mu8452 = 3.2625
Etot8452 = 2.3652
cput8452 = 8703.44
mu8453 = 3.2624
Etot8453 = 2.3652
cput8453 = 8704.46
mu8454 = 3.2623
Etot8454 = 2.3652
cput8454 = 8705.48
mu8455 = 3.2622
Etot8455 = 2.3651
cput8455 = 8706.51
mu8456 = 3.2622
Etot8456 = 2.3651
cput8456 = 8707.53
mu8457 = 3.2621
Etot8457 = 2.3651
cput8457 = 8708.56
mu8458 = 3.262
Etot8458 = 2.365
cput8458 = 8709.59
mu8459 = 3.2619
Etot8459 = 2.365
cput8459 = 8710.61
mu8460 = 3.2619
Etot8460 = 2.365
cput8460 = 8711.64
mu8461 = 3.2618
Etot8461 = 2.3649
cput8461 = 8712.67
mu8462 = 3.2617
Etot8462 = 2.3649
cput8462 = 8713.7
mu8463 = 3.2616
Etot8463 = 2.3649
cput8463 = 8714.72
mu8464 = 3.2615
Etot8464 = 2.3648
cput8464 = 8715.75
mu8465 = 3.2615
Etot8465 = 2.3648
cput8465 = 8716.79
mu8466 = 3.2614
Etot8466 = 2.3648
cput8466 = 8717.81
mu8467 = 3.2613
Etot8467 = 2.3647
cput8467 = 8718.84
mu8468 = 3.2612
Etot8468 = 2.3647
cput8468 = 8719.88
mu8469 = 3.2611
Etot8469 = 2.3647
cput8469 = 8720.91
mu8470 = 3.2611
Etot8470 = 2.3646
cput8470 = 8721.94
mu8471 = 3.261
Etot8471 = 2.3646
cput8471 = 8722.96
mu8472 = 3.2609
Etot8472 = 2.3646
cput8472 = 8723.98
mu8473 = 3.2608
Etot8473 = 2.3646
cput8473 = 8725.01
mu8474 = 3.2607
Etot8474 = 2.3645
cput8474 = 8726.04
mu8475 = 3.2607
Etot8475 = 2.3645
cput8475 = 8727.07
mu8476 = 3.2606
Etot8476 = 2.3645
cput8476 = 8728.1
mu8477 = 3.2605
Etot8477 = 2.3644
cput8477 = 8729.13
mu8478 = 3.2604
Etot8478 = 2.3644
cput8478 = 8730.17
mu8479 = 3.2603
Etot8479 = 2.3644
cput8479 = 8731.2
mu8480 = 3.2603
Etot8480 = 2.3643
cput8480 = 8732.23
mu8481 = 3.2602
Etot8481 = 2.3643
cput8481 = 8733.26
mu8482 = 3.2601
Etot8482 = 2.3643
cput8482 = 8734.28
mu8483 = 3.26
Etot8483 = 2.3642
cput8483 = 8735.32
mu8484 = 3.2599
Etot8484 = 2.3642
cput8484 = 8736.34
mu8485 = 3.2599
Etot8485 = 2.3642
cput8485 = 8737.35
mu8486 = 3.2598
Etot8486 = 2.3641
cput8486 = 8738.37
mu8487 = 3.2597
Etot8487 = 2.3641
cput8487 = 8739.4
mu8488 = 3.2596
Etot8488 = 2.3641
cput8488 = 8740.43
mu8489 = 3.2595
Etot8489 = 2.364
cput8489 = 8741.46
mu8490 = 3.2595
Etot8490 = 2.364
cput8490 = 8742.49
mu8491 = 3.2594
Etot8491 = 2.364
cput8491 = 8743.53
mu8492 = 3.2593
Etot8492 = 2.364
cput8492 = 8744.56
mu8493 = 3.2592
Etot8493 = 2.3639
cput8493 = 8745.6
mu8494 = 3.2591
Etot8494 = 2.3639
cput8494 = 8746.62
mu8495 = 3.2591
Etot8495 = 2.3639
cput8495 = 8747.65
mu8496 = 3.259
Etot8496 = 2.3638
cput8496 = 8748.68
mu8497 = 3.2589
Etot8497 = 2.3638
cput8497 = 8749.71
mu8498 = 3.2588
Etot8498 = 2.3638
cput8498 = 8750.73
mu8499 = 3.2587
Etot8499 = 2.3637
cput8499 = 8751.76
mu8500 = 3.2587
Etot8500 = 2.3637
cput8500 = 8752.79
mu8501 = 3.2586
Etot8501 = 2.3637
cput8501 = 8753.83
mu8502 = 3.2585
Etot8502 = 2.3636
cput8502 = 8754.86
mu8503 = 3.2584
Etot8503 = 2.3636
cput8503 = 8755.88
mu8504 = 3.2583
Etot8504 = 2.3636
cput8504 = 8756.92
mu8505 = 3.2583
Etot8505 = 2.3635
cput8505 = 8757.95
mu8506 = 3.2582
Etot8506 = 2.3635
cput8506 = 8758.97
mu8507 = 3.2581
Etot8507 = 2.3635
cput8507 = 8759.99
mu8508 = 3.258
Etot8508 = 2.3635
cput8508 = 8761.02
mu8509 = 3.2579
Etot8509 = 2.3634
cput8509 = 8762.04
mu8510 = 3.2579
Etot8510 = 2.3634
cput8510 = 8763.07
mu8511 = 3.2578
Etot8511 = 2.3634
cput8511 = 8764.1
mu8512 = 3.2577
Etot8512 = 2.3633
cput8512 = 8765.13
mu8513 = 3.2576
Etot8513 = 2.3633
cput8513 = 8766.17
mu8514 = 3.2576
Etot8514 = 2.3633
cput8514 = 8767.21
mu8515 = 3.2575
Etot8515 = 2.3632
cput8515 = 8768.24
mu8516 = 3.2574
Etot8516 = 2.3632
cput8516 = 8769.27
mu8517 = 3.2573
Etot8517 = 2.3632
cput8517 = 8770.31
mu8518 = 3.2572
Etot8518 = 2.3631
cput8518 = 8771.35
mu8519 = 3.2572
Etot8519 = 2.3631
cput8519 = 8772.37
mu8520 = 3.2571
Etot8520 = 2.3631
cput8520 = 8773.39
mu8521 = 3.257
Etot8521 = 2.363
cput8521 = 8774.43
mu8522 = 3.2569
Etot8522 = 2.363
cput8522 = 8775.46
mu8523 = 3.2568
Etot8523 = 2.363
cput8523 = 8776.5
mu8524 = 3.2568
Etot8524 = 2.363
cput8524 = 8777.53
mu8525 = 3.2567
Etot8525 = 2.3629
cput8525 = 8778.55
mu8526 = 3.2566
Etot8526 = 2.3629
cput8526 = 8779.57
mu8527 = 3.2565
Etot8527 = 2.3629
cput8527 = 8780.6
mu8528 = 3.2564
Etot8528 = 2.3628
cput8528 = 8781.61
mu8529 = 3.2564
Etot8529 = 2.3628
cput8529 = 8782.63
mu8530 = 3.2563
Etot8530 = 2.3628
cput8530 = 8783.65
mu8531 = 3.2562
Etot8531 = 2.3627
cput8531 = 8784.67
mu8532 = 3.2561
Etot8532 = 2.3627
cput8532 = 8785.68
mu8533 = 3.256
Etot8533 = 2.3627
cput8533 = 8786.7
mu8534 = 3.256
Etot8534 = 2.3626
cput8534 = 8787.72
mu8535 = 3.2559
Etot8535 = 2.3626
cput8535 = 8788.73
mu8536 = 3.2558
Etot8536 = 2.3626
cput8536 = 8789.75
mu8537 = 3.2557
Etot8537 = 2.3625
cput8537 = 8790.77
mu8538 = 3.2556
Etot8538 = 2.3625
cput8538 = 8791.8
mu8539 = 3.2556
Etot8539 = 2.3625
cput8539 = 8792.81
mu8540 = 3.2555
Etot8540 = 2.3624
cput8540 = 8793.84
mu8541 = 3.2554
Etot8541 = 2.3624
cput8541 = 8794.85
mu8542 = 3.2553
Etot8542 = 2.3624
cput8542 = 8795.87
mu8543 = 3.2553
Etot8543 = 2.3624
cput8543 = 8796.9
mu8544 = 3.2552
Etot8544 = 2.3623
cput8544 = 8797.93
mu8545 = 3.2551
Etot8545 = 2.3623
cput8545 = 8798.96
mu8546 = 3.255
Etot8546 = 2.3623
cput8546 = 8799.99
mu8547 = 3.2549
Etot8547 = 2.3622
cput8547 = 8801.01
mu8548 = 3.2549
Etot8548 = 2.3622
cput8548 = 8802.02
mu8549 = 3.2548
Etot8549 = 2.3622
cput8549 = 8803.03
mu8550 = 3.2547
Etot8550 = 2.3621
cput8550 = 8804.04
mu8551 = 3.2546
Etot8551 = 2.3621
cput8551 = 8805.04
mu8552 = 3.2545
Etot8552 = 2.3621
cput8552 = 8806.05
mu8553 = 3.2545
Etot8553 = 2.362
cput8553 = 8807.05
mu8554 = 3.2544
Etot8554 = 2.362
cput8554 = 8808.06
mu8555 = 3.2543
Etot8555 = 2.362
cput8555 = 8809.07
mu8556 = 3.2542
Etot8556 = 2.3619
cput8556 = 8810.1
mu8557 = 3.2541
Etot8557 = 2.3619
cput8557 = 8811.12
mu8558 = 3.2541
Etot8558 = 2.3619
cput8558 = 8812.15
mu8559 = 3.254
Etot8559 = 2.3619
cput8559 = 8813.18
mu8560 = 3.2539
Etot8560 = 2.3618
cput8560 = 8814.2
mu8561 = 3.2538
Etot8561 = 2.3618
cput8561 = 8815.22
mu8562 = 3.2537
Etot8562 = 2.3618
cput8562 = 8816.24
mu8563 = 3.2537
Etot8563 = 2.3617
cput8563 = 8817.27
mu8564 = 3.2536
Etot8564 = 2.3617
cput8564 = 8818.3
mu8565 = 3.2535
Etot8565 = 2.3617
cput8565 = 8819.32
mu8566 = 3.2534
Etot8566 = 2.3616
cput8566 = 8820.34
mu8567 = 3.2533
Etot8567 = 2.3616
cput8567 = 8821.35
mu8568 = 3.2533
Etot8568 = 2.3616
cput8568 = 8822.38
mu8569 = 3.2532
Etot8569 = 2.3615
cput8569 = 8823.4
mu8570 = 3.2531
Etot8570 = 2.3615
cput8570 = 8824.43
mu8571 = 3.253
Etot8571 = 2.3615
cput8571 = 8825.46
mu8572 = 3.253
Etot8572 = 2.3614
cput8572 = 8826.49
mu8573 = 3.2529
Etot8573 = 2.3614
cput8573 = 8827.51
mu8574 = 3.2528
Etot8574 = 2.3614
cput8574 = 8828.55
mu8575 = 3.2527
Etot8575 = 2.3614
cput8575 = 8829.58
mu8576 = 3.2526
Etot8576 = 2.3613
cput8576 = 8830.61
mu8577 = 3.2526
Etot8577 = 2.3613
cput8577 = 8831.64
mu8578 = 3.2525
Etot8578 = 2.3613
cput8578 = 8832.67
mu8579 = 3.2524
Etot8579 = 2.3612
cput8579 = 8833.71
mu8580 = 3.2523
Etot8580 = 2.3612
cput8580 = 8834.75
mu8581 = 3.2522
Etot8581 = 2.3612
cput8581 = 8835.78
mu8582 = 3.2522
Etot8582 = 2.3611
cput8582 = 8836.81
mu8583 = 3.2521
Etot8583 = 2.3611
cput8583 = 8837.83
mu8584 = 3.252
Etot8584 = 2.3611
cput8584 = 8838.86
mu8585 = 3.2519
Etot8585 = 2.361
cput8585 = 8839.89
mu8586 = 3.2518
Etot8586 = 2.361
cput8586 = 8840.92
mu8587 = 3.2518
Etot8587 = 2.361
cput8587 = 8841.95
mu8588 = 3.2517
Etot8588 = 2.361
cput8588 = 8842.98
mu8589 = 3.2516
Etot8589 = 2.3609
cput8589 = 8844.01
mu8590 = 3.2515
Etot8590 = 2.3609
cput8590 = 8845.03
mu8591 = 3.2515
Etot8591 = 2.3609
cput8591 = 8846.06
mu8592 = 3.2514
Etot8592 = 2.3608
cput8592 = 8847.1
mu8593 = 3.2513
Etot8593 = 2.3608
cput8593 = 8848.13
mu8594 = 3.2512
Etot8594 = 2.3608
cput8594 = 8849.15
mu8595 = 3.2511
Etot8595 = 2.3607
cput8595 = 8850.18
mu8596 = 3.2511
Etot8596 = 2.3607
cput8596 = 8851.22
mu8597 = 3.251
Etot8597 = 2.3607
cput8597 = 8852.25
mu8598 = 3.2509
Etot8598 = 2.3606
cput8598 = 8853.28
mu8599 = 3.2508
Etot8599 = 2.3606
cput8599 = 8854.31
mu8600 = 3.2507
Etot8600 = 2.3606
cput8600 = 8855.34
mu8601 = 3.2507
Etot8601 = 2.3605
cput8601 = 8856.37
mu8602 = 3.2506
Etot8602 = 2.3605
cput8602 = 8857.41
mu8603 = 3.2505
Etot8603 = 2.3605
cput8603 = 8858.44
mu8604 = 3.2504
Etot8604 = 2.3605
cput8604 = 8859.48
mu8605 = 3.2503
Etot8605 = 2.3604
cput8605 = 8860.51
mu8606 = 3.2503
Etot8606 = 2.3604
cput8606 = 8861.53
mu8607 = 3.2502
Etot8607 = 2.3604
cput8607 = 8862.57
mu8608 = 3.2501
Etot8608 = 2.3603
cput8608 = 8863.59
mu8609 = 3.25
Etot8609 = 2.3603
cput8609 = 8864.61
mu8610 = 3.25
Etot8610 = 2.3603
cput8610 = 8865.64
mu8611 = 3.2499
Etot8611 = 2.3602
cput8611 = 8866.67
mu8612 = 3.2498
Etot8612 = 2.3602
cput8612 = 8867.69
mu8613 = 3.2497
Etot8613 = 2.3602
cput8613 = 8868.71
mu8614 = 3.2496
Etot8614 = 2.3601
cput8614 = 8869.73
mu8615 = 3.2496
Etot8615 = 2.3601
cput8615 = 8870.75
mu8616 = 3.2495
Etot8616 = 2.3601
cput8616 = 8871.78
mu8617 = 3.2494
Etot8617 = 2.36
cput8617 = 8872.8
mu8618 = 3.2493
Etot8618 = 2.36
cput8618 = 8873.82
mu8619 = 3.2492
Etot8619 = 2.36
cput8619 = 8874.84
mu8620 = 3.2492
Etot8620 = 2.36
cput8620 = 8875.87
mu8621 = 3.2491
Etot8621 = 2.3599
cput8621 = 8876.89
mu8622 = 3.249
Etot8622 = 2.3599
cput8622 = 8877.91
mu8623 = 3.2489
Etot8623 = 2.3599
cput8623 = 8878.93
mu8624 = 3.2489
Etot8624 = 2.3598
cput8624 = 8879.95
mu8625 = 3.2488
Etot8625 = 2.3598
cput8625 = 8880.97
mu8626 = 3.2487
Etot8626 = 2.3598
cput8626 = 8881.99
mu8627 = 3.2486
Etot8627 = 2.3597
cput8627 = 8883.03
mu8628 = 3.2485
Etot8628 = 2.3597
cput8628 = 8884.07
mu8629 = 3.2485
Etot8629 = 2.3597
cput8629 = 8885.09
mu8630 = 3.2484
Etot8630 = 2.3596
cput8630 = 8886.13
mu8631 = 3.2483
Etot8631 = 2.3596
cput8631 = 8887.15
mu8632 = 3.2482
Etot8632 = 2.3596
cput8632 = 8888.18
mu8633 = 3.2481
Etot8633 = 2.3596
cput8633 = 8889.2
mu8634 = 3.2481
Etot8634 = 2.3595
cput8634 = 8890.21
mu8635 = 3.248
Etot8635 = 2.3595
cput8635 = 8891.23
mu8636 = 3.2479
Etot8636 = 2.3595
cput8636 = 8892.26
mu8637 = 3.2478
Etot8637 = 2.3594
cput8637 = 8893.28
mu8638 = 3.2477
Etot8638 = 2.3594
cput8638 = 8894.3
mu8639 = 3.2477
Etot8639 = 2.3594
cput8639 = 8895.32
mu8640 = 3.2476
Etot8640 = 2.3593
cput8640 = 8896.35
mu8641 = 3.2475
Etot8641 = 2.3593
cput8641 = 8897.37
mu8642 = 3.2474
Etot8642 = 2.3593
cput8642 = 8898.37
mu8643 = 3.2474
Etot8643 = 2.3592
cput8643 = 8899.39
mu8644 = 3.2473
Etot8644 = 2.3592
cput8644 = 8900.41
mu8645 = 3.2472
Etot8645 = 2.3592
cput8645 = 8901.44
mu8646 = 3.2471
Etot8646 = 2.3592
cput8646 = 8902.46
mu8647 = 3.247
Etot8647 = 2.3591
cput8647 = 8903.49
mu8648 = 3.247
Etot8648 = 2.3591
cput8648 = 8904.52
mu8649 = 3.2469
Etot8649 = 2.3591
cput8649 = 8905.54
mu8650 = 3.2468
Etot8650 = 2.359
cput8650 = 8906.57
mu8651 = 3.2467
Etot8651 = 2.359
cput8651 = 8907.6
mu8652 = 3.2466
Etot8652 = 2.359
cput8652 = 8908.61
mu8653 = 3.2466
Etot8653 = 2.3589
cput8653 = 8909.64
mu8654 = 3.2465
Etot8654 = 2.3589
cput8654 = 8910.66
mu8655 = 3.2464
Etot8655 = 2.3589
cput8655 = 8911.68
mu8656 = 3.2463
Etot8656 = 2.3588
cput8656 = 8912.71
mu8657 = 3.2463
Etot8657 = 2.3588
cput8657 = 8913.74
mu8658 = 3.2462
Etot8658 = 2.3588
cput8658 = 8914.77
mu8659 = 3.2461
Etot8659 = 2.3587
cput8659 = 8915.8
mu8660 = 3.246
Etot8660 = 2.3587
cput8660 = 8916.82
mu8661 = 3.2459
Etot8661 = 2.3587
cput8661 = 8917.85
mu8662 = 3.2459
Etot8662 = 2.3587
cput8662 = 8918.87
mu8663 = 3.2458
Etot8663 = 2.3586
cput8663 = 8919.89
mu8664 = 3.2457
Etot8664 = 2.3586
cput8664 = 8920.91
mu8665 = 3.2456
Etot8665 = 2.3586
cput8665 = 8921.93
mu8666 = 3.2456
Etot8666 = 2.3585
cput8666 = 8922.94
mu8667 = 3.2455
Etot8667 = 2.3585
cput8667 = 8923.97
mu8668 = 3.2454
Etot8668 = 2.3585
cput8668 = 8924.99
mu8669 = 3.2453
Etot8669 = 2.3584
cput8669 = 8926.01
mu8670 = 3.2452
Etot8670 = 2.3584
cput8670 = 8927.04
mu8671 = 3.2452
Etot8671 = 2.3584
cput8671 = 8928.06
mu8672 = 3.2451
Etot8672 = 2.3583
cput8672 = 8929.08
mu8673 = 3.245
Etot8673 = 2.3583
cput8673 = 8930.11
mu8674 = 3.2449
Etot8674 = 2.3583
cput8674 = 8931.13
mu8675 = 3.2448
Etot8675 = 2.3583
cput8675 = 8932.15
mu8676 = 3.2448
Etot8676 = 2.3582
cput8676 = 8933.17
mu8677 = 3.2447
Etot8677 = 2.3582
cput8677 = 8934.18
mu8678 = 3.2446
Etot8678 = 2.3582
cput8678 = 8935.19
mu8679 = 3.2445
Etot8679 = 2.3581
cput8679 = 8936.2
mu8680 = 3.2445
Etot8680 = 2.3581
cput8680 = 8937.23
mu8681 = 3.2444
Etot8681 = 2.3581
cput8681 = 8938.25
mu8682 = 3.2443
Etot8682 = 2.358
cput8682 = 8939.27
mu8683 = 3.2442
Etot8683 = 2.358
cput8683 = 8940.29
mu8684 = 3.2441
Etot8684 = 2.358
cput8684 = 8941.32
mu8685 = 3.2441
Etot8685 = 2.3579
cput8685 = 8942.35
mu8686 = 3.244
Etot8686 = 2.3579
cput8686 = 8943.38
mu8687 = 3.2439
Etot8687 = 2.3579
cput8687 = 8944.4
mu8688 = 3.2438
Etot8688 = 2.3579
cput8688 = 8945.43
mu8689 = 3.2438
Etot8689 = 2.3578
cput8689 = 8946.45
mu8690 = 3.2437
Etot8690 = 2.3578
cput8690 = 8947.48
mu8691 = 3.2436
Etot8691 = 2.3578
cput8691 = 8948.51
mu8692 = 3.2435
Etot8692 = 2.3577
cput8692 = 8949.55
mu8693 = 3.2434
Etot8693 = 2.3577
cput8693 = 8950.57
mu8694 = 3.2434
Etot8694 = 2.3577
cput8694 = 8951.6
mu8695 = 3.2433
Etot8695 = 2.3576
cput8695 = 8952.64
mu8696 = 3.2432
Etot8696 = 2.3576
cput8696 = 8953.66
mu8697 = 3.2431
Etot8697 = 2.3576
cput8697 = 8954.68
mu8698 = 3.243
Etot8698 = 2.3575
cput8698 = 8955.71
mu8699 = 3.243
Etot8699 = 2.3575
cput8699 = 8956.74
mu8700 = 3.2429
Etot8700 = 2.3575
cput8700 = 8957.77
mu8701 = 3.2428
Etot8701 = 2.3575
cput8701 = 8958.81
mu8702 = 3.2427
Etot8702 = 2.3574
cput8702 = 8959.83
mu8703 = 3.2427
Etot8703 = 2.3574
cput8703 = 8960.86
mu8704 = 3.2426
Etot8704 = 2.3574
cput8704 = 8961.88
mu8705 = 3.2425
Etot8705 = 2.3573
cput8705 = 8962.91
mu8706 = 3.2424
Etot8706 = 2.3573
cput8706 = 8963.94
mu8707 = 3.2423
Etot8707 = 2.3573
cput8707 = 8964.96
mu8708 = 3.2423
Etot8708 = 2.3572
cput8708 = 8965.99
mu8709 = 3.2422
Etot8709 = 2.3572
cput8709 = 8967.02
mu8710 = 3.2421
Etot8710 = 2.3572
cput8710 = 8968.03
mu8711 = 3.242
Etot8711 = 2.3572
cput8711 = 8969.05
mu8712 = 3.242
Etot8712 = 2.3571
cput8712 = 8970.08
mu8713 = 3.2419
Etot8713 = 2.3571
cput8713 = 8971.12
mu8714 = 3.2418
Etot8714 = 2.3571
cput8714 = 8972.14
mu8715 = 3.2417
Etot8715 = 2.357
cput8715 = 8973.16
mu8716 = 3.2416
Etot8716 = 2.357
cput8716 = 8974.18
mu8717 = 3.2416
Etot8717 = 2.357
cput8717 = 8975.2
mu8718 = 3.2415
Etot8718 = 2.3569
cput8718 = 8976.22
mu8719 = 3.2414
Etot8719 = 2.3569
cput8719 = 8977.24
mu8720 = 3.2413
Etot8720 = 2.3569
cput8720 = 8978.27
mu8721 = 3.2413
Etot8721 = 2.3568
cput8721 = 8979.29
mu8722 = 3.2412
Etot8722 = 2.3568
cput8722 = 8980.31
mu8723 = 3.2411
Etot8723 = 2.3568
cput8723 = 8981.34
mu8724 = 3.241
Etot8724 = 2.3568
cput8724 = 8982.36
mu8725 = 3.2409
Etot8725 = 2.3567
cput8725 = 8983.39
mu8726 = 3.2409
Etot8726 = 2.3567
cput8726 = 8984.42
mu8727 = 3.2408
Etot8727 = 2.3567
cput8727 = 8985.44
mu8728 = 3.2407
Etot8728 = 2.3566
cput8728 = 8986.47
mu8729 = 3.2406
Etot8729 = 2.3566
cput8729 = 8987.5
mu8730 = 3.2406
Etot8730 = 2.3566
cput8730 = 8988.53
mu8731 = 3.2405
Etot8731 = 2.3565
cput8731 = 8989.56
mu8732 = 3.2404
Etot8732 = 2.3565
cput8732 = 8990.6
mu8733 = 3.2403
Etot8733 = 2.3565
cput8733 = 8991.63
mu8734 = 3.2402
Etot8734 = 2.3564
cput8734 = 8992.67
mu8735 = 3.2402
Etot8735 = 2.3564
cput8735 = 8993.7
mu8736 = 3.2401
Etot8736 = 2.3564
cput8736 = 8994.73
mu8737 = 3.24
Etot8737 = 2.3564
cput8737 = 8995.76
mu8738 = 3.2399
Etot8738 = 2.3563
cput8738 = 8996.79
mu8739 = 3.2399
Etot8739 = 2.3563
cput8739 = 8997.83
mu8740 = 3.2398
Etot8740 = 2.3563
cput8740 = 8998.86
mu8741 = 3.2397
Etot8741 = 2.3562
cput8741 = 8999.88
mu8742 = 3.2396
Etot8742 = 2.3562
cput8742 = 9000.91
mu8743 = 3.2395
Etot8743 = 2.3562
cput8743 = 9001.94
mu8744 = 3.2395
Etot8744 = 2.3561
cput8744 = 9002.97
mu8745 = 3.2394
Etot8745 = 2.3561
cput8745 = 9003.99
mu8746 = 3.2393
Etot8746 = 2.3561
cput8746 = 9005.02
mu8747 = 3.2392
Etot8747 = 2.3561
cput8747 = 9006.03
mu8748 = 3.2392
Etot8748 = 2.356
cput8748 = 9007.04
mu8749 = 3.2391
Etot8749 = 2.356
cput8749 = 9008.05
mu8750 = 3.239
Etot8750 = 2.356
cput8750 = 9009.07
mu8751 = 3.2389
Etot8751 = 2.3559
cput8751 = 9010.09
mu8752 = 3.2388
Etot8752 = 2.3559
cput8752 = 9011.1
mu8753 = 3.2388
Etot8753 = 2.3559
cput8753 = 9012.11
mu8754 = 3.2387
Etot8754 = 2.3558
cput8754 = 9013.13
mu8755 = 3.2386
Etot8755 = 2.3558
cput8755 = 9014.14
mu8756 = 3.2385
Etot8756 = 2.3558
cput8756 = 9015.14
mu8757 = 3.2385
Etot8757 = 2.3557
cput8757 = 9016.16
mu8758 = 3.2384
Etot8758 = 2.3557
cput8758 = 9017.17
mu8759 = 3.2383
Etot8759 = 2.3557
cput8759 = 9018.18
mu8760 = 3.2382
Etot8760 = 2.3557
cput8760 = 9019.2
mu8761 = 3.2381
Etot8761 = 2.3556
cput8761 = 9020.21
mu8762 = 3.2381
Etot8762 = 2.3556
cput8762 = 9021.23
mu8763 = 3.238
Etot8763 = 2.3556
cput8763 = 9022.24
mu8764 = 3.2379
Etot8764 = 2.3555
cput8764 = 9023.26
mu8765 = 3.2378
Etot8765 = 2.3555
cput8765 = 9024.28
mu8766 = 3.2378
Etot8766 = 2.3555
cput8766 = 9025.3
mu8767 = 3.2377
Etot8767 = 2.3554
cput8767 = 9026.31
mu8768 = 3.2376
Etot8768 = 2.3554
cput8768 = 9027.33
mu8769 = 3.2375
Etot8769 = 2.3554
cput8769 = 9028.35
mu8770 = 3.2374
Etot8770 = 2.3554
cput8770 = 9029.37
mu8771 = 3.2374
Etot8771 = 2.3553
cput8771 = 9030.4
mu8772 = 3.2373
Etot8772 = 2.3553
cput8772 = 9031.42
mu8773 = 3.2372
Etot8773 = 2.3553
cput8773 = 9032.43
mu8774 = 3.2371
Etot8774 = 2.3552
cput8774 = 9033.45
mu8775 = 3.2371
Etot8775 = 2.3552
cput8775 = 9034.48
mu8776 = 3.237
Etot8776 = 2.3552
cput8776 = 9035.51
mu8777 = 3.2369
Etot8777 = 2.3551
cput8777 = 9036.53
mu8778 = 3.2368
Etot8778 = 2.3551
cput8778 = 9037.56
mu8779 = 3.2368
Etot8779 = 2.3551
cput8779 = 9038.57
mu8780 = 3.2367
Etot8780 = 2.355
cput8780 = 9039.59
mu8781 = 3.2366
Etot8781 = 2.355
cput8781 = 9040.61
mu8782 = 3.2365
Etot8782 = 2.355
cput8782 = 9041.63
mu8783 = 3.2364
Etot8783 = 2.355
cput8783 = 9042.66
mu8784 = 3.2364
Etot8784 = 2.3549
cput8784 = 9043.69
mu8785 = 3.2363
Etot8785 = 2.3549
cput8785 = 9044.72
mu8786 = 3.2362
Etot8786 = 2.3549
cput8786 = 9045.75
mu8787 = 3.2361
Etot8787 = 2.3548
cput8787 = 9046.79
mu8788 = 3.2361
Etot8788 = 2.3548
cput8788 = 9047.82
mu8789 = 3.236
Etot8789 = 2.3548
cput8789 = 9048.85
mu8790 = 3.2359
Etot8790 = 2.3547
cput8790 = 9049.89
mu8791 = 3.2358
Etot8791 = 2.3547
cput8791 = 9050.92
mu8792 = 3.2357
Etot8792 = 2.3547
cput8792 = 9051.95
mu8793 = 3.2357
Etot8793 = 2.3547
cput8793 = 9052.97
mu8794 = 3.2356
Etot8794 = 2.3546
cput8794 = 9054
mu8795 = 3.2355
Etot8795 = 2.3546
cput8795 = 9055.03
mu8796 = 3.2354
Etot8796 = 2.3546
cput8796 = 9056.06
mu8797 = 3.2354
Etot8797 = 2.3545
cput8797 = 9057.08
mu8798 = 3.2353
Etot8798 = 2.3545
cput8798 = 9058.1
mu8799 = 3.2352
Etot8799 = 2.3545
cput8799 = 9059.14
mu8800 = 3.2351
Etot8800 = 2.3544
cput8800 = 9060.15
mu8801 = 3.2351
Etot8801 = 2.3544
cput8801 = 9061.18
mu8802 = 3.235
Etot8802 = 2.3544
cput8802 = 9062.21
mu8803 = 3.2349
Etot8803 = 2.3544
cput8803 = 9063.24
mu8804 = 3.2348
Etot8804 = 2.3543
cput8804 = 9064.26
mu8805 = 3.2347
Etot8805 = 2.3543
cput8805 = 9065.3
mu8806 = 3.2347
Etot8806 = 2.3543
cput8806 = 9066.33
mu8807 = 3.2346
Etot8807 = 2.3542
cput8807 = 9067.36
mu8808 = 3.2345
Etot8808 = 2.3542
cput8808 = 9068.38
mu8809 = 3.2344
Etot8809 = 2.3542
cput8809 = 9069.4
mu8810 = 3.2344
Etot8810 = 2.3541
cput8810 = 9070.43
mu8811 = 3.2343
Etot8811 = 2.3541
cput8811 = 9071.45
mu8812 = 3.2342
Etot8812 = 2.3541
cput8812 = 9072.47
mu8813 = 3.2341
Etot8813 = 2.3541
cput8813 = 9073.5
mu8814 = 3.2341
Etot8814 = 2.354
cput8814 = 9074.53
mu8815 = 3.234
Etot8815 = 2.354
cput8815 = 9075.56
mu8816 = 3.2339
Etot8816 = 2.354
cput8816 = 9076.59
mu8817 = 3.2338
Etot8817 = 2.3539
cput8817 = 9077.62
mu8818 = 3.2337
Etot8818 = 2.3539
cput8818 = 9078.65
mu8819 = 3.2337
Etot8819 = 2.3539
cput8819 = 9079.68
mu8820 = 3.2336
Etot8820 = 2.3538
cput8820 = 9080.71
mu8821 = 3.2335
Etot8821 = 2.3538
cput8821 = 9081.74
mu8822 = 3.2334
Etot8822 = 2.3538
cput8822 = 9082.77
mu8823 = 3.2334
Etot8823 = 2.3537
cput8823 = 9083.79
mu8824 = 3.2333
Etot8824 = 2.3537
cput8824 = 9084.81
mu8825 = 3.2332
Etot8825 = 2.3537
cput8825 = 9085.84
mu8826 = 3.2331
Etot8826 = 2.3537
cput8826 = 9086.86
mu8827 = 3.2331
Etot8827 = 2.3536
cput8827 = 9087.88
mu8828 = 3.233
Etot8828 = 2.3536
cput8828 = 9088.89
mu8829 = 3.2329
Etot8829 = 2.3536
cput8829 = 9089.91
mu8830 = 3.2328
Etot8830 = 2.3535
cput8830 = 9090.95
mu8831 = 3.2327
Etot8831 = 2.3535
cput8831 = 9091.98
mu8832 = 3.2327
Etot8832 = 2.3535
cput8832 = 9093
mu8833 = 3.2326
Etot8833 = 2.3534
cput8833 = 9094.02
mu8834 = 3.2325
Etot8834 = 2.3534
cput8834 = 9095.05
mu8835 = 3.2324
Etot8835 = 2.3534
cput8835 = 9096.07
mu8836 = 3.2324
Etot8836 = 2.3534
cput8836 = 9097.09
mu8837 = 3.2323
Etot8837 = 2.3533
cput8837 = 9098.12
mu8838 = 3.2322
Etot8838 = 2.3533
cput8838 = 9099.16
mu8839 = 3.2321
Etot8839 = 2.3533
cput8839 = 9100.2
mu8840 = 3.2321
Etot8840 = 2.3532
cput8840 = 9101.22
mu8841 = 3.232
Etot8841 = 2.3532
cput8841 = 9102.23
mu8842 = 3.2319
Etot8842 = 2.3532
cput8842 = 9103.24
mu8843 = 3.2318
Etot8843 = 2.3531
cput8843 = 9104.26
mu8844 = 3.2317
Etot8844 = 2.3531
cput8844 = 9105.28
mu8845 = 3.2317
Etot8845 = 2.3531
cput8845 = 9106.3
mu8846 = 3.2316
Etot8846 = 2.3531
cput8846 = 9107.33
mu8847 = 3.2315
Etot8847 = 2.353
cput8847 = 9108.36
mu8848 = 3.2314
Etot8848 = 2.353
cput8848 = 9109.4
mu8849 = 3.2314
Etot8849 = 2.353
cput8849 = 9110.44
mu8850 = 3.2313
Etot8850 = 2.3529
cput8850 = 9111.47
mu8851 = 3.2312
Etot8851 = 2.3529
cput8851 = 9112.5
mu8852 = 3.2311
Etot8852 = 2.3529
cput8852 = 9113.54
mu8853 = 3.2311
Etot8853 = 2.3528
cput8853 = 9114.58
mu8854 = 3.231
Etot8854 = 2.3528
cput8854 = 9115.6
mu8855 = 3.2309
Etot8855 = 2.3528
cput8855 = 9116.62
mu8856 = 3.2308
Etot8856 = 2.3528
cput8856 = 9117.65
mu8857 = 3.2308
Etot8857 = 2.3527
cput8857 = 9118.68
mu8858 = 3.2307
Etot8858 = 2.3527
cput8858 = 9119.71
mu8859 = 3.2306
Etot8859 = 2.3527
cput8859 = 9120.74
mu8860 = 3.2305
Etot8860 = 2.3526
cput8860 = 9121.77
mu8861 = 3.2304
Etot8861 = 2.3526
cput8861 = 9122.8
mu8862 = 3.2304
Etot8862 = 2.3526
cput8862 = 9123.83
mu8863 = 3.2303
Etot8863 = 2.3526
cput8863 = 9124.86
mu8864 = 3.2302
Etot8864 = 2.3525
cput8864 = 9125.88
mu8865 = 3.2301
Etot8865 = 2.3525
cput8865 = 9126.91
mu8866 = 3.2301
Etot8866 = 2.3525
cput8866 = 9127.93
mu8867 = 3.23
Etot8867 = 2.3524
cput8867 = 9128.96
mu8868 = 3.2299
Etot8868 = 2.3524
cput8868 = 9129.99
mu8869 = 3.2298
Etot8869 = 2.3524
cput8869 = 9131.02
mu8870 = 3.2298
Etot8870 = 2.3523
cput8870 = 9132.04
mu8871 = 3.2297
Etot8871 = 2.3523
cput8871 = 9133.07
mu8872 = 3.2296
Etot8872 = 2.3523
cput8872 = 9134.1
mu8873 = 3.2295
Etot8873 = 2.3523
cput8873 = 9135.13
mu8874 = 3.2295
Etot8874 = 2.3522
cput8874 = 9136.16
mu8875 = 3.2294
Etot8875 = 2.3522
cput8875 = 9137.19
mu8876 = 3.2293
Etot8876 = 2.3522
cput8876 = 9138.22
mu8877 = 3.2292
Etot8877 = 2.3521
cput8877 = 9139.26
mu8878 = 3.2291
Etot8878 = 2.3521
cput8878 = 9140.29
mu8879 = 3.2291
Etot8879 = 2.3521
cput8879 = 9141.32
mu8880 = 3.229
Etot8880 = 2.352
cput8880 = 9142.36
mu8881 = 3.2289
Etot8881 = 2.352
cput8881 = 9143.39
mu8882 = 3.2288
Etot8882 = 2.352
cput8882 = 9144.42
mu8883 = 3.2288
Etot8883 = 2.352
cput8883 = 9145.44
mu8884 = 3.2287
Etot8884 = 2.3519
cput8884 = 9146.47
mu8885 = 3.2286
Etot8885 = 2.3519
cput8885 = 9147.5
mu8886 = 3.2285
Etot8886 = 2.3519
cput8886 = 9148.53
mu8887 = 3.2285
Etot8887 = 2.3518
cput8887 = 9149.55
mu8888 = 3.2284
Etot8888 = 2.3518
cput8888 = 9150.58
mu8889 = 3.2283
Etot8889 = 2.3518
cput8889 = 9151.6
mu8890 = 3.2282
Etot8890 = 2.3517
cput8890 = 9152.62
mu8891 = 3.2282
Etot8891 = 2.3517
cput8891 = 9153.65
mu8892 = 3.2281
Etot8892 = 2.3517
cput8892 = 9154.69
mu8893 = 3.228
Etot8893 = 2.3517
cput8893 = 9155.73
mu8894 = 3.2279
Etot8894 = 2.3516
cput8894 = 9156.76
mu8895 = 3.2279
Etot8895 = 2.3516
cput8895 = 9157.78
mu8896 = 3.2278
Etot8896 = 2.3516
cput8896 = 9158.79
mu8897 = 3.2277
Etot8897 = 2.3515
cput8897 = 9159.81
mu8898 = 3.2276
Etot8898 = 2.3515
cput8898 = 9160.82
mu8899 = 3.2276
Etot8899 = 2.3515
cput8899 = 9161.85
mu8900 = 3.2275
Etot8900 = 2.3514
cput8900 = 9162.87
mu8901 = 3.2274
Etot8901 = 2.3514
cput8901 = 9163.89
mu8902 = 3.2273
Etot8902 = 2.3514
cput8902 = 9164.91
mu8903 = 3.2272
Etot8903 = 2.3514
cput8903 = 9165.92
mu8904 = 3.2272
Etot8904 = 2.3513
cput8904 = 9166.94
mu8905 = 3.2271
Etot8905 = 2.3513
cput8905 = 9167.96
mu8906 = 3.227
Etot8906 = 2.3513
cput8906 = 9168.97
mu8907 = 3.2269
Etot8907 = 2.3512
cput8907 = 9169.99
mu8908 = 3.2269
Etot8908 = 2.3512
cput8908 = 9171.01
mu8909 = 3.2268
Etot8909 = 2.3512
cput8909 = 9172.03
mu8910 = 3.2267
Etot8910 = 2.3512
cput8910 = 9173.05
mu8911 = 3.2266
Etot8911 = 2.3511
cput8911 = 9174.08
mu8912 = 3.2266
Etot8912 = 2.3511
cput8912 = 9175.1
mu8913 = 3.2265
Etot8913 = 2.3511
cput8913 = 9176.12
mu8914 = 3.2264
Etot8914 = 2.351
cput8914 = 9177.13
mu8915 = 3.2263
Etot8915 = 2.351
cput8915 = 9178.14
mu8916 = 3.2263
Etot8916 = 2.351
cput8916 = 9179.14
mu8917 = 3.2262
Etot8917 = 2.3509
cput8917 = 9180.14
mu8918 = 3.2261
Etot8918 = 2.3509
cput8918 = 9181.14
mu8919 = 3.226
Etot8919 = 2.3509
cput8919 = 9182.14
mu8920 = 3.226
Etot8920 = 2.3509
cput8920 = 9183.15
mu8921 = 3.2259
Etot8921 = 2.3508
cput8921 = 9184.17
mu8922 = 3.2258
Etot8922 = 2.3508
cput8922 = 9185.2
mu8923 = 3.2257
Etot8923 = 2.3508
cput8923 = 9186.22
mu8924 = 3.2257
Etot8924 = 2.3507
cput8924 = 9187.24
mu8925 = 3.2256
Etot8925 = 2.3507
cput8925 = 9188.27
mu8926 = 3.2255
Etot8926 = 2.3507
cput8926 = 9189.3
mu8927 = 3.2254
Etot8927 = 2.3506
cput8927 = 9190.33
mu8928 = 3.2254
Etot8928 = 2.3506
cput8928 = 9191.35
mu8929 = 3.2253
Etot8929 = 2.3506
cput8929 = 9192.36
mu8930 = 3.2252
Etot8930 = 2.3506
cput8930 = 9193.4
mu8931 = 3.2251
Etot8931 = 2.3505
cput8931 = 9194.42
mu8932 = 3.2251
Etot8932 = 2.3505
cput8932 = 9195.44
mu8933 = 3.225
Etot8933 = 2.3505
cput8933 = 9196.47
mu8934 = 3.2249
Etot8934 = 2.3504
cput8934 = 9197.49
mu8935 = 3.2248
Etot8935 = 2.3504
cput8935 = 9198.52
mu8936 = 3.2247
Etot8936 = 2.3504
cput8936 = 9199.54
mu8937 = 3.2247
Etot8937 = 2.3504
cput8937 = 9200.57
mu8938 = 3.2246
Etot8938 = 2.3503
cput8938 = 9201.59
mu8939 = 3.2245
Etot8939 = 2.3503
cput8939 = 9202.62
mu8940 = 3.2244
Etot8940 = 2.3503
cput8940 = 9203.64
mu8941 = 3.2244
Etot8941 = 2.3502
cput8941 = 9204.66
mu8942 = 3.2243
Etot8942 = 2.3502
cput8942 = 9205.7
mu8943 = 3.2242
Etot8943 = 2.3502
cput8943 = 9206.73
mu8944 = 3.2241
Etot8944 = 2.3501
cput8944 = 9207.76
mu8945 = 3.2241
Etot8945 = 2.3501
cput8945 = 9208.79
mu8946 = 3.224
Etot8946 = 2.3501
cput8946 = 9209.81
mu8947 = 3.2239
Etot8947 = 2.3501
cput8947 = 9210.84
mu8948 = 3.2238
Etot8948 = 2.35
cput8948 = 9211.87
mu8949 = 3.2238
Etot8949 = 2.35
cput8949 = 9212.89
mu8950 = 3.2237
Etot8950 = 2.35
cput8950 = 9213.92
mu8951 = 3.2236
Etot8951 = 2.3499
cput8951 = 9214.94
mu8952 = 3.2235
Etot8952 = 2.3499
cput8952 = 9215.96
mu8953 = 3.2235
Etot8953 = 2.3499
cput8953 = 9216.99
mu8954 = 3.2234
Etot8954 = 2.3499
cput8954 = 9218.03
mu8955 = 3.2233
Etot8955 = 2.3498
cput8955 = 9219.06
mu8956 = 3.2232
Etot8956 = 2.3498
cput8956 = 9220.09
mu8957 = 3.2232
Etot8957 = 2.3498
cput8957 = 9221.12
mu8958 = 3.2231
Etot8958 = 2.3497
cput8958 = 9222.15
mu8959 = 3.223
Etot8959 = 2.3497
cput8959 = 9223.17
mu8960 = 3.2229
Etot8960 = 2.3497
cput8960 = 9224.19
mu8961 = 3.2229
Etot8961 = 2.3497
cput8961 = 9225.22
mu8962 = 3.2228
Etot8962 = 2.3496
cput8962 = 9226.25
mu8963 = 3.2227
Etot8963 = 2.3496
cput8963 = 9227.29
mu8964 = 3.2226
Etot8964 = 2.3496
cput8964 = 9228.3
mu8965 = 3.2226
Etot8965 = 2.3495
cput8965 = 9229.34
mu8966 = 3.2225
Etot8966 = 2.3495
cput8966 = 9230.36
mu8967 = 3.2224
Etot8967 = 2.3495
cput8967 = 9231.38
mu8968 = 3.2223
Etot8968 = 2.3494
cput8968 = 9232.39
mu8969 = 3.2223
Etot8969 = 2.3494
cput8969 = 9233.4
mu8970 = 3.2222
Etot8970 = 2.3494
cput8970 = 9234.43
mu8971 = 3.2221
Etot8971 = 2.3494
cput8971 = 9235.45
mu8972 = 3.222
Etot8972 = 2.3493
cput8972 = 9236.48
mu8973 = 3.222
Etot8973 = 2.3493
cput8973 = 9237.51
mu8974 = 3.2219
Etot8974 = 2.3493
cput8974 = 9238.55
mu8975 = 3.2218
Etot8975 = 2.3492
cput8975 = 9239.58
mu8976 = 3.2217
Etot8976 = 2.3492
cput8976 = 9240.61
mu8977 = 3.2217
Etot8977 = 2.3492
cput8977 = 9241.65
mu8978 = 3.2216
Etot8978 = 2.3492
cput8978 = 9242.69
mu8979 = 3.2215
Etot8979 = 2.3491
cput8979 = 9243.72
mu8980 = 3.2214
Etot8980 = 2.3491
cput8980 = 9244.75
mu8981 = 3.2214
Etot8981 = 2.3491
cput8981 = 9245.77
mu8982 = 3.2213
Etot8982 = 2.349
cput8982 = 9246.8
mu8983 = 3.2212
Etot8983 = 2.349
cput8983 = 9247.81
mu8984 = 3.2211
Etot8984 = 2.349
cput8984 = 9248.85
mu8985 = 3.2211
Etot8985 = 2.3489
cput8985 = 9249.88
mu8986 = 3.221
Etot8986 = 2.3489
cput8986 = 9250.91
mu8987 = 3.2209
Etot8987 = 2.3489
cput8987 = 9251.94
mu8988 = 3.2208
Etot8988 = 2.3489
cput8988 = 9252.97
mu8989 = 3.2208
Etot8989 = 2.3488
cput8989 = 9253.99
mu8990 = 3.2207
Etot8990 = 2.3488
cput8990 = 9255.02
mu8991 = 3.2206
Etot8991 = 2.3488
cput8991 = 9256.05
mu8992 = 3.2205
Etot8992 = 2.3487
cput8992 = 9257.09
mu8993 = 3.2205
Etot8993 = 2.3487
cput8993 = 9258.12
mu8994 = 3.2204
Etot8994 = 2.3487
cput8994 = 9259.15
mu8995 = 3.2203
Etot8995 = 2.3487
cput8995 = 9260.16
mu8996 = 3.2202
Etot8996 = 2.3486
cput8996 = 9261.19
mu8997 = 3.2202
Etot8997 = 2.3486
cput8997 = 9262.2
mu8998 = 3.2201
Etot8998 = 2.3486
cput8998 = 9263.22
mu8999 = 3.22
Etot8999 = 2.3485
cput8999 = 9264.24
mu9000 = 3.2199
Etot9000 = 2.3485
cput9000 = 9265.26
mu9001 = 3.2199
Etot9001 = 2.3485
cput9001 = 9266.29
mu9002 = 3.2198
Etot9002 = 2.3485
cput9002 = 9267.3
mu9003 = 3.2197
Etot9003 = 2.3484
cput9003 = 9268.32
mu9004 = 3.2196
Etot9004 = 2.3484
cput9004 = 9269.33
mu9005 = 3.2196
Etot9005 = 2.3484
cput9005 = 9270.35
mu9006 = 3.2195
Etot9006 = 2.3483
cput9006 = 9271.36
mu9007 = 3.2194
Etot9007 = 2.3483
cput9007 = 9272.38
mu9008 = 3.2193
Etot9008 = 2.3483
cput9008 = 9273.4
mu9009 = 3.2193
Etot9009 = 2.3483
cput9009 = 9274.43
mu9010 = 3.2192
Etot9010 = 2.3482
cput9010 = 9275.46
mu9011 = 3.2191
Etot9011 = 2.3482
cput9011 = 9276.48
mu9012 = 3.219
Etot9012 = 2.3482
cput9012 = 9277.51
mu9013 = 3.219
Etot9013 = 2.3481
cput9013 = 9278.53
mu9014 = 3.2189
Etot9014 = 2.3481
cput9014 = 9279.54
mu9015 = 3.2188
Etot9015 = 2.3481
cput9015 = 9280.56
mu9016 = 3.2188
Etot9016 = 2.348
cput9016 = 9281.57
mu9017 = 3.2187
Etot9017 = 2.348
cput9017 = 9282.59
mu9018 = 3.2186
Etot9018 = 2.348
cput9018 = 9283.6
mu9019 = 3.2185
Etot9019 = 2.348
cput9019 = 9284.62
mu9020 = 3.2185
Etot9020 = 2.3479
cput9020 = 9285.63
mu9021 = 3.2184
Etot9021 = 2.3479
cput9021 = 9286.64
mu9022 = 3.2183
Etot9022 = 2.3479
cput9022 = 9287.67
mu9023 = 3.2182
Etot9023 = 2.3478
cput9023 = 9288.69
mu9024 = 3.2182
Etot9024 = 2.3478
cput9024 = 9289.73
mu9025 = 3.2181
Etot9025 = 2.3478
cput9025 = 9290.75
mu9026 = 3.218
Etot9026 = 2.3478
cput9026 = 9291.79
mu9027 = 3.2179
Etot9027 = 2.3477
cput9027 = 9292.81
mu9028 = 3.2179
Etot9028 = 2.3477
cput9028 = 9293.84
mu9029 = 3.2178
Etot9029 = 2.3477
cput9029 = 9294.87
mu9030 = 3.2177
Etot9030 = 2.3476
cput9030 = 9295.9
mu9031 = 3.2176
Etot9031 = 2.3476
cput9031 = 9296.92
mu9032 = 3.2176
Etot9032 = 2.3476
cput9032 = 9297.95
mu9033 = 3.2175
Etot9033 = 2.3476
cput9033 = 9298.97
mu9034 = 3.2174
Etot9034 = 2.3475
cput9034 = 9300
mu9035 = 3.2173
Etot9035 = 2.3475
cput9035 = 9301.03
mu9036 = 3.2173
Etot9036 = 2.3475
cput9036 = 9302.06
mu9037 = 3.2172
Etot9037 = 2.3474
cput9037 = 9303.08
mu9038 = 3.2171
Etot9038 = 2.3474
cput9038 = 9304.11
mu9039 = 3.217
Etot9039 = 2.3474
cput9039 = 9305.14
mu9040 = 3.217
Etot9040 = 2.3474
cput9040 = 9306.16
mu9041 = 3.2169
Etot9041 = 2.3473
cput9041 = 9307.19
mu9042 = 3.2168
Etot9042 = 2.3473
cput9042 = 9308.23
mu9043 = 3.2167
Etot9043 = 2.3473
cput9043 = 9309.26
mu9044 = 3.2167
Etot9044 = 2.3472
cput9044 = 9310.29
mu9045 = 3.2166
Etot9045 = 2.3472
cput9045 = 9311.33
mu9046 = 3.2165
Etot9046 = 2.3472
cput9046 = 9312.36
mu9047 = 3.2165
Etot9047 = 2.3472
cput9047 = 9313.39
mu9048 = 3.2164
Etot9048 = 2.3471
cput9048 = 9314.42
mu9049 = 3.2163
Etot9049 = 2.3471
cput9049 = 9315.45
mu9050 = 3.2162
Etot9050 = 2.3471
cput9050 = 9316.48
mu9051 = 3.2162
Etot9051 = 2.347
cput9051 = 9317.51
mu9052 = 3.2161
Etot9052 = 2.347
cput9052 = 9318.54
mu9053 = 3.216
Etot9053 = 2.347
cput9053 = 9319.56
mu9054 = 3.2159
Etot9054 = 2.347
cput9054 = 9320.59
mu9055 = 3.2159
Etot9055 = 2.3469
cput9055 = 9321.62
mu9056 = 3.2158
Etot9056 = 2.3469
cput9056 = 9322.65
mu9057 = 3.2157
Etot9057 = 2.3469
cput9057 = 9323.67
mu9058 = 3.2156
Etot9058 = 2.3468
cput9058 = 9324.71
mu9059 = 3.2156
Etot9059 = 2.3468
cput9059 = 9325.75
mu9060 = 3.2155
Etot9060 = 2.3468
cput9060 = 9326.78
mu9061 = 3.2154
Etot9061 = 2.3468
cput9061 = 9327.81
mu9062 = 3.2153
Etot9062 = 2.3467
cput9062 = 9328.84
mu9063 = 3.2153
Etot9063 = 2.3467
cput9063 = 9329.87
mu9064 = 3.2152
Etot9064 = 2.3467
cput9064 = 9330.89
mu9065 = 3.2151
Etot9065 = 2.3466
cput9065 = 9331.92
mu9066 = 3.215
Etot9066 = 2.3466
cput9066 = 9332.95
mu9067 = 3.215
Etot9067 = 2.3466
cput9067 = 9333.99
mu9068 = 3.2149
Etot9068 = 2.3466
cput9068 = 9335.03
mu9069 = 3.2148
Etot9069 = 2.3465
cput9069 = 9336.06
mu9070 = 3.2148
Etot9070 = 2.3465
cput9070 = 9337.1
mu9071 = 3.2147
Etot9071 = 2.3465
cput9071 = 9338.13
mu9072 = 3.2146
Etot9072 = 2.3464
cput9072 = 9339.16
mu9073 = 3.2145
Etot9073 = 2.3464
cput9073 = 9340.19
mu9074 = 3.2145
Etot9074 = 2.3464
cput9074 = 9341.21
mu9075 = 3.2144
Etot9075 = 2.3464
cput9075 = 9342.24
mu9076 = 3.2143
Etot9076 = 2.3463
cput9076 = 9343.27
mu9077 = 3.2142
Etot9077 = 2.3463
cput9077 = 9344.3
mu9078 = 3.2142
Etot9078 = 2.3463
cput9078 = 9345.32
mu9079 = 3.2141
Etot9079 = 2.3462
cput9079 = 9346.35
mu9080 = 3.214
Etot9080 = 2.3462
cput9080 = 9347.38
mu9081 = 3.2139
Etot9081 = 2.3462
cput9081 = 9348.41
mu9082 = 3.2139
Etot9082 = 2.3462
cput9082 = 9349.44
mu9083 = 3.2138
Etot9083 = 2.3461
cput9083 = 9350.47
mu9084 = 3.2137
Etot9084 = 2.3461
cput9084 = 9351.51
mu9085 = 3.2137
Etot9085 = 2.3461
cput9085 = 9352.54
mu9086 = 3.2136
Etot9086 = 2.346
cput9086 = 9353.57
mu9087 = 3.2135
Etot9087 = 2.346
cput9087 = 9354.6
mu9088 = 3.2134
Etot9088 = 2.346
cput9088 = 9355.63
mu9089 = 3.2134
Etot9089 = 2.346
cput9089 = 9356.66
mu9090 = 3.2133
Etot9090 = 2.3459
cput9090 = 9357.68
mu9091 = 3.2132
Etot9091 = 2.3459
cput9091 = 9358.7
mu9092 = 3.2131
Etot9092 = 2.3459
cput9092 = 9359.71
mu9093 = 3.2131
Etot9093 = 2.3458
cput9093 = 9360.74
mu9094 = 3.213
Etot9094 = 2.3458
cput9094 = 9361.77
mu9095 = 3.2129
Etot9095 = 2.3458
cput9095 = 9362.81
mu9096 = 3.2128
Etot9096 = 2.3458
cput9096 = 9363.85
mu9097 = 3.2128
Etot9097 = 2.3457
cput9097 = 9364.89
mu9098 = 3.2127
Etot9098 = 2.3457
cput9098 = 9365.92
mu9099 = 3.2126
Etot9099 = 2.3457
cput9099 = 9366.95
mu9100 = 3.2126
Etot9100 = 2.3456
cput9100 = 9368
mu9101 = 3.2125
Etot9101 = 2.3456
cput9101 = 9369.03
mu9102 = 3.2124
Etot9102 = 2.3456
cput9102 = 9370.04
mu9103 = 3.2123
Etot9103 = 2.3456
cput9103 = 9371.06
mu9104 = 3.2123
Etot9104 = 2.3455
cput9104 = 9372.07
mu9105 = 3.2122
Etot9105 = 2.3455
cput9105 = 9373.1
mu9106 = 3.2121
Etot9106 = 2.3455
cput9106 = 9374.11
mu9107 = 3.212
Etot9107 = 2.3454
cput9107 = 9375.13
mu9108 = 3.212
Etot9108 = 2.3454
cput9108 = 9376.15
mu9109 = 3.2119
Etot9109 = 2.3454
cput9109 = 9377.17
mu9110 = 3.2118
Etot9110 = 2.3454
cput9110 = 9378.19
mu9111 = 3.2117
Etot9111 = 2.3453
cput9111 = 9379.22
mu9112 = 3.2117
Etot9112 = 2.3453
cput9112 = 9380.24
mu9113 = 3.2116
Etot9113 = 2.3453
cput9113 = 9381.25
mu9114 = 3.2115
Etot9114 = 2.3452
cput9114 = 9382.26
mu9115 = 3.2115
Etot9115 = 2.3452
cput9115 = 9383.28
mu9116 = 3.2114
Etot9116 = 2.3452
cput9116 = 9384.31
mu9117 = 3.2113
Etot9117 = 2.3452
cput9117 = 9385.33
mu9118 = 3.2112
Etot9118 = 2.3451
cput9118 = 9386.35
mu9119 = 3.2112
Etot9119 = 2.3451
cput9119 = 9387.37
mu9120 = 3.2111
Etot9120 = 2.3451
cput9120 = 9388.39
mu9121 = 3.211
Etot9121 = 2.345
cput9121 = 9389.41
mu9122 = 3.2109
Etot9122 = 2.345
cput9122 = 9390.43
mu9123 = 3.2109
Etot9123 = 2.345
cput9123 = 9391.45
mu9124 = 3.2108
Etot9124 = 2.345
cput9124 = 9392.46
mu9125 = 3.2107
Etot9125 = 2.3449
cput9125 = 9393.48
mu9126 = 3.2107
Etot9126 = 2.3449
cput9126 = 9394.49
mu9127 = 3.2106
Etot9127 = 2.3449
cput9127 = 9395.52
mu9128 = 3.2105
Etot9128 = 2.3448
cput9128 = 9396.55
mu9129 = 3.2104
Etot9129 = 2.3448
cput9129 = 9397.57
mu9130 = 3.2104
Etot9130 = 2.3448
cput9130 = 9398.59
mu9131 = 3.2103
Etot9131 = 2.3448
cput9131 = 9399.61
mu9132 = 3.2102
Etot9132 = 2.3447
cput9132 = 9400.63
mu9133 = 3.2101
Etot9133 = 2.3447
cput9133 = 9401.66
mu9134 = 3.2101
Etot9134 = 2.3447
cput9134 = 9402.68
mu9135 = 3.21
Etot9135 = 2.3446
cput9135 = 9403.7
mu9136 = 3.2099
Etot9136 = 2.3446
cput9136 = 9404.73
mu9137 = 3.2099
Etot9137 = 2.3446
cput9137 = 9405.76
mu9138 = 3.2098
Etot9138 = 2.3446
cput9138 = 9406.78
mu9139 = 3.2097
Etot9139 = 2.3445
cput9139 = 9407.81
mu9140 = 3.2096
Etot9140 = 2.3445
cput9140 = 9408.84
mu9141 = 3.2096
Etot9141 = 2.3445
cput9141 = 9409.87
mu9142 = 3.2095
Etot9142 = 2.3445
cput9142 = 9410.9
mu9143 = 3.2094
Etot9143 = 2.3444
cput9143 = 9411.93
mu9144 = 3.2093
Etot9144 = 2.3444
cput9144 = 9412.96
mu9145 = 3.2093
Etot9145 = 2.3444
cput9145 = 9414
mu9146 = 3.2092
Etot9146 = 2.3443
cput9146 = 9415.03
mu9147 = 3.2091
Etot9147 = 2.3443
cput9147 = 9416.05
mu9148 = 3.2091
Etot9148 = 2.3443
cput9148 = 9417.05
mu9149 = 3.209
Etot9149 = 2.3443
cput9149 = 9418.07
mu9150 = 3.2089
Etot9150 = 2.3442
cput9150 = 9419.09
mu9151 = 3.2088
Etot9151 = 2.3442
cput9151 = 9420.1
mu9152 = 3.2088
Etot9152 = 2.3442
cput9152 = 9421.11
mu9153 = 3.2087
Etot9153 = 2.3441
cput9153 = 9422.13
mu9154 = 3.2086
Etot9154 = 2.3441
cput9154 = 9423.13
mu9155 = 3.2085
Etot9155 = 2.3441
cput9155 = 9424.13
mu9156 = 3.2085
Etot9156 = 2.3441
cput9156 = 9425.14
mu9157 = 3.2084
Etot9157 = 2.344
cput9157 = 9426.15
mu9158 = 3.2083
Etot9158 = 2.344
cput9158 = 9427.16
mu9159 = 3.2083
Etot9159 = 2.344
cput9159 = 9428.17
mu9160 = 3.2082
Etot9160 = 2.3439
cput9160 = 9429.18
mu9161 = 3.2081
Etot9161 = 2.3439
cput9161 = 9430.2
mu9162 = 3.208
Etot9162 = 2.3439
cput9162 = 9431.21
mu9163 = 3.208
Etot9163 = 2.3439
cput9163 = 9432.22
mu9164 = 3.2079
Etot9164 = 2.3438
cput9164 = 9433.25
mu9165 = 3.2078
Etot9165 = 2.3438
cput9165 = 9434.26
mu9166 = 3.2078
Etot9166 = 2.3438
cput9166 = 9435.28
mu9167 = 3.2077
Etot9167 = 2.3438
cput9167 = 9436.29
mu9168 = 3.2076
Etot9168 = 2.3437
cput9168 = 9437.3
mu9169 = 3.2075
Etot9169 = 2.3437
cput9169 = 9438.33
mu9170 = 3.2075
Etot9170 = 2.3437
cput9170 = 9439.35
mu9171 = 3.2074
Etot9171 = 2.3436
cput9171 = 9440.36
mu9172 = 3.2073
Etot9172 = 2.3436
cput9172 = 9441.38
mu9173 = 3.2072
Etot9173 = 2.3436
cput9173 = 9442.4
mu9174 = 3.2072
Etot9174 = 2.3436
cput9174 = 9443.42
mu9175 = 3.2071
Etot9175 = 2.3435
cput9175 = 9444.44
mu9176 = 3.207
Etot9176 = 2.3435
cput9176 = 9445.46
mu9177 = 3.207
Etot9177 = 2.3435
cput9177 = 9446.48
mu9178 = 3.2069
Etot9178 = 2.3434
cput9178 = 9447.51
mu9179 = 3.2068
Etot9179 = 2.3434
cput9179 = 9448.52
mu9180 = 3.2067
Etot9180 = 2.3434
cput9180 = 9449.54
mu9181 = 3.2067
Etot9181 = 2.3434
cput9181 = 9450.56
mu9182 = 3.2066
Etot9182 = 2.3433
cput9182 = 9451.57
mu9183 = 3.2065
Etot9183 = 2.3433
cput9183 = 9452.59
mu9184 = 3.2065
Etot9184 = 2.3433
cput9184 = 9453.62
mu9185 = 3.2064
Etot9185 = 2.3432
cput9185 = 9454.64
mu9186 = 3.2063
Etot9186 = 2.3432
cput9186 = 9455.66
mu9187 = 3.2062
Etot9187 = 2.3432
cput9187 = 9456.68
mu9188 = 3.2062
Etot9188 = 2.3432
cput9188 = 9457.67
mu9189 = 3.2061
Etot9189 = 2.3431
cput9189 = 9458.68
mu9190 = 3.206
Etot9190 = 2.3431
cput9190 = 9459.69
mu9191 = 3.206
Etot9191 = 2.3431
cput9191 = 9460.69
mu9192 = 3.2059
Etot9192 = 2.3431
cput9192 = 9461.71
mu9193 = 3.2058
Etot9193 = 2.343
cput9193 = 9462.72
mu9194 = 3.2057
Etot9194 = 2.343
cput9194 = 9463.73
mu9195 = 3.2057
Etot9195 = 2.343
cput9195 = 9464.75
mu9196 = 3.2056
Etot9196 = 2.3429
cput9196 = 9465.78
mu9197 = 3.2055
Etot9197 = 2.3429
cput9197 = 9466.8
mu9198 = 3.2055
Etot9198 = 2.3429
cput9198 = 9467.81
mu9199 = 3.2054
Etot9199 = 2.3429
cput9199 = 9468.83
mu9200 = 3.2053
Etot9200 = 2.3428
cput9200 = 9469.86
mu9201 = 3.2052
Etot9201 = 2.3428
cput9201 = 9470.89
mu9202 = 3.2052
Etot9202 = 2.3428
cput9202 = 9471.92
mu9203 = 3.2051
Etot9203 = 2.3428
cput9203 = 9472.94
mu9204 = 3.205
Etot9204 = 2.3427
cput9204 = 9473.96
mu9205 = 3.205
Etot9205 = 2.3427
cput9205 = 9474.98
mu9206 = 3.2049
Etot9206 = 2.3427
cput9206 = 9476
mu9207 = 3.2048
Etot9207 = 2.3426
cput9207 = 9477.02
mu9208 = 3.2047
Etot9208 = 2.3426
cput9208 = 9478.04
mu9209 = 3.2047
Etot9209 = 2.3426
cput9209 = 9479.07
mu9210 = 3.2046
Etot9210 = 2.3426
cput9210 = 9480.09
mu9211 = 3.2045
Etot9211 = 2.3425
cput9211 = 9481.11
mu9212 = 3.2044
Etot9212 = 2.3425
cput9212 = 9482.13
mu9213 = 3.2044
Etot9213 = 2.3425
cput9213 = 9483.16
mu9214 = 3.2043
Etot9214 = 2.3424
cput9214 = 9484.18
mu9215 = 3.2042
Etot9215 = 2.3424
cput9215 = 9485.21
mu9216 = 3.2042
Etot9216 = 2.3424
cput9216 = 9486.24
mu9217 = 3.2041
Etot9217 = 2.3424
cput9217 = 9487.25
mu9218 = 3.204
Etot9218 = 2.3423
cput9218 = 9488.26
mu9219 = 3.204
Etot9219 = 2.3423
cput9219 = 9489.27
mu9220 = 3.2039
Etot9220 = 2.3423
cput9220 = 9490.28
mu9221 = 3.2038
Etot9221 = 2.3423
cput9221 = 9491.29
mu9222 = 3.2037
Etot9222 = 2.3422
cput9222 = 9492.29
mu9223 = 3.2037
Etot9223 = 2.3422
cput9223 = 9493.3
mu9224 = 3.2036
Etot9224 = 2.3422
cput9224 = 9494.31
mu9225 = 3.2035
Etot9225 = 2.3421
cput9225 = 9495.33
mu9226 = 3.2035
Etot9226 = 2.3421
cput9226 = 9496.36
mu9227 = 3.2034
Etot9227 = 2.3421
cput9227 = 9497.37
mu9228 = 3.2033
Etot9228 = 2.3421
cput9228 = 9498.4
mu9229 = 3.2032
Etot9229 = 2.342
cput9229 = 9499.42
mu9230 = 3.2032
Etot9230 = 2.342
cput9230 = 9500.43
mu9231 = 3.2031
Etot9231 = 2.342
cput9231 = 9501.44
mu9232 = 3.203
Etot9232 = 2.342
cput9232 = 9502.45
mu9233 = 3.203
Etot9233 = 2.3419
cput9233 = 9503.46
mu9234 = 3.2029
Etot9234 = 2.3419
cput9234 = 9504.48
mu9235 = 3.2028
Etot9235 = 2.3419
cput9235 = 9505.49
mu9236 = 3.2027
Etot9236 = 2.3418
cput9236 = 9506.49
mu9237 = 3.2027
Etot9237 = 2.3418
cput9237 = 9507.51
mu9238 = 3.2026
Etot9238 = 2.3418
cput9238 = 9508.53
mu9239 = 3.2025
Etot9239 = 2.3418
cput9239 = 9509.56
mu9240 = 3.2025
Etot9240 = 2.3417
cput9240 = 9510.57
mu9241 = 3.2024
Etot9241 = 2.3417
cput9241 = 9511.59
mu9242 = 3.2023
Etot9242 = 2.3417
cput9242 = 9512.59
mu9243 = 3.2022
Etot9243 = 2.3416
cput9243 = 9513.59
mu9244 = 3.2022
Etot9244 = 2.3416
cput9244 = 9514.58
mu9245 = 3.2021
Etot9245 = 2.3416
cput9245 = 9515.58
mu9246 = 3.202
Etot9246 = 2.3416
cput9246 = 9516.58
mu9247 = 3.202
Etot9247 = 2.3415
cput9247 = 9517.59
mu9248 = 3.2019
Etot9248 = 2.3415
cput9248 = 9518.6
mu9249 = 3.2018
Etot9249 = 2.3415
cput9249 = 9519.6
mu9250 = 3.2017
Etot9250 = 2.3415
cput9250 = 9520.6
mu9251 = 3.2017
Etot9251 = 2.3414
cput9251 = 9521.61
mu9252 = 3.2016
Etot9252 = 2.3414
cput9252 = 9522.62
mu9253 = 3.2015
Etot9253 = 2.3414
cput9253 = 9523.63
mu9254 = 3.2015
Etot9254 = 2.3413
cput9254 = 9524.65
mu9255 = 3.2014
Etot9255 = 2.3413
cput9255 = 9525.68
mu9256 = 3.2013
Etot9256 = 2.3413
cput9256 = 9526.69
mu9257 = 3.2013
Etot9257 = 2.3413
cput9257 = 9527.71
mu9258 = 3.2012
Etot9258 = 2.3412
cput9258 = 9528.74
mu9259 = 3.2011
Etot9259 = 2.3412
cput9259 = 9529.75
mu9260 = 3.201
Etot9260 = 2.3412
cput9260 = 9530.77
mu9261 = 3.201
Etot9261 = 2.3412
cput9261 = 9531.78
mu9262 = 3.2009
Etot9262 = 2.3411
cput9262 = 9532.8
mu9263 = 3.2008
Etot9263 = 2.3411
cput9263 = 9533.82
mu9264 = 3.2008
Etot9264 = 2.3411
cput9264 = 9534.86
mu9265 = 3.2007
Etot9265 = 2.341
cput9265 = 9535.88
mu9266 = 3.2006
Etot9266 = 2.341
cput9266 = 9536.9
mu9267 = 3.2005
Etot9267 = 2.341
cput9267 = 9537.92
mu9268 = 3.2005
Etot9268 = 2.341
cput9268 = 9538.95
mu9269 = 3.2004
Etot9269 = 2.3409
cput9269 = 9539.97
mu9270 = 3.2003
Etot9270 = 2.3409
cput9270 = 9541
mu9271 = 3.2003
Etot9271 = 2.3409
cput9271 = 9542.01
mu9272 = 3.2002
Etot9272 = 2.3409
cput9272 = 9543.02
mu9273 = 3.2001
Etot9273 = 2.3408
cput9273 = 9544.03
mu9274 = 3.2001
Etot9274 = 2.3408
cput9274 = 9545.06
mu9275 = 3.2
Etot9275 = 2.3408
cput9275 = 9546.08
mu9276 = 3.1999
Etot9276 = 2.3407
cput9276 = 9547.11
mu9277 = 3.1998
Etot9277 = 2.3407
cput9277 = 9548.14
mu9278 = 3.1998
Etot9278 = 2.3407
cput9278 = 9549.17
mu9279 = 3.1997
Etot9279 = 2.3407
cput9279 = 9550.2
mu9280 = 3.1996
Etot9280 = 2.3406
cput9280 = 9551.23
mu9281 = 3.1996
Etot9281 = 2.3406
cput9281 = 9552.25
mu9282 = 3.1995
Etot9282 = 2.3406
cput9282 = 9553.28
mu9283 = 3.1994
Etot9283 = 2.3406
cput9283 = 9554.31
mu9284 = 3.1993
Etot9284 = 2.3405
cput9284 = 9555.34
mu9285 = 3.1993
Etot9285 = 2.3405
cput9285 = 9556.36
mu9286 = 3.1992
Etot9286 = 2.3405
cput9286 = 9557.39
mu9287 = 3.1991
Etot9287 = 2.3405
cput9287 = 9558.42
mu9288 = 3.1991
Etot9288 = 2.3404
cput9288 = 9559.45
mu9289 = 3.199
Etot9289 = 2.3404
cput9289 = 9560.48
mu9290 = 3.1989
Etot9290 = 2.3404
cput9290 = 9561.52
mu9291 = 3.1989
Etot9291 = 2.3403
cput9291 = 9562.55
mu9292 = 3.1988
Etot9292 = 2.3403
cput9292 = 9563.58
mu9293 = 3.1987
Etot9293 = 2.3403
cput9293 = 9564.61
mu9294 = 3.1986
Etot9294 = 2.3403
cput9294 = 9565.63
mu9295 = 3.1986
Etot9295 = 2.3402
cput9295 = 9566.66
mu9296 = 3.1985
Etot9296 = 2.3402
cput9296 = 9567.67
mu9297 = 3.1984
Etot9297 = 2.3402
cput9297 = 9568.68
mu9298 = 3.1984
Etot9298 = 2.3402
cput9298 = 9569.69
mu9299 = 3.1983
Etot9299 = 2.3401
cput9299 = 9570.7
mu9300 = 3.1982
Etot9300 = 2.3401
cput9300 = 9571.71
mu9301 = 3.1982
Etot9301 = 2.3401
cput9301 = 9572.72
mu9302 = 3.1981
Etot9302 = 2.34
cput9302 = 9573.73
mu9303 = 3.198
Etot9303 = 2.34
cput9303 = 9574.75
mu9304 = 3.1979
Etot9304 = 2.34
cput9304 = 9575.76
mu9305 = 3.1979
Etot9305 = 2.34
cput9305 = 9576.78
mu9306 = 3.1978
Etot9306 = 2.3399
cput9306 = 9577.8
mu9307 = 3.1977
Etot9307 = 2.3399
cput9307 = 9578.84
mu9308 = 3.1977
Etot9308 = 2.3399
cput9308 = 9579.87
mu9309 = 3.1976
Etot9309 = 2.3399
cput9309 = 9580.9
mu9310 = 3.1975
Etot9310 = 2.3398
cput9310 = 9581.93
mu9311 = 3.1975
Etot9311 = 2.3398
cput9311 = 9582.97
mu9312 = 3.1974
Etot9312 = 2.3398
cput9312 = 9584.01
mu9313 = 3.1973
Etot9313 = 2.3398
cput9313 = 9585.04
mu9314 = 3.1972
Etot9314 = 2.3397
cput9314 = 9586.07
mu9315 = 3.1972
Etot9315 = 2.3397
cput9315 = 9587.11
mu9316 = 3.1971
Etot9316 = 2.3397
cput9316 = 9588.14
mu9317 = 3.197
Etot9317 = 2.3396
cput9317 = 9589.18
mu9318 = 3.197
Etot9318 = 2.3396
cput9318 = 9590.2
mu9319 = 3.1969
Etot9319 = 2.3396
cput9319 = 9591.24
mu9320 = 3.1968
Etot9320 = 2.3396
cput9320 = 9592.27
mu9321 = 3.1968
Etot9321 = 2.3395
cput9321 = 9593.3
mu9322 = 3.1967
Etot9322 = 2.3395
cput9322 = 9594.33
mu9323 = 3.1966
Etot9323 = 2.3395
cput9323 = 9595.36
mu9324 = 3.1966
Etot9324 = 2.3395
cput9324 = 9596.38
mu9325 = 3.1965
Etot9325 = 2.3394
cput9325 = 9597.4
mu9326 = 3.1964
Etot9326 = 2.3394
cput9326 = 9598.43
mu9327 = 3.1963
Etot9327 = 2.3394
cput9327 = 9599.46
mu9328 = 3.1963
Etot9328 = 2.3393
cput9328 = 9600.47
mu9329 = 3.1962
Etot9329 = 2.3393
cput9329 = 9601.49
mu9330 = 3.1961
Etot9330 = 2.3393
cput9330 = 9602.51
mu9331 = 3.1961
Etot9331 = 2.3393
cput9331 = 9603.54
mu9332 = 3.196
Etot9332 = 2.3392
cput9332 = 9604.56
mu9333 = 3.1959
Etot9333 = 2.3392
cput9333 = 9605.58
mu9334 = 3.1959
Etot9334 = 2.3392
cput9334 = 9606.6
mu9335 = 3.1958
Etot9335 = 2.3392
cput9335 = 9607.64
mu9336 = 3.1957
Etot9336 = 2.3391
cput9336 = 9608.68
mu9337 = 3.1956
Etot9337 = 2.3391
cput9337 = 9609.71
mu9338 = 3.1956
Etot9338 = 2.3391
cput9338 = 9610.73
mu9339 = 3.1955
Etot9339 = 2.3391
cput9339 = 9611.75
mu9340 = 3.1954
Etot9340 = 2.339
cput9340 = 9612.79
mu9341 = 3.1954
Etot9341 = 2.339
cput9341 = 9613.83
mu9342 = 3.1953
Etot9342 = 2.339
cput9342 = 9614.85
mu9343 = 3.1952
Etot9343 = 2.3389
cput9343 = 9615.87
mu9344 = 3.1952
Etot9344 = 2.3389
cput9344 = 9616.9
mu9345 = 3.1951
Etot9345 = 2.3389
cput9345 = 9617.92
mu9346 = 3.195
Etot9346 = 2.3389
cput9346 = 9618.95
mu9347 = 3.195
Etot9347 = 2.3388
cput9347 = 9619.97
mu9348 = 3.1949
Etot9348 = 2.3388
cput9348 = 9620.99
mu9349 = 3.1948
Etot9349 = 2.3388
cput9349 = 9622.02
mu9350 = 3.1947
Etot9350 = 2.3388
cput9350 = 9623.04
mu9351 = 3.1947
Etot9351 = 2.3387
cput9351 = 9624.07
mu9352 = 3.1946
Etot9352 = 2.3387
cput9352 = 9625.09
mu9353 = 3.1945
Etot9353 = 2.3387
cput9353 = 9626.11
mu9354 = 3.1945
Etot9354 = 2.3387
cput9354 = 9627.14
mu9355 = 3.1944
Etot9355 = 2.3386
cput9355 = 9628.18
mu9356 = 3.1943
Etot9356 = 2.3386
cput9356 = 9629.21
mu9357 = 3.1943
Etot9357 = 2.3386
cput9357 = 9630.23
mu9358 = 3.1942
Etot9358 = 2.3385
cput9358 = 9631.25
mu9359 = 3.1941
Etot9359 = 2.3385
cput9359 = 9632.27
mu9360 = 3.1941
Etot9360 = 2.3385
cput9360 = 9633.3
mu9361 = 3.194
Etot9361 = 2.3385
cput9361 = 9634.33
mu9362 = 3.1939
Etot9362 = 2.3384
cput9362 = 9635.36
mu9363 = 3.1939
Etot9363 = 2.3384
cput9363 = 9636.39
mu9364 = 3.1938
Etot9364 = 2.3384
cput9364 = 9637.41
mu9365 = 3.1937
Etot9365 = 2.3384
cput9365 = 9638.45
mu9366 = 3.1936
Etot9366 = 2.3383
cput9366 = 9639.48
mu9367 = 3.1936
Etot9367 = 2.3383
cput9367 = 9640.5
mu9368 = 3.1935
Etot9368 = 2.3383
cput9368 = 9641.53
mu9369 = 3.1934
Etot9369 = 2.3383
cput9369 = 9642.56
mu9370 = 3.1934
Etot9370 = 2.3382
cput9370 = 9643.58
mu9371 = 3.1933
Etot9371 = 2.3382
cput9371 = 9644.59
mu9372 = 3.1932
Etot9372 = 2.3382
cput9372 = 9645.62
mu9373 = 3.1932
Etot9373 = 2.3382
cput9373 = 9646.64
mu9374 = 3.1931
Etot9374 = 2.3381
cput9374 = 9647.68
mu9375 = 3.193
Etot9375 = 2.3381
cput9375 = 9648.69
mu9376 = 3.193
Etot9376 = 2.3381
cput9376 = 9649.71
mu9377 = 3.1929
Etot9377 = 2.338
cput9377 = 9650.73
mu9378 = 3.1928
Etot9378 = 2.338
cput9378 = 9651.75
mu9379 = 3.1928
Etot9379 = 2.338
cput9379 = 9652.77
mu9380 = 3.1927
Etot9380 = 2.338
cput9380 = 9653.79
mu9381 = 3.1926
Etot9381 = 2.3379
cput9381 = 9654.81
mu9382 = 3.1925
Etot9382 = 2.3379
cput9382 = 9655.83
mu9383 = 3.1925
Etot9383 = 2.3379
cput9383 = 9656.85
mu9384 = 3.1924
Etot9384 = 2.3379
cput9384 = 9657.87
mu9385 = 3.1923
Etot9385 = 2.3378
cput9385 = 9658.9
mu9386 = 3.1923
Etot9386 = 2.3378
cput9386 = 9659.92
mu9387 = 3.1922
Etot9387 = 2.3378
cput9387 = 9660.94
mu9388 = 3.1921
Etot9388 = 2.3378
cput9388 = 9661.96
mu9389 = 3.1921
Etot9389 = 2.3377
cput9389 = 9662.99
mu9390 = 3.192
Etot9390 = 2.3377
cput9390 = 9664.01
mu9391 = 3.1919
Etot9391 = 2.3377
cput9391 = 9665.03
mu9392 = 3.1919
Etot9392 = 2.3377
cput9392 = 9666.05
mu9393 = 3.1918
Etot9393 = 2.3376
cput9393 = 9667.08
mu9394 = 3.1917
Etot9394 = 2.3376
cput9394 = 9668.1
mu9395 = 3.1917
Etot9395 = 2.3376
cput9395 = 9669.13
mu9396 = 3.1916
Etot9396 = 2.3375
cput9396 = 9670.15
mu9397 = 3.1915
Etot9397 = 2.3375
cput9397 = 9671.17
mu9398 = 3.1915
Etot9398 = 2.3375
cput9398 = 9672.19
mu9399 = 3.1914
Etot9399 = 2.3375
cput9399 = 9673.21
mu9400 = 3.1913
Etot9400 = 2.3374
cput9400 = 9674.24
mu9401 = 3.1912
Etot9401 = 2.3374
cput9401 = 9675.27
mu9402 = 3.1912
Etot9402 = 2.3374
cput9402 = 9676.29
mu9403 = 3.1911
Etot9403 = 2.3374
cput9403 = 9677.31
mu9404 = 3.191
Etot9404 = 2.3373
cput9404 = 9678.35
mu9405 = 3.191
Etot9405 = 2.3373
cput9405 = 9679.38
mu9406 = 3.1909
Etot9406 = 2.3373
cput9406 = 9680.41
mu9407 = 3.1908
Etot9407 = 2.3373
cput9407 = 9681.43
mu9408 = 3.1908
Etot9408 = 2.3372
cput9408 = 9682.45
mu9409 = 3.1907
Etot9409 = 2.3372
cput9409 = 9683.48
mu9410 = 3.1906
Etot9410 = 2.3372
cput9410 = 9684.51
mu9411 = 3.1906
Etot9411 = 2.3372
cput9411 = 9685.54
mu9412 = 3.1905
Etot9412 = 2.3371
cput9412 = 9686.56
mu9413 = 3.1904
Etot9413 = 2.3371
cput9413 = 9687.58
mu9414 = 3.1904
Etot9414 = 2.3371
cput9414 = 9688.62
mu9415 = 3.1903
Etot9415 = 2.3371
cput9415 = 9689.66
mu9416 = 3.1902
Etot9416 = 2.337
cput9416 = 9690.69
mu9417 = 3.1902
Etot9417 = 2.337
cput9417 = 9691.72
mu9418 = 3.1901
Etot9418 = 2.337
cput9418 = 9692.75
mu9419 = 3.19
Etot9419 = 2.3369
cput9419 = 9693.78
mu9420 = 3.19
Etot9420 = 2.3369
cput9420 = 9694.81
mu9421 = 3.1899
Etot9421 = 2.3369
cput9421 = 9695.83
mu9422 = 3.1898
Etot9422 = 2.3369
cput9422 = 9696.86
mu9423 = 3.1897
Etot9423 = 2.3368
cput9423 = 9697.9
mu9424 = 3.1897
Etot9424 = 2.3368
cput9424 = 9698.93
mu9425 = 3.1896
Etot9425 = 2.3368
cput9425 = 9699.96
mu9426 = 3.1895
Etot9426 = 2.3368
cput9426 = 9700.98
mu9427 = 3.1895
Etot9427 = 2.3367
cput9427 = 9702.02
mu9428 = 3.1894
Etot9428 = 2.3367
cput9428 = 9703.05
mu9429 = 3.1893
Etot9429 = 2.3367
cput9429 = 9704.08
mu9430 = 3.1893
Etot9430 = 2.3367
cput9430 = 9705.09
mu9431 = 3.1892
Etot9431 = 2.3366
cput9431 = 9706.12
mu9432 = 3.1891
Etot9432 = 2.3366
cput9432 = 9707.14
mu9433 = 3.1891
Etot9433 = 2.3366
cput9433 = 9708.16
mu9434 = 3.189
Etot9434 = 2.3366
cput9434 = 9709.18
mu9435 = 3.1889
Etot9435 = 2.3365
cput9435 = 9710.2
mu9436 = 3.1889
Etot9436 = 2.3365
cput9436 = 9711.21
mu9437 = 3.1888
Etot9437 = 2.3365
cput9437 = 9712.24
mu9438 = 3.1887
Etot9438 = 2.3365
cput9438 = 9713.25
mu9439 = 3.1887
Etot9439 = 2.3364
cput9439 = 9714.28
mu9440 = 3.1886
Etot9440 = 2.3364
cput9440 = 9715.31
mu9441 = 3.1885
Etot9441 = 2.3364
cput9441 = 9716.34
mu9442 = 3.1885
Etot9442 = 2.3363
cput9442 = 9717.36
mu9443 = 3.1884
Etot9443 = 2.3363
cput9443 = 9718.39
mu9444 = 3.1883
Etot9444 = 2.3363
cput9444 = 9719.41
mu9445 = 3.1883
Etot9445 = 2.3363
cput9445 = 9720.44
mu9446 = 3.1882
Etot9446 = 2.3362
cput9446 = 9721.48
mu9447 = 3.1881
Etot9447 = 2.3362
cput9447 = 9722.51
mu9448 = 3.1881
Etot9448 = 2.3362
cput9448 = 9723.54
mu9449 = 3.188
Etot9449 = 2.3362
cput9449 = 9724.57
mu9450 = 3.1879
Etot9450 = 2.3361
cput9450 = 9725.6
mu9451 = 3.1879
Etot9451 = 2.3361
cput9451 = 9726.63
mu9452 = 3.1878
Etot9452 = 2.3361
cput9452 = 9727.67
mu9453 = 3.1877
Etot9453 = 2.3361
cput9453 = 9728.71
mu9454 = 3.1877
Etot9454 = 2.336
cput9454 = 9729.74
mu9455 = 3.1876
Etot9455 = 2.336
cput9455 = 9730.78
mu9456 = 3.1875
Etot9456 = 2.336
cput9456 = 9731.82
mu9457 = 3.1875
Etot9457 = 2.336
cput9457 = 9732.85
mu9458 = 3.1874
Etot9458 = 2.3359
cput9458 = 9733.89
mu9459 = 3.1873
Etot9459 = 2.3359
cput9459 = 9734.91
mu9460 = 3.1873
Etot9460 = 2.3359
cput9460 = 9735.94
mu9461 = 3.1872
Etot9461 = 2.3359
cput9461 = 9736.96
mu9462 = 3.1871
Etot9462 = 2.3358
cput9462 = 9737.99
mu9463 = 3.1871
Etot9463 = 2.3358
cput9463 = 9739.01
mu9464 = 3.187
Etot9464 = 2.3358
cput9464 = 9740.03
mu9465 = 3.1869
Etot9465 = 2.3358
cput9465 = 9741.06
mu9466 = 3.1868
Etot9466 = 2.3357
cput9466 = 9742.09
mu9467 = 3.1868
Etot9467 = 2.3357
cput9467 = 9743.11
mu9468 = 3.1867
Etot9468 = 2.3357
cput9468 = 9744.14
mu9469 = 3.1866
Etot9469 = 2.3357
cput9469 = 9745.16
mu9470 = 3.1866
Etot9470 = 2.3356
cput9470 = 9746.19
mu9471 = 3.1865
Etot9471 = 2.3356
cput9471 = 9747.22
mu9472 = 3.1864
Etot9472 = 2.3356
cput9472 = 9748.25
mu9473 = 3.1864
Etot9473 = 2.3356
cput9473 = 9749.28
mu9474 = 3.1863
Etot9474 = 2.3355
cput9474 = 9750.32
mu9475 = 3.1862
Etot9475 = 2.3355
cput9475 = 9751.35
mu9476 = 3.1862
Etot9476 = 2.3355
cput9476 = 9752.37
mu9477 = 3.1861
Etot9477 = 2.3354
cput9477 = 9753.4
mu9478 = 3.186
Etot9478 = 2.3354
cput9478 = 9754.42
mu9479 = 3.186
Etot9479 = 2.3354
cput9479 = 9755.45
mu9480 = 3.1859
Etot9480 = 2.3354
cput9480 = 9756.48
mu9481 = 3.1858
Etot9481 = 2.3353
cput9481 = 9757.5
mu9482 = 3.1858
Etot9482 = 2.3353
cput9482 = 9758.53
mu9483 = 3.1857
Etot9483 = 2.3353
cput9483 = 9759.56
mu9484 = 3.1856
Etot9484 = 2.3353
cput9484 = 9760.58
mu9485 = 3.1856
Etot9485 = 2.3352
cput9485 = 9761.6
mu9486 = 3.1855
Etot9486 = 2.3352
cput9486 = 9762.63
mu9487 = 3.1854
Etot9487 = 2.3352
cput9487 = 9763.66
mu9488 = 3.1854
Etot9488 = 2.3352
cput9488 = 9764.69
mu9489 = 3.1853
Etot9489 = 2.3351
cput9489 = 9765.72
mu9490 = 3.1852
Etot9490 = 2.3351
cput9490 = 9766.74
mu9491 = 3.1852
Etot9491 = 2.3351
cput9491 = 9767.77
mu9492 = 3.1851
Etot9492 = 2.3351
cput9492 = 9768.8
mu9493 = 3.185
Etot9493 = 2.335
cput9493 = 9769.83
mu9494 = 3.185
Etot9494 = 2.335
cput9494 = 9770.87
mu9495 = 3.1849
Etot9495 = 2.335
cput9495 = 9771.89
mu9496 = 3.1848
Etot9496 = 2.335
cput9496 = 9772.92
mu9497 = 3.1848
Etot9497 = 2.3349
cput9497 = 9773.95
mu9498 = 3.1847
Etot9498 = 2.3349
cput9498 = 9774.99
mu9499 = 3.1846
Etot9499 = 2.3349
cput9499 = 9776.03
mu9500 = 3.1846
Etot9500 = 2.3349
cput9500 = 9777.06
mu9501 = 3.1845
Etot9501 = 2.3348
cput9501 = 9778.09
mu9502 = 3.1844
Etot9502 = 2.3348
cput9502 = 9779.13
mu9503 = 3.1844
Etot9503 = 2.3348
cput9503 = 9780.16
mu9504 = 3.1843
Etot9504 = 2.3348
cput9504 = 9781.18
mu9505 = 3.1842
Etot9505 = 2.3347
cput9505 = 9782.2
mu9506 = 3.1842
Etot9506 = 2.3347
cput9506 = 9783.21
mu9507 = 3.1841
Etot9507 = 2.3347
cput9507 = 9784.23
mu9508 = 3.184
Etot9508 = 2.3347
cput9508 = 9785.27
mu9509 = 3.184
Etot9509 = 2.3346
cput9509 = 9786.29
mu9510 = 3.1839
Etot9510 = 2.3346
cput9510 = 9787.32
mu9511 = 3.1839
Etot9511 = 2.3346
cput9511 = 9788.34
mu9512 = 3.1838
Etot9512 = 2.3346
cput9512 = 9789.36
mu9513 = 3.1837
Etot9513 = 2.3345
cput9513 = 9790.37
mu9514 = 3.1837
Etot9514 = 2.3345
cput9514 = 9791.39
mu9515 = 3.1836
Etot9515 = 2.3345
cput9515 = 9792.41
mu9516 = 3.1835
Etot9516 = 2.3345
cput9516 = 9793.44
mu9517 = 3.1835
Etot9517 = 2.3344
cput9517 = 9794.46
mu9518 = 3.1834
Etot9518 = 2.3344
cput9518 = 9795.46
mu9519 = 3.1833
Etot9519 = 2.3344
cput9519 = 9796.48
mu9520 = 3.1833
Etot9520 = 2.3344
cput9520 = 9797.48
mu9521 = 3.1832
Etot9521 = 2.3343
cput9521 = 9798.48
mu9522 = 3.1831
Etot9522 = 2.3343
cput9522 = 9799.48
mu9523 = 3.1831
Etot9523 = 2.3343
cput9523 = 9800.49
mu9524 = 3.183
Etot9524 = 2.3343
cput9524 = 9801.52
mu9525 = 3.1829
Etot9525 = 2.3342
cput9525 = 9802.53
mu9526 = 3.1829
Etot9526 = 2.3342
cput9526 = 9803.54
mu9527 = 3.1828
Etot9527 = 2.3342
cput9527 = 9804.55
mu9528 = 3.1827
Etot9528 = 2.3342
cput9528 = 9805.57
mu9529 = 3.1827
Etot9529 = 2.3341
cput9529 = 9806.58
mu9530 = 3.1826
Etot9530 = 2.3341
cput9530 = 9807.59
mu9531 = 3.1825
Etot9531 = 2.3341
cput9531 = 9808.6
mu9532 = 3.1825
Etot9532 = 2.3341
cput9532 = 9809.62
mu9533 = 3.1824
Etot9533 = 2.334
cput9533 = 9810.64
mu9534 = 3.1823
Etot9534 = 2.334
cput9534 = 9811.65
mu9535 = 3.1823
Etot9535 = 2.334
cput9535 = 9812.69
mu9536 = 3.1822
Etot9536 = 2.334
cput9536 = 9813.71
mu9537 = 3.1821
Etot9537 = 2.3339
cput9537 = 9814.73
mu9538 = 3.1821
Etot9538 = 2.3339
cput9538 = 9815.74
mu9539 = 3.182
Etot9539 = 2.3339
cput9539 = 9816.76
mu9540 = 3.1819
Etot9540 = 2.3339
cput9540 = 9817.78
mu9541 = 3.1819
Etot9541 = 2.3338
cput9541 = 9818.8
mu9542 = 3.1818
Etot9542 = 2.3338
cput9542 = 9819.82
mu9543 = 3.1817
Etot9543 = 2.3338
cput9543 = 9820.84
mu9544 = 3.1817
Etot9544 = 2.3338
cput9544 = 9821.87
mu9545 = 3.1816
Etot9545 = 2.3337
cput9545 = 9822.9
mu9546 = 3.1815
Etot9546 = 2.3337
cput9546 = 9823.92
mu9547 = 3.1815
Etot9547 = 2.3337
cput9547 = 9824.95
mu9548 = 3.1814
Etot9548 = 2.3337
cput9548 = 9825.98
mu9549 = 3.1813
Etot9549 = 2.3336
cput9549 = 9827
mu9550 = 3.1813
Etot9550 = 2.3336
cput9550 = 9828.02
mu9551 = 3.1812
Etot9551 = 2.3336
cput9551 = 9829.06
mu9552 = 3.1812
Etot9552 = 2.3336
cput9552 = 9830.1
mu9553 = 3.1811
Etot9553 = 2.3335
cput9553 = 9831.13
mu9554 = 3.181
Etot9554 = 2.3335
cput9554 = 9832.15
mu9555 = 3.181
Etot9555 = 2.3335
cput9555 = 9833.18
mu9556 = 3.1809
Etot9556 = 2.3335
cput9556 = 9834.21
mu9557 = 3.1808
Etot9557 = 2.3334
cput9557 = 9835.24
mu9558 = 3.1808
Etot9558 = 2.3334
cput9558 = 9836.25
mu9559 = 3.1807
Etot9559 = 2.3334
cput9559 = 9837.29
mu9560 = 3.1806
Etot9560 = 2.3334
cput9560 = 9838.32
mu9561 = 3.1806
Etot9561 = 2.3333
cput9561 = 9839.35
mu9562 = 3.1805
Etot9562 = 2.3333
cput9562 = 9840.37
mu9563 = 3.1804
Etot9563 = 2.3333
cput9563 = 9841.39
mu9564 = 3.1804
Etot9564 = 2.3333
cput9564 = 9842.41
mu9565 = 3.1803
Etot9565 = 2.3332
cput9565 = 9843.43
mu9566 = 3.1802
Etot9566 = 2.3332
cput9566 = 9844.45
mu9567 = 3.1802
Etot9567 = 2.3332
cput9567 = 9845.47
mu9568 = 3.1801
Etot9568 = 2.3332
cput9568 = 9846.48
mu9569 = 3.18
Etot9569 = 2.3331
cput9569 = 9847.49
mu9570 = 3.18
Etot9570 = 2.3331
cput9570 = 9848.51
mu9571 = 3.1799
Etot9571 = 2.3331
cput9571 = 9849.54
mu9572 = 3.1798
Etot9572 = 2.3331
cput9572 = 9850.56
mu9573 = 3.1798
Etot9573 = 2.333
cput9573 = 9851.58
mu9574 = 3.1797
Etot9574 = 2.333
cput9574 = 9852.61
mu9575 = 3.1796
Etot9575 = 2.333
cput9575 = 9853.63
mu9576 = 3.1796
Etot9576 = 2.333
cput9576 = 9854.67
mu9577 = 3.1795
Etot9577 = 2.3329
cput9577 = 9855.69
mu9578 = 3.1795
Etot9578 = 2.3329
cput9578 = 9856.72
mu9579 = 3.1794
Etot9579 = 2.3329
cput9579 = 9857.75
mu9580 = 3.1793
Etot9580 = 2.3329
cput9580 = 9858.77
mu9581 = 3.1793
Etot9581 = 2.3328
cput9581 = 9859.8
mu9582 = 3.1792
Etot9582 = 2.3328
cput9582 = 9860.83
mu9583 = 3.1791
Etot9583 = 2.3328
cput9583 = 9861.86
mu9584 = 3.1791
Etot9584 = 2.3328
cput9584 = 9862.89
mu9585 = 3.179
Etot9585 = 2.3327
cput9585 = 9863.91
mu9586 = 3.1789
Etot9586 = 2.3327
cput9586 = 9864.94
mu9587 = 3.1789
Etot9587 = 2.3327
cput9587 = 9865.97
mu9588 = 3.1788
Etot9588 = 2.3327
cput9588 = 9867
mu9589 = 3.1787
Etot9589 = 2.3326
cput9589 = 9868.03
mu9590 = 3.1787
Etot9590 = 2.3326
cput9590 = 9869.05
mu9591 = 3.1786
Etot9591 = 2.3326
cput9591 = 9870.08
mu9592 = 3.1785
Etot9592 = 2.3326
cput9592 = 9871.1
mu9593 = 3.1785
Etot9593 = 2.3325
cput9593 = 9872.12
mu9594 = 3.1784
Etot9594 = 2.3325
cput9594 = 9873.14
mu9595 = 3.1784
Etot9595 = 2.3325
cput9595 = 9874.17
mu9596 = 3.1783
Etot9596 = 2.3325
cput9596 = 9875.2
mu9597 = 3.1782
Etot9597 = 2.3324
cput9597 = 9876.22
mu9598 = 3.1782
Etot9598 = 2.3324
cput9598 = 9877.25
mu9599 = 3.1781
Etot9599 = 2.3324
cput9599 = 9878.29
mu9600 = 3.178
Etot9600 = 2.3324
cput9600 = 9879.31
mu9601 = 3.178
Etot9601 = 2.3323
cput9601 = 9880.34
mu9602 = 3.1779
Etot9602 = 2.3323
cput9602 = 9881.37
mu9603 = 3.1778
Etot9603 = 2.3323
cput9603 = 9882.4
mu9604 = 3.1778
Etot9604 = 2.3323
cput9604 = 9883.43
mu9605 = 3.1777
Etot9605 = 2.3322
cput9605 = 9884.45
mu9606 = 3.1776
Etot9606 = 2.3322
cput9606 = 9885.48
mu9607 = 3.1776
Etot9607 = 2.3322
cput9607 = 9886.5
mu9608 = 3.1775
Etot9608 = 2.3322
cput9608 = 9887.52
mu9609 = 3.1774
Etot9609 = 2.3321
cput9609 = 9888.55
mu9610 = 3.1774
Etot9610 = 2.3321
cput9610 = 9889.57
mu9611 = 3.1773
Etot9611 = 2.3321
cput9611 = 9890.58
mu9612 = 3.1773
Etot9612 = 2.3321
cput9612 = 9891.6
mu9613 = 3.1772
Etot9613 = 2.332
cput9613 = 9892.63
mu9614 = 3.1771
Etot9614 = 2.332
cput9614 = 9893.65
mu9615 = 3.1771
Etot9615 = 2.332
cput9615 = 9894.67
mu9616 = 3.177
Etot9616 = 2.332
cput9616 = 9895.7
mu9617 = 3.1769
Etot9617 = 2.3319
cput9617 = 9896.73
mu9618 = 3.1769
Etot9618 = 2.3319
cput9618 = 9897.75
mu9619 = 3.1768
Etot9619 = 2.3319
cput9619 = 9898.77
mu9620 = 3.1767
Etot9620 = 2.3319
cput9620 = 9899.8
mu9621 = 3.1767
Etot9621 = 2.3319
cput9621 = 9900.81
mu9622 = 3.1766
Etot9622 = 2.3318
cput9622 = 9901.84
mu9623 = 3.1765
Etot9623 = 2.3318
cput9623 = 9902.85
mu9624 = 3.1765
Etot9624 = 2.3318
cput9624 = 9903.86
mu9625 = 3.1764
Etot9625 = 2.3318
cput9625 = 9904.89
mu9626 = 3.1764
Etot9626 = 2.3317
cput9626 = 9905.91
mu9627 = 3.1763
Etot9627 = 2.3317
cput9627 = 9906.93
mu9628 = 3.1762
Etot9628 = 2.3317
cput9628 = 9907.95
mu9629 = 3.1762
Etot9629 = 2.3317
cput9629 = 9908.97
mu9630 = 3.1761
Etot9630 = 2.3316
cput9630 = 9909.99
mu9631 = 3.176
Etot9631 = 2.3316
cput9631 = 9911
mu9632 = 3.176
Etot9632 = 2.3316
cput9632 = 9912.01
mu9633 = 3.1759
Etot9633 = 2.3316
cput9633 = 9913.04
mu9634 = 3.1758
Etot9634 = 2.3315
cput9634 = 9914.07
mu9635 = 3.1758
Etot9635 = 2.3315
cput9635 = 9915.09
mu9636 = 3.1757
Etot9636 = 2.3315
cput9636 = 9916.12
mu9637 = 3.1757
Etot9637 = 2.3315
cput9637 = 9917.15
mu9638 = 3.1756
Etot9638 = 2.3314
cput9638 = 9918.18
mu9639 = 3.1755
Etot9639 = 2.3314
cput9639 = 9919.2
mu9640 = 3.1755
Etot9640 = 2.3314
cput9640 = 9920.21
mu9641 = 3.1754
Etot9641 = 2.3314
cput9641 = 9921.22
mu9642 = 3.1753
Etot9642 = 2.3313
cput9642 = 9922.24
mu9643 = 3.1753
Etot9643 = 2.3313
cput9643 = 9923.27
mu9644 = 3.1752
Etot9644 = 2.3313
cput9644 = 9924.29
mu9645 = 3.1751
Etot9645 = 2.3313
cput9645 = 9925.3
mu9646 = 3.1751
Etot9646 = 2.3312
cput9646 = 9926.32
mu9647 = 3.175
Etot9647 = 2.3312
cput9647 = 9927.36
mu9648 = 3.175
Etot9648 = 2.3312
cput9648 = 9928.39
mu9649 = 3.1749
Etot9649 = 2.3312
cput9649 = 9929.42
mu9650 = 3.1748
Etot9650 = 2.3311
cput9650 = 9930.46
mu9651 = 3.1748
Etot9651 = 2.3311
cput9651 = 9931.5
mu9652 = 3.1747
Etot9652 = 2.3311
cput9652 = 9932.52
mu9653 = 3.1746
Etot9653 = 2.3311
cput9653 = 9933.55
mu9654 = 3.1746
Etot9654 = 2.331
cput9654 = 9934.56
mu9655 = 3.1745
Etot9655 = 2.331
cput9655 = 9935.58
mu9656 = 3.1744
Etot9656 = 2.331
cput9656 = 9936.58
mu9657 = 3.1744
Etot9657 = 2.331
cput9657 = 9937.59
mu9658 = 3.1743
Etot9658 = 2.331
cput9658 = 9938.61
mu9659 = 3.1743
Etot9659 = 2.3309
cput9659 = 9939.62
mu9660 = 3.1742
Etot9660 = 2.3309
cput9660 = 9940.62
mu9661 = 3.1741
Etot9661 = 2.3309
cput9661 = 9941.63
mu9662 = 3.1741
Etot9662 = 2.3309
cput9662 = 9942.66
mu9663 = 3.174
Etot9663 = 2.3308
cput9663 = 9943.68
mu9664 = 3.1739
Etot9664 = 2.3308
cput9664 = 9944.7
mu9665 = 3.1739
Etot9665 = 2.3308
cput9665 = 9945.72
mu9666 = 3.1738
Etot9666 = 2.3308
cput9666 = 9946.74
mu9667 = 3.1737
Etot9667 = 2.3307
cput9667 = 9947.76
mu9668 = 3.1737
Etot9668 = 2.3307
cput9668 = 9948.77
mu9669 = 3.1736
Etot9669 = 2.3307
cput9669 = 9949.79
mu9670 = 3.1736
Etot9670 = 2.3307
cput9670 = 9950.81
mu9671 = 3.1735
Etot9671 = 2.3306
cput9671 = 9951.82
mu9672 = 3.1734
Etot9672 = 2.3306
cput9672 = 9952.86
mu9673 = 3.1734
Etot9673 = 2.3306
cput9673 = 9953.88
mu9674 = 3.1733
Etot9674 = 2.3306
cput9674 = 9954.9
mu9675 = 3.1732
Etot9675 = 2.3305
cput9675 = 9955.92
mu9676 = 3.1732
Etot9676 = 2.3305
cput9676 = 9956.95
mu9677 = 3.1731
Etot9677 = 2.3305
cput9677 = 9957.97
mu9678 = 3.173
Etot9678 = 2.3305
cput9678 = 9958.99
mu9679 = 3.173
Etot9679 = 2.3304
cput9679 = 9960.02
mu9680 = 3.1729
Etot9680 = 2.3304
cput9680 = 9961.04
mu9681 = 3.1729
Etot9681 = 2.3304
cput9681 = 9962.06
mu9682 = 3.1728
Etot9682 = 2.3304
cput9682 = 9963.08
mu9683 = 3.1727
Etot9683 = 2.3304
cput9683 = 9964.12
mu9684 = 3.1727
Etot9684 = 2.3303
cput9684 = 9965.15
mu9685 = 3.1726
Etot9685 = 2.3303
cput9685 = 9966.17
mu9686 = 3.1725
Etot9686 = 2.3303
cput9686 = 9967.18
mu9687 = 3.1725
Etot9687 = 2.3303
cput9687 = 9968.2
mu9688 = 3.1724
Etot9688 = 2.3302
cput9688 = 9969.23
mu9689 = 3.1724
Etot9689 = 2.3302
cput9689 = 9970.25
mu9690 = 3.1723
Etot9690 = 2.3302
cput9690 = 9971.26
mu9691 = 3.1722
Etot9691 = 2.3302
cput9691 = 9972.27
mu9692 = 3.1722
Etot9692 = 2.3301
cput9692 = 9973.29
mu9693 = 3.1721
Etot9693 = 2.3301
cput9693 = 9974.31
mu9694 = 3.172
Etot9694 = 2.3301
cput9694 = 9975.34
mu9695 = 3.172
Etot9695 = 2.3301
cput9695 = 9976.37
mu9696 = 3.1719
Etot9696 = 2.33
cput9696 = 9977.4
mu9697 = 3.1719
Etot9697 = 2.33
cput9697 = 9978.42
mu9698 = 3.1718
Etot9698 = 2.33
cput9698 = 9979.45
mu9699 = 3.1717
Etot9699 = 2.33
cput9699 = 9980.46
mu9700 = 3.1717
Etot9700 = 2.3299
cput9700 = 9981.5
mu9701 = 3.1716
Etot9701 = 2.3299
cput9701 = 9982.51
mu9702 = 3.1715
Etot9702 = 2.3299
cput9702 = 9983.53
mu9703 = 3.1715
Etot9703 = 2.3299
cput9703 = 9984.55
mu9704 = 3.1714
Etot9704 = 2.3299
cput9704 = 9985.56
mu9705 = 3.1714
Etot9705 = 2.3298
cput9705 = 9986.57
mu9706 = 3.1713
Etot9706 = 2.3298
cput9706 = 9987.59
mu9707 = 3.1712
Etot9707 = 2.3298
cput9707 = 9988.61
mu9708 = 3.1712
Etot9708 = 2.3298
cput9708 = 9989.62
mu9709 = 3.1711
Etot9709 = 2.3297
cput9709 = 9990.65
mu9710 = 3.171
Etot9710 = 2.3297
cput9710 = 9991.67
mu9711 = 3.171
Etot9711 = 2.3297
cput9711 = 9992.68
mu9712 = 3.1709
Etot9712 = 2.3297
cput9712 = 9993.7
mu9713 = 3.1709
Etot9713 = 2.3296
cput9713 = 9994.74
mu9714 = 3.1708
Etot9714 = 2.3296
cput9714 = 9995.76
mu9715 = 3.1707
Etot9715 = 2.3296
cput9715 = 9996.78
mu9716 = 3.1707
Etot9716 = 2.3296
cput9716 = 9997.79
mu9717 = 3.1706
Etot9717 = 2.3295
cput9717 = 9998.81
mu9718 = 3.1705
Etot9718 = 2.3295
cput9718 = 9999.83
mu9719 = 3.1705
Etot9719 = 2.3295
cput9719 = 10000.84
mu9720 = 3.1704
Etot9720 = 2.3295
cput9720 = 10001.85
mu9721 = 3.1704
Etot9721 = 2.3295
cput9721 = 10002.88
mu9722 = 3.1703
Etot9722 = 2.3294
cput9722 = 10003.89
mu9723 = 3.1702
Etot9723 = 2.3294
cput9723 = 10004.9
mu9724 = 3.1702
Etot9724 = 2.3294
cput9724 = 10005.91
mu9725 = 3.1701
Etot9725 = 2.3294
cput9725 = 10006.92
mu9726 = 3.17
Etot9726 = 2.3293
cput9726 = 10007.93
mu9727 = 3.17
Etot9727 = 2.3293
cput9727 = 10008.95
mu9728 = 3.1699
Etot9728 = 2.3293
cput9728 = 10009.98
mu9729 = 3.1699
Etot9729 = 2.3293
cput9729 = 10011.01
mu9730 = 3.1698
Etot9730 = 2.3292
cput9730 = 10012.02
mu9731 = 3.1697
Etot9731 = 2.3292
cput9731 = 10013.04
mu9732 = 3.1697
Etot9732 = 2.3292
cput9732 = 10014.07
mu9733 = 3.1696
Etot9733 = 2.3292
cput9733 = 10015.09
mu9734 = 3.1695
Etot9734 = 2.3291
cput9734 = 10016.1
mu9735 = 3.1695
Etot9735 = 2.3291
cput9735 = 10017.11
mu9736 = 3.1694
Etot9736 = 2.3291
cput9736 = 10018.13
mu9737 = 3.1694
Etot9737 = 2.3291
cput9737 = 10019.15
mu9738 = 3.1693
Etot9738 = 2.3291
cput9738 = 10020.17
mu9739 = 3.1692
Etot9739 = 2.329
cput9739 = 10021.18
mu9740 = 3.1692
Etot9740 = 2.329
cput9740 = 10022.21
mu9741 = 3.1691
Etot9741 = 2.329
cput9741 = 10023.22
mu9742 = 3.169
Etot9742 = 2.329
cput9742 = 10024.23
mu9743 = 3.169
Etot9743 = 2.3289
cput9743 = 10025.26
mu9744 = 3.1689
Etot9744 = 2.3289
cput9744 = 10026.29
mu9745 = 3.1689
Etot9745 = 2.3289
cput9745 = 10027.33
mu9746 = 3.1688
Etot9746 = 2.3289
cput9746 = 10028.36
mu9747 = 3.1687
Etot9747 = 2.3288
cput9747 = 10029.39
mu9748 = 3.1687
Etot9748 = 2.3288
cput9748 = 10030.42
mu9749 = 3.1686
Etot9749 = 2.3288
cput9749 = 10031.45
mu9750 = 3.1686
Etot9750 = 2.3288
cput9750 = 10032.46
mu9751 = 3.1685
Etot9751 = 2.3287
cput9751 = 10033.49
mu9752 = 3.1684
Etot9752 = 2.3287
cput9752 = 10034.52
mu9753 = 3.1684
Etot9753 = 2.3287
cput9753 = 10035.54
mu9754 = 3.1683
Etot9754 = 2.3287
cput9754 = 10036.56
mu9755 = 3.1682
Etot9755 = 2.3287
cput9755 = 10037.59
mu9756 = 3.1682
Etot9756 = 2.3286
cput9756 = 10038.62
mu9757 = 3.1681
Etot9757 = 2.3286
cput9757 = 10039.65
mu9758 = 3.1681
Etot9758 = 2.3286
cput9758 = 10040.67
mu9759 = 3.168
Etot9759 = 2.3286
cput9759 = 10041.69
mu9760 = 3.1679
Etot9760 = 2.3285
cput9760 = 10042.71
mu9761 = 3.1679
Etot9761 = 2.3285
cput9761 = 10043.72
mu9762 = 3.1678
Etot9762 = 2.3285
cput9762 = 10044.74
mu9763 = 3.1678
Etot9763 = 2.3285
cput9763 = 10045.77
mu9764 = 3.1677
Etot9764 = 2.3284
cput9764 = 10046.79
mu9765 = 3.1676
Etot9765 = 2.3284
cput9765 = 10047.82
mu9766 = 3.1676
Etot9766 = 2.3284
cput9766 = 10048.85
mu9767 = 3.1675
Etot9767 = 2.3284
cput9767 = 10049.86
mu9768 = 3.1674
Etot9768 = 2.3284
cput9768 = 10050.88
mu9769 = 3.1674
Etot9769 = 2.3283
cput9769 = 10051.9
mu9770 = 3.1673
Etot9770 = 2.3283
cput9770 = 10052.93
mu9771 = 3.1673
Etot9771 = 2.3283
cput9771 = 10053.95
mu9772 = 3.1672
Etot9772 = 2.3283
cput9772 = 10054.98
mu9773 = 3.1671
Etot9773 = 2.3282
cput9773 = 10056
mu9774 = 3.1671
Etot9774 = 2.3282
cput9774 = 10057.03
mu9775 = 3.167
Etot9775 = 2.3282
cput9775 = 10058.06
mu9776 = 3.167
Etot9776 = 2.3282
cput9776 = 10059.09
mu9777 = 3.1669
Etot9777 = 2.3281
cput9777 = 10060.11
mu9778 = 3.1668
Etot9778 = 2.3281
cput9778 = 10061.14
mu9779 = 3.1668
Etot9779 = 2.3281
cput9779 = 10062.17
mu9780 = 3.1667
Etot9780 = 2.3281
cput9780 = 10063.2
mu9781 = 3.1666
Etot9781 = 2.3281
cput9781 = 10064.22
mu9782 = 3.1666
Etot9782 = 2.328
cput9782 = 10065.25
mu9783 = 3.1665
Etot9783 = 2.328
cput9783 = 10066.28
mu9784 = 3.1665
Etot9784 = 2.328
cput9784 = 10067.3
mu9785 = 3.1664
Etot9785 = 2.328
cput9785 = 10068.32
mu9786 = 3.1663
Etot9786 = 2.3279
cput9786 = 10069.35
mu9787 = 3.1663
Etot9787 = 2.3279
cput9787 = 10070.37
mu9788 = 3.1662
Etot9788 = 2.3279
cput9788 = 10071.4
mu9789 = 3.1662
Etot9789 = 2.3279
cput9789 = 10072.43
mu9790 = 3.1661
Etot9790 = 2.3278
cput9790 = 10073.46
mu9791 = 3.166
Etot9791 = 2.3278
cput9791 = 10074.49
mu9792 = 3.166
Etot9792 = 2.3278
cput9792 = 10075.53
mu9793 = 3.1659
Etot9793 = 2.3278
cput9793 = 10076.56
mu9794 = 3.1659
Etot9794 = 2.3278
cput9794 = 10077.6
mu9795 = 3.1658
Etot9795 = 2.3277
cput9795 = 10078.62
mu9796 = 3.1657
Etot9796 = 2.3277
cput9796 = 10079.65
mu9797 = 3.1657
Etot9797 = 2.3277
cput9797 = 10080.67
mu9798 = 3.1656
Etot9798 = 2.3277
cput9798 = 10081.69
mu9799 = 3.1656
Etot9799 = 2.3276
cput9799 = 10082.7
mu9800 = 3.1655
Etot9800 = 2.3276
cput9800 = 10083.72
mu9801 = 3.1654
Etot9801 = 2.3276
cput9801 = 10084.73
mu9802 = 3.1654
Etot9802 = 2.3276
cput9802 = 10085.74
mu9803 = 3.1653
Etot9803 = 2.3275
cput9803 = 10086.76
mu9804 = 3.1652
Etot9804 = 2.3275
cput9804 = 10087.77
mu9805 = 3.1652
Etot9805 = 2.3275
cput9805 = 10088.79
mu9806 = 3.1651
Etot9806 = 2.3275
cput9806 = 10089.8
mu9807 = 3.1651
Etot9807 = 2.3275
cput9807 = 10090.81
mu9808 = 3.165
Etot9808 = 2.3274
cput9808 = 10091.83
mu9809 = 3.1649
Etot9809 = 2.3274
cput9809 = 10092.84
mu9810 = 3.1649
Etot9810 = 2.3274
cput9810 = 10093.85
mu9811 = 3.1648
Etot9811 = 2.3274
cput9811 = 10094.85
mu9812 = 3.1648
Etot9812 = 2.3273
cput9812 = 10095.86
mu9813 = 3.1647
Etot9813 = 2.3273
cput9813 = 10096.87
mu9814 = 3.1646
Etot9814 = 2.3273
cput9814 = 10097.88
mu9815 = 3.1646
Etot9815 = 2.3273
cput9815 = 10098.89
mu9816 = 3.1645
Etot9816 = 2.3272
cput9816 = 10099.9
mu9817 = 3.1645
Etot9817 = 2.3272
cput9817 = 10100.92
mu9818 = 3.1644
Etot9818 = 2.3272
cput9818 = 10101.93
mu9819 = 3.1643
Etot9819 = 2.3272
cput9819 = 10102.95
mu9820 = 3.1643
Etot9820 = 2.3272
cput9820 = 10103.97
mu9821 = 3.1642
Etot9821 = 2.3271
cput9821 = 10104.99
mu9822 = 3.1642
Etot9822 = 2.3271
cput9822 = 10106
mu9823 = 3.1641
Etot9823 = 2.3271
cput9823 = 10107.04
mu9824 = 3.164
Etot9824 = 2.3271
cput9824 = 10108.08
mu9825 = 3.164
Etot9825 = 2.327
cput9825 = 10109.11
mu9826 = 3.1639
Etot9826 = 2.327
cput9826 = 10110.13
mu9827 = 3.1639
Etot9827 = 2.327
cput9827 = 10111.15
mu9828 = 3.1638
Etot9828 = 2.327
cput9828 = 10112.16
mu9829 = 3.1637
Etot9829 = 2.327
cput9829 = 10113.18
mu9830 = 3.1637
Etot9830 = 2.3269
cput9830 = 10114.19
mu9831 = 3.1636
Etot9831 = 2.3269
cput9831 = 10115.21
mu9832 = 3.1636
Etot9832 = 2.3269
cput9832 = 10116.22
mu9833 = 3.1635
Etot9833 = 2.3269
cput9833 = 10117.22
mu9834 = 3.1634
Etot9834 = 2.3268
cput9834 = 10118.23
mu9835 = 3.1634
Etot9835 = 2.3268
cput9835 = 10119.24
mu9836 = 3.1633
Etot9836 = 2.3268
cput9836 = 10120.24
mu9837 = 3.1633
Etot9837 = 2.3268
cput9837 = 10121.25
mu9838 = 3.1632
Etot9838 = 2.3267
cput9838 = 10122.27
mu9839 = 3.1631
Etot9839 = 2.3267
cput9839 = 10123.28
mu9840 = 3.1631
Etot9840 = 2.3267
cput9840 = 10124.3
mu9841 = 3.163
Etot9841 = 2.3267
cput9841 = 10125.3
mu9842 = 3.163
Etot9842 = 2.3267
cput9842 = 10126.31
mu9843 = 3.1629
Etot9843 = 2.3266
cput9843 = 10127.33
mu9844 = 3.1628
Etot9844 = 2.3266
cput9844 = 10128.34
mu9845 = 3.1628
Etot9845 = 2.3266
cput9845 = 10129.35
mu9846 = 3.1627
Etot9846 = 2.3266
cput9846 = 10130.37
mu9847 = 3.1627
Etot9847 = 2.3265
cput9847 = 10131.38
mu9848 = 3.1626
Etot9848 = 2.3265
cput9848 = 10132.41
mu9849 = 3.1625
Etot9849 = 2.3265
cput9849 = 10133.44
mu9850 = 3.1625
Etot9850 = 2.3265
cput9850 = 10134.46
mu9851 = 3.1624
Etot9851 = 2.3265
cput9851 = 10135.49
mu9852 = 3.1624
Etot9852 = 2.3264
cput9852 = 10136.51
mu9853 = 3.1623
Etot9853 = 2.3264
cput9853 = 10137.54
mu9854 = 3.1622
Etot9854 = 2.3264
cput9854 = 10138.57
mu9855 = 3.1622
Etot9855 = 2.3264
cput9855 = 10139.6
mu9856 = 3.1621
Etot9856 = 2.3263
cput9856 = 10140.63
mu9857 = 3.1621
Etot9857 = 2.3263
cput9857 = 10141.65
mu9858 = 3.162
Etot9858 = 2.3263
cput9858 = 10142.68
mu9859 = 3.1619
Etot9859 = 2.3263
cput9859 = 10143.71
mu9860 = 3.1619
Etot9860 = 2.3263
cput9860 = 10144.74
mu9861 = 3.1618
Etot9861 = 2.3262
cput9861 = 10145.76
mu9862 = 3.1618
Etot9862 = 2.3262
cput9862 = 10146.8
mu9863 = 3.1617
Etot9863 = 2.3262
cput9863 = 10147.83
mu9864 = 3.1616
Etot9864 = 2.3262
cput9864 = 10148.85
mu9865 = 3.1616
Etot9865 = 2.3261
cput9865 = 10149.88
mu9866 = 3.1615
Etot9866 = 2.3261
cput9866 = 10150.91
mu9867 = 3.1615
Etot9867 = 2.3261
cput9867 = 10151.94
mu9868 = 3.1614
Etot9868 = 2.3261
cput9868 = 10152.97
mu9869 = 3.1613
Etot9869 = 2.3261
cput9869 = 10154
mu9870 = 3.1613
Etot9870 = 2.326
cput9870 = 10155.02
mu9871 = 3.1612
Etot9871 = 2.326
cput9871 = 10156.05
mu9872 = 3.1612
Etot9872 = 2.326
cput9872 = 10157.08
mu9873 = 3.1611
Etot9873 = 2.326
cput9873 = 10158.11
mu9874 = 3.161
Etot9874 = 2.3259
cput9874 = 10159.13
mu9875 = 3.161
Etot9875 = 2.3259
cput9875 = 10160.15
mu9876 = 3.1609
Etot9876 = 2.3259
cput9876 = 10161.17
mu9877 = 3.1609
Etot9877 = 2.3259
cput9877 = 10162.2
mu9878 = 3.1608
Etot9878 = 2.3259
cput9878 = 10163.23
mu9879 = 3.1607
Etot9879 = 2.3258
cput9879 = 10164.26
mu9880 = 3.1607
Etot9880 = 2.3258
cput9880 = 10165.29
mu9881 = 3.1606
Etot9881 = 2.3258
cput9881 = 10166.32
mu9882 = 3.1606
Etot9882 = 2.3258
cput9882 = 10167.35
mu9883 = 3.1605
Etot9883 = 2.3257
cput9883 = 10168.38
mu9884 = 3.1605
Etot9884 = 2.3257
cput9884 = 10169.41
mu9885 = 3.1604
Etot9885 = 2.3257
cput9885 = 10170.43
mu9886 = 3.1603
Etot9886 = 2.3257
cput9886 = 10171.45
mu9887 = 3.1603
Etot9887 = 2.3257
cput9887 = 10172.48
mu9888 = 3.1602
Etot9888 = 2.3256
cput9888 = 10173.51
mu9889 = 3.1602
Etot9889 = 2.3256
cput9889 = 10174.53
mu9890 = 3.1601
Etot9890 = 2.3256
cput9890 = 10175.55
mu9891 = 3.16
Etot9891 = 2.3256
cput9891 = 10176.57
mu9892 = 3.16
Etot9892 = 2.3255
cput9892 = 10177.59
mu9893 = 3.1599
Etot9893 = 2.3255
cput9893 = 10178.62
mu9894 = 3.1599
Etot9894 = 2.3255
cput9894 = 10179.65
mu9895 = 3.1598
Etot9895 = 2.3255
cput9895 = 10180.68
mu9896 = 3.1597
Etot9896 = 2.3255
cput9896 = 10181.71
mu9897 = 3.1597
Etot9897 = 2.3254
cput9897 = 10182.74
mu9898 = 3.1596
Etot9898 = 2.3254
cput9898 = 10183.77
mu9899 = 3.1596
Etot9899 = 2.3254
cput9899 = 10184.79
mu9900 = 3.1595
Etot9900 = 2.3254
cput9900 = 10185.81
mu9901 = 3.1595
Etot9901 = 2.3253
cput9901 = 10186.83
mu9902 = 3.1594
Etot9902 = 2.3253
cput9902 = 10187.86
mu9903 = 3.1593
Etot9903 = 2.3253
cput9903 = 10188.88
mu9904 = 3.1593
Etot9904 = 2.3253
cput9904 = 10189.91
mu9905 = 3.1592
Etot9905 = 2.3253
cput9905 = 10190.93
mu9906 = 3.1592
Etot9906 = 2.3252
cput9906 = 10191.96
mu9907 = 3.1591
Etot9907 = 2.3252
cput9907 = 10192.99
mu9908 = 3.159
Etot9908 = 2.3252
cput9908 = 10194.01
mu9909 = 3.159
Etot9909 = 2.3252
cput9909 = 10195.03
mu9910 = 3.1589
Etot9910 = 2.3251
cput9910 = 10196.06
mu9911 = 3.1589
Etot9911 = 2.3251
cput9911 = 10197.08
mu9912 = 3.1588
Etot9912 = 2.3251
cput9912 = 10198.1
mu9913 = 3.1587
Etot9913 = 2.3251
cput9913 = 10199.11
mu9914 = 3.1587
Etot9914 = 2.3251
cput9914 = 10200.13
mu9915 = 3.1586
Etot9915 = 2.325
cput9915 = 10201.16
mu9916 = 3.1586
Etot9916 = 2.325
cput9916 = 10202.19
mu9917 = 3.1585
Etot9917 = 2.325
cput9917 = 10203.22
mu9918 = 3.1585
Etot9918 = 2.325
cput9918 = 10204.25
mu9919 = 3.1584
Etot9919 = 2.3249
cput9919 = 10205.28
mu9920 = 3.1583
Etot9920 = 2.3249
cput9920 = 10206.3
mu9921 = 3.1583
Etot9921 = 2.3249
cput9921 = 10207.33
mu9922 = 3.1582
Etot9922 = 2.3249
cput9922 = 10208.36
mu9923 = 3.1582
Etot9923 = 2.3249
cput9923 = 10209.38
mu9924 = 3.1581
Etot9924 = 2.3248
cput9924 = 10210.42
mu9925 = 3.158
Etot9925 = 2.3248
cput9925 = 10211.45
mu9926 = 3.158
Etot9926 = 2.3248
cput9926 = 10212.49
mu9927 = 3.1579
Etot9927 = 2.3248
cput9927 = 10213.51
mu9928 = 3.1579
Etot9928 = 2.3247
cput9928 = 10214.54
mu9929 = 3.1578
Etot9929 = 2.3247
cput9929 = 10215.56
mu9930 = 3.1578
Etot9930 = 2.3247
cput9930 = 10216.59
mu9931 = 3.1577
Etot9931 = 2.3247
cput9931 = 10217.62
mu9932 = 3.1576
Etot9932 = 2.3247
cput9932 = 10218.65
mu9933 = 3.1576
Etot9933 = 2.3246
cput9933 = 10219.68
mu9934 = 3.1575
Etot9934 = 2.3246
cput9934 = 10220.71
mu9935 = 3.1575
Etot9935 = 2.3246
cput9935 = 10221.75
mu9936 = 3.1574
Etot9936 = 2.3246
cput9936 = 10222.78
mu9937 = 3.1573
Etot9937 = 2.3246
cput9937 = 10223.81
mu9938 = 3.1573
Etot9938 = 2.3245
cput9938 = 10224.83
mu9939 = 3.1572
Etot9939 = 2.3245
cput9939 = 10225.86
mu9940 = 3.1572
Etot9940 = 2.3245
cput9940 = 10226.9
mu9941 = 3.1571
Etot9941 = 2.3245
cput9941 = 10227.92
mu9942 = 3.1571
Etot9942 = 2.3244
cput9942 = 10228.95
mu9943 = 3.157
Etot9943 = 2.3244
cput9943 = 10229.97
mu9944 = 3.1569
Etot9944 = 2.3244
cput9944 = 10230.99
mu9945 = 3.1569
Etot9945 = 2.3244
cput9945 = 10232.01
mu9946 = 3.1568
Etot9946 = 2.3244
cput9946 = 10233.04
mu9947 = 3.1568
Etot9947 = 2.3243
cput9947 = 10234.06
mu9948 = 3.1567
Etot9948 = 2.3243
cput9948 = 10235.09
mu9949 = 3.1566
Etot9949 = 2.3243
cput9949 = 10236.11
mu9950 = 3.1566
Etot9950 = 2.3243
cput9950 = 10237.15
mu9951 = 3.1565
Etot9951 = 2.3242
cput9951 = 10238.18
mu9952 = 3.1565
Etot9952 = 2.3242
cput9952 = 10239.2
mu9953 = 3.1564
Etot9953 = 2.3242
cput9953 = 10240.22
mu9954 = 3.1564
Etot9954 = 2.3242
cput9954 = 10241.25
mu9955 = 3.1563
Etot9955 = 2.3242
cput9955 = 10242.28
mu9956 = 3.1562
Etot9956 = 2.3241
cput9956 = 10243.3
mu9957 = 3.1562
Etot9957 = 2.3241
cput9957 = 10244.32
mu9958 = 3.1561
Etot9958 = 2.3241
cput9958 = 10245.35
mu9959 = 3.1561
Etot9959 = 2.3241
cput9959 = 10246.37
mu9960 = 3.156
Etot9960 = 2.3241
cput9960 = 10247.4
mu9961 = 3.156
Etot9961 = 2.324
cput9961 = 10248.43
mu9962 = 3.1559
Etot9962 = 2.324
cput9962 = 10249.46
mu9963 = 3.1558
Etot9963 = 2.324
cput9963 = 10250.49
mu9964 = 3.1558
Etot9964 = 2.324
cput9964 = 10251.52
mu9965 = 3.1557
Etot9965 = 2.3239
cput9965 = 10252.55
mu9966 = 3.1557
Etot9966 = 2.3239
cput9966 = 10253.58
mu9967 = 3.1556
Etot9967 = 2.3239
cput9967 = 10254.61
mu9968 = 3.1556
Etot9968 = 2.3239
cput9968 = 10255.65
mu9969 = 3.1555
Etot9969 = 2.3239
cput9969 = 10256.68
mu9970 = 3.1554
Etot9970 = 2.3238
cput9970 = 10257.71
mu9971 = 3.1554
Etot9971 = 2.3238
cput9971 = 10258.73
mu9972 = 3.1553
Etot9972 = 2.3238
cput9972 = 10259.77
mu9973 = 3.1553
Etot9973 = 2.3238
cput9973 = 10260.77
mu9974 = 3.1552
Etot9974 = 2.3237
cput9974 = 10261.77
mu9975 = 3.1551
Etot9975 = 2.3237
cput9975 = 10262.8
mu9976 = 3.1551
Etot9976 = 2.3237
cput9976 = 10263.83
mu9977 = 3.155
Etot9977 = 2.3237
cput9977 = 10264.85
mu9978 = 3.155
Etot9978 = 2.3237
cput9978 = 10265.87
mu9979 = 3.1549
Etot9979 = 2.3236
cput9979 = 10266.89
mu9980 = 3.1549
Etot9980 = 2.3236
cput9980 = 10267.91
mu9981 = 3.1548
Etot9981 = 2.3236
cput9981 = 10268.93
mu9982 = 3.1547
Etot9982 = 2.3236
cput9982 = 10269.96
mu9983 = 3.1547
Etot9983 = 2.3236
cput9983 = 10270.97
mu9984 = 3.1546
Etot9984 = 2.3235
cput9984 = 10271.98
mu9985 = 3.1546
Etot9985 = 2.3235
cput9985 = 10273
mu9986 = 3.1545
Etot9986 = 2.3235
cput9986 = 10274.02
mu9987 = 3.1545
Etot9987 = 2.3235
cput9987 = 10275.04
mu9988 = 3.1544
Etot9988 = 2.3234
cput9988 = 10276.06
mu9989 = 3.1543
Etot9989 = 2.3234
cput9989 = 10277.08
mu9990 = 3.1543
Etot9990 = 2.3234
cput9990 = 10278.1
mu9991 = 3.1542
Etot9991 = 2.3234
cput9991 = 10279.14
mu9992 = 3.1542
Etot9992 = 2.3234
cput9992 = 10280.16
mu9993 = 3.1541
Etot9993 = 2.3233
cput9993 = 10281.18
mu9994 = 3.1541
Etot9994 = 2.3233
cput9994 = 10282.21
mu9995 = 3.154
Etot9995 = 2.3233
cput9995 = 10283.22
mu9996 = 3.1539
Etot9996 = 2.3233
cput9996 = 10284.24
mu9997 = 3.1539
Etot9997 = 2.3233
cput9997 = 10285.23
mu9998 = 3.1538
Etot9998 = 2.3232
cput9998 = 10286.24
mu9999 = 3.1538
Etot9999 = 2.3232
cput9999 = 10287.26
Elapsed time is 12153.788489 seconds.

mu_real =

    3.1538

IdleTimeout has been reached.
Parallel pool using the 'Processes' profile is shutting down.
>> 